total_sessions,username_entropy,password_entropy,command_entropy,cluster_id
3.831662302829044e-05,0.0999394523427918,0.17416220250033587,0.22319314489151232,0
1.2772207676096813e-05,0.0,0.0,0.0,2
3.831662302829044e-05,0.0,0.0,0.9481083009966558,1
3.831662302829044e-05,0.0999394523427918,0.17416220250033587,0.22319314489151232,0
1.2772207676096813e-05,0.0,0.0,0.0,2
2.5544415352193626e-05,0.0,0.0,0.0,2
1.2772207676096813e-05,0.0,0.0,0.0,2
8.94054537326777e-05,0.0,0.0,0.0,2
1.2772207676096813e-05,0.0,0.0,0.0,2
1.2772207676096813e-05,0.0,0.0,0.0,2
1.2772207676096813e-05,0.0,0.0,0.0,2
1.2772207676096813e-05,0.0,0.0,0.0,2
1.2772207676096813e-05,0.0,0.0,0.0,2
5.108883070438725e-05,0.1632471508144645,0.21976823100999837,0.2049573351433958,0
1.2772207676096813e-05,0.0,0.0,0.0,2
2.5544415352193626e-05,0.10883143387630967,0.10988411550499919,0.0,2
1.2772207676096813e-05,0.0,0.0,0.0,2
1.2772207676096813e-05,0.0,0.0,0.0,2
3.831662302829044e-05,0.0999394523427918,0.17416220250033587,0.22319314489151232,0
7.663324605658088e-05,0.1724937415936649,0.21079024100200228,0.22319314489151232,0
2.5544415352193626e-05,0.10883143387630967,0.10988411550499919,0.9481083009966558,1
5.108883070438725e-05,0.0,0.0,0.9646247234928927,1
1.2772207676096813e-05,0.0,0.0,0.0,2
1.2772207676096813e-05,0.0,0.0,0.0,2
2.5544415352193626e-05,0.0,0.0,0.0,2
1.2772207676096813e-05,0.0,0.0,0.0,2
2.5544415352193626e-05,0.0,0.0,0.0,2
1.2772207676096813e-05,0.0,0.0,0.0,2
1.2772207676096813e-05,0.0,0.0,0.0,2
1.2772207676096813e-05,0.0,0.0,0.0,2
3.831662302829044e-05,0.0,0.0,0.9481083009966558,1
3.831662302829044e-05,0.0999394523427918,0.17416220250033587,0.22319314489151232,0
3.831662302829044e-05,0.0999394523427918,0.17416220250033587,0.22319314489151232,0
7.663324605658088e-05,0.1724937415936649,0.21079024100200228,0.22319314489151232,0
3.831662302829044e-05,0.0999394523427918,0.17416220250033587,0.22319314489151232,0
0.0006641547991570343,0.3587174604915394,0.4752264704332088,0.0,4
5.108883070438725e-05,0.0,0.0,0.9646247234928927,1
2.5544415352193626e-05,0.0,0.0,0.0,2
2.5544415352193626e-05,0.0,0.0,0.0,2
1.2772207676096813e-05,0.0,0.0,0.0,2
5.108883070438725e-05,0.0,0.0,0.0,2
2.5544415352193626e-05,0.0,0.0,0.0,2
2.5544415352193626e-05,0.0,0.0,0.0,2
1.2772207676096813e-05,0.0,0.0,0.0,2
2.5544415352193626e-05,0.0,0.0,0.0,2
1.2772207676096813e-05,0.0,0.0,0.0,2
1.2772207676096813e-05,0.0,0.0,0.0,2
6.386103838048407e-05,0.0999394523427918,0.17416220250033587,0.22319314489151232,0
3.831662302829044e-05,0.0,0.10988411550499919,0.22319314489151232,0
2.5544415352193626e-05,0.0,0.0,0.0,2
3.831662302829044e-05,0.10883143387630967,0.10988411550499919,0.22319314489151232,0
3.831662302829044e-05,0.0,0.0,0.9646247234928927,1
1.2772207676096813e-05,0.0,0.0,0.0,2
2.5544415352193626e-05,0.0,0.0,0.0,2
1.2772207676096813e-05,0.0,0.0,0.0,2
1.2772207676096813e-05,0.0,0.0,0.0,2
1.2772207676096813e-05,0.0,0.0,0.0,2
1.2772207676096813e-05,0.0,0.0,0.0,2
5.108883070438725e-05,0.0999394523427918,0.17416220250033587,0.22319314489151232,0
1.2772207676096813e-05,0.0,0.0,0.0,2
5.108883070438725e-05,0.0,0.0,0.0,2
3.831662302829044e-05,0.0,0.0,0.3537527650710707,0
6.386103838048407e-05,0.0999394523427918,0.17416220250033587,0.22319314489151232,0
5.108883070438725e-05,0.0999394523427918,0.17416220250033587,0.22319314489151232,0
1.2772207676096813e-05,0.0,0.0,0.0,2
6.386103838048407e-05,0.0,0.0,0.0,2
3.831662302829044e-05,0.0999394523427918,0.17416220250033587,0.22319314489151232,0
1.2772207676096813e-05,0.0,0.0,0.0,2
5.108883070438725e-05,0.0999394523427918,0.17416220250033587,0.22319314489151232,0
3.831662302829044e-05,0.0999394523427918,0.17416220250033587,0.22319314489151232,0
1.2772207676096813e-05,0.0,0.0,0.0,2
0.00016603869978925858,0.10883143387630967,0.0,0.0,2
1.2772207676096813e-05,0.0,0.0,0.0,2
1.2772207676096813e-05,0.0,0.0,0.0,2
5.108883070438725e-05,0.0999394523427918,0.17416220250033587,0.22319314489151232,0
3.831662302829044e-05,0.0999394523427918,0.17416220250033587,0.22319314489151232,0
1.2772207676096813e-05,0.0,0.0,0.0,2
3.831662302829044e-05,0.0,0.0,0.0,2
0.00037039402260680756,0.45085210188265956,0.4552130085435727,0.22319314489151232,3
1.2772207676096813e-05,0.0,0.0,0.0,2
1.2772207676096813e-05,0.0,0.0,0.0,2
2.5544415352193626e-05,0.0,0.0,0.0,2
3.831662302829044e-05,0.0999394523427918,0.17416220250033587,0.22319314489151232,0
2.5544415352193626e-05,0.0,0.0,0.0,2
1.2772207676096813e-05,0.0,0.0,0.0,2
1.2772207676096813e-05,0.0,0.0,0.0,2
1.2772207676096813e-05,0.0,0.0,0.0,2
5.108883070438725e-05,0.1724937415936649,0.10090612549700308,0.0,2
5.108883070438725e-05,0.1724937415936649,0.10090612549700308,0.0,2
7.663324605658088e-05,0.0999394523427918,0.10090612549700308,0.0,2
2.5544415352193626e-05,0.0,0.0,0.0,2
5.108883070438725e-05,0.1724937415936649,0.10090612549700308,0.0,2
2.5544415352193626e-05,0.0,0.0,0.0,2
5.108883070438725e-05,0.0,0.0,0.0,2
5.108883070438725e-05,0.0999394523427918,0.17416220250033587,0.22319314489151232,0
8.94054537326777e-05,0.1632471508144645,0.21976823100999837,0.9547339955938489,1
7.663324605658088e-05,0.1632471508144645,0.21976823100999837,0.22319314489151232,0
2.5544415352193626e-05,0.0,0.0,0.0,2
1.2772207676096813e-05,0.0,0.0,0.0,2
1.2772207676096813e-05,0.0,0.0,0.0,2
3.831662302829044e-05,0.0999394523427918,0.17416220250033587,0.22319314489151232,0
3.831662302829044e-05,0.0999394523427918,0.17416220250033587,0.22319314489151232,0
3.831662302829044e-05,0.0999394523427918,0.17416220250033587,0.22319314489151232,0
3.831662302829044e-05,0.0999394523427918,0.17416220250033587,0.22319314489151232,0
7.663324605658088e-05,0.0999394523427918,0.21079024100200228,0.22319314489151232,0
1.2772207676096813e-05,0.0,0.0,0.0,2
0.0001021776614087745,0.0,0.0,0.0,2
3.831662302829044e-05,0.0,0.0,0.0,2
5.108883070438725e-05,0.0,0.0,0.0,2
3.831662302829044e-05,0.0999394523427918,0.17416220250033587,0.22319314489151232,0
3.831662302829044e-05,0.0999394523427918,0.17416220250033587,0.22319314489151232,0
3.831662302829044e-05,0.0999394523427918,0.17416220250033587,0.22319314489151232,0
3.831662302829044e-05,0.0999394523427918,0.17416220250033587,0.22319314489151232,0
1.2772207676096813e-05,0.0,0.0,0.0,2
5.108883070438725e-05,0.0,0.10988411550499919,0.0,2
3.831662302829044e-05,0.0999394523427918,0.17416220250033587,0.22319314489151232,0
2.5544415352193626e-05,0.0,0.0,0.0,2
3.831662302829044e-05,0.0999394523427918,0.17416220250033587,0.22319314489151232,0
2.5544415352193626e-05,0.0,0.0,0.0,2
3.831662302829044e-05,0.0999394523427918,0.17416220250033587,0.22319314489151232,0
2.5544415352193626e-05,0.0,0.0,0.0,2
1.2772207676096813e-05,0.0,0.0,0.0,2
3.831662302829044e-05,0.0999394523427918,0.17416220250033587,0.22319314489151232,0
3.831662302829044e-05,0.0999394523427918,0.17416220250033587,0.22319314489151232,0
1.2772207676096813e-05,0.0,0.0,0.0,2
7.663324605658088e-05,0.1724937415936649,0.21079024100200228,0.22319314489151232,0
1.2772207676096813e-05,0.0,0.0,0.0,2
1.2772207676096813e-05,0.0,0.0,0.0,2
1.2772207676096813e-05,0.0,0.0,0.0,2
7.663324605658088e-05,0.1724937415936649,0.21079024100200228,0.22319314489151232,0
1.2772207676096813e-05,0.0,0.0,0.0,2
0.0003831662302829044,0.5340239393942542,0.5144475050278738,0.0,3
2.5544415352193626e-05,0.0,0.0,0.0,2
3.831662302829044e-05,0.0999394523427918,0.17416220250033587,0.22319314489151232,0
3.831662302829044e-05,0.0999394523427918,0.17416220250033587,0.22319314489151232,0
7.663324605658088e-05,0.1724937415936649,0.21079024100200228,0.22319314489151232,0
2.5544415352193626e-05,0.0,0.0,0.0,2
3.831662302829044e-05,0.0999394523427918,0.17416220250033587,0.22319314489151232,0
3.831662302829044e-05,0.0999394523427918,0.17416220250033587,0.22319314489151232,0
7.663324605658088e-05,0.1724937415936649,0.21079024100200228,0.22319314489151232,0
3.831662302829044e-05,0.0999394523427918,0.17416220250033587,0.22319314489151232,0
3.831662302829044e-05,0.0999394523427918,0.17416220250033587,0.22319314489151232,0
3.831662302829044e-05,0.0999394523427918,0.17416220250033587,0.22319314489151232,0
3.831662302829044e-05,0.0999394523427918,0.17416220250033587,0.22319314489151232,0
3.831662302829044e-05,0.0999394523427918,0.17416220250033587,0.22319314489151232,0
3.831662302829044e-05,0.0999394523427918,0.17416220250033587,0.22319314489151232,0
1.2772207676096813e-05,0.0,0.0,0.0,2
3.831662302829044e-05,0.0999394523427918,0.17416220250033587,0.22319314489151232,0
7.663324605658088e-05,0.1724937415936649,0.21079024100200228,0.22319314489151232,0
3.831662302829044e-05,0.0999394523427918,0.17416220250033587,0.22319314489151232,0
1.2772207676096813e-05,0.0,0.0,0.0,2
3.831662302829044e-05,0.0999394523427918,0.17416220250033587,0.22319314489151232,0
3.831662302829044e-05,0.0999394523427918,0.17416220250033587,0.22319314489151232,0
1.2772207676096813e-05,0.0,0.0,0.0,2
3.831662302829044e-05,0.0999394523427918,0.17416220250033587,0.22319314489151232,0
3.831662302829044e-05,0.0999394523427918,0.17416220250033587,0.22319314489151232,0
0.00011494986908487132,0.16656575390465303,0.23221627000044784,0.22319314489151232,0
0.00015326649211316176,0.20877088621910148,0.24741827950366868,0.22319314489151232,0
3.831662302829044e-05,0.0999394523427918,0.17416220250033587,0.22319314489151232,0
3.831662302829044e-05,0.0999394523427918,0.17416220250033587,0.22319314489151232,0
3.831662302829044e-05,0.0999394523427918,0.17416220250033587,0.22319314489151232,0
3.831662302829044e-05,0.0999394523427918,0.17416220250033587,0.22319314489151232,0
3.831662302829044e-05,0.0999394523427918,0.17416220250033587,0.22319314489151232,0
7.663324605658088e-05,0.1724937415936649,0.21079024100200228,0.22319314489151232,0
1.2772207676096813e-05,0.0,0.0,0.0,2
0.00011494986908487132,0.16656575390465303,0.23221627000044784,0.22319314489151232,0
1.2772207676096813e-05,0.0,0.0,0.0,2
3.831662302829044e-05,0.0999394523427918,0.17416220250033587,0.22319314489151232,0
7.663324605658088e-05,0.0999394523427918,0.21079024100200228,0.22319314489151232,0
3.831662302829044e-05,0.0999394523427918,0.17416220250033587,0.22319314489151232,0
3.831662302829044e-05,0.0999394523427918,0.17416220250033587,0.22319314489151232,0
3.831662302829044e-05,0.0999394523427918,0.17416220250033587,0.22319314489151232,0
1.2772207676096813e-05,0.0,0.0,0.0,2
3.831662302829044e-05,0.0999394523427918,0.17416220250033587,0.22319314489151232,0
3.831662302829044e-05,0.0999394523427918,0.17416220250033587,0.22319314489151232,0
3.831662302829044e-05,0.0999394523427918,0.17416220250033587,0.22319314489151232,0
3.831662302829044e-05,0.0999394523427918,0.17416220250033587,0.22319314489151232,0
0.0003831662302829044,0.5340239393942542,0.4823800693771737,0.0,3
0.00011494986908487132,0.21493528007190177,0.23221627000044784,0.22319314489151232,0
1.2772207676096813e-05,0.0,0.0,0.0,2
0.0003831662302829044,0.5267685104691668,0.49666549714942304,0.0,3
3.831662302829044e-05,0.0999394523427918,0.17416220250033587,0.22319314489151232,0
3.831662302829044e-05,0.0999394523427918,0.17416220250033587,0.22319314489151232,0
1.2772207676096813e-05,0.0,0.10988411550499919,0.669579434674537,1
1.2772207676096813e-05,0.0,0.0,0.0,2
3.831662302829044e-05,0.0999394523427918,0.17416220250033587,0.22319314489151232,0
3.831662302829044e-05,0.0,0.10988411550499919,0.22319314489151232,0
7.663324605658088e-05,0.1724937415936649,0.21079024100200228,0.22319314489151232,0
7.663324605658088e-05,0.1724937415936649,0.21079024100200228,0.22319314489151232,0
1.2772207676096813e-05,0.0,0.0,0.0,2
3.831662302829044e-05,0.0999394523427918,0.17416220250033587,0.22319314489151232,0
3.831662302829044e-05,0.10883143387630967,0.10988411550499919,0.22319314489151232,0
3.831662302829044e-05,0.0999394523427918,0.17416220250033587,0.22319314489151232,0
7.663324605658088e-05,0.1724937415936649,0.21079024100200228,0.22319314489151232,0
3.831662302829044e-05,0.0999394523427918,0.17416220250033587,0.22319314489151232,0
3.831662302829044e-05,0.0999394523427918,0.17416220250033587,0.22319314489151232,0
3.831662302829044e-05,0.0999394523427918,0.17416220250033587,0.22319314489151232,0
3.831662302829044e-05,0.0999394523427918,0.17416220250033587,0.22319314489151232,0
7.663324605658088e-05,0.1724937415936649,0.21079024100200228,0.22319314489151232,0
3.831662302829044e-05,0.0999394523427918,0.17416220250033587,0.22319314489151232,0
3.831662302829044e-05,0.0999394523427918,0.17416220250033587,0.22319314489151232,0
3.831662302829044e-05,0.0999394523427918,0.17416220250033587,0.22319314489151232,0
3.831662302829044e-05,0.0999394523427918,0.17416220250033587,0.22319314489151232,0
7.663324605658088e-05,0.1724937415936649,0.21079024100200228,0.22319314489151232,0
3.831662302829044e-05,0.0999394523427918,0.17416220250033587,0.22319314489151232,0
3.831662302829044e-05,0.0999394523427918,0.17416220250033587,0.22319314489151232,0
3.831662302829044e-05,0.0999394523427918,0.17416220250033587,0.22319314489151232,0
3.831662302829044e-05,0.0999394523427918,0.17416220250033587,0.22319314489151232,0
3.831662302829044e-05,0.0999394523427918,0.17416220250033587,0.22319314489151232,0
3.831662302829044e-05,0.0999394523427918,0.17416220250033587,0.22319314489151232,0
3.831662302829044e-05,0.0999394523427918,0.17416220250033587,0.22319314489151232,0
3.831662302829044e-05,0.0999394523427918,0.17416220250033587,0.22319314489151232,0
3.831662302829044e-05,0.0999394523427918,0.17416220250033587,0.22319314489151232,0
3.831662302829044e-05,0.0999394523427918,0.17416220250033587,0.22319314489151232,0
3.831662302829044e-05,0.0999394523427918,0.17416220250033587,0.22319314489151232,0
2.5544415352193626e-05,0.10883143387630967,0.10988411550499919,0.22319314489151232,0
1.2772207676096813e-05,0.0,0.0,0.0,2
0.0003831662302829044,0.5267685104691668,0.4672098000571626,0.0,3
3.831662302829044e-05,0.0999394523427918,0.17416220250033587,0.22319314489151232,0
3.831662302829044e-05,0.0999394523427918,0.17416220250033587,0.22319314489151232,0
3.831662302829044e-05,0.0999394523427918,0.17416220250033587,0.22319314489151232,0
3.831662302829044e-05,0.0999394523427918,0.17416220250033587,0.22319314489151232,0
0.0006258381761287438,0.47661828573187953,0.4377589841101463,0.22319314489151232,3
7.663324605658088e-05,0.1724937415936649,0.21079024100200228,0.22319314489151232,0
0.00015326649211316176,0.0999394523427918,0.24741827950366868,0.22319314489151232,0
3.831662302829044e-05,0.0999394523427918,0.17416220250033587,0.22319314489151232,0
7.663324605658088e-05,0.1724937415936649,0.21079024100200228,0.22319314489151232,0
3.831662302829044e-05,0.0999394523427918,0.17416220250033587,0.22319314489151232,0
3.831662302829044e-05,0.0999394523427918,0.17416220250033587,0.22319314489151232,0
3.831662302829044e-05,0.0999394523427918,0.17416220250033587,0.22319314489151232,0
3.831662302829044e-05,0.0999394523427918,0.17416220250033587,0.22319314489151232,0
7.663324605658088e-05,0.1724937415936649,0.21079024100200228,0.22319314489151232,0
3.831662302829044e-05,0.0999394523427918,0.17416220250033587,0.22319314489151232,0
3.831662302829044e-05,0.0999394523427918,0.17416220250033587,0.22319314489151232,0
3.831662302829044e-05,0.0999394523427918,0.17416220250033587,0.22319314489151232,0
3.831662302829044e-05,0.0999394523427918,0.17416220250033587,0.22319314489151232,0
1.2772207676096813e-05,0.0,0.0,0.0,2
3.831662302829044e-05,0.0999394523427918,0.17416220250033587,0.22319314489151232,0
3.831662302829044e-05,0.0999394523427918,0.17416220250033587,0.22319314489151232,0
3.831662302829044e-05,0.0999394523427918,0.17416220250033587,0.22319314489151232,0
1.2772207676096813e-05,0.0,0.0,0.0,2
3.831662302829044e-05,0.0999394523427918,0.17416220250033587,0.22319314489151232,0
1.2772207676096813e-05,0.0,0.0,0.0,2
3.831662302829044e-05,0.0999394523427918,0.17416220250033587,0.22319314489151232,0
3.831662302829044e-05,0.0999394523427918,0.17416220250033587,0.22319314489151232,0
3.831662302829044e-05,0.0999394523427918,0.17416220250033587,0.22319314489151232,0
1.2772207676096813e-05,0.0,0.0,0.0,2
3.831662302829044e-05,0.0999394523427918,0.17416220250033587,0.22319314489151232,0
3.831662302829044e-05,0.0999394523427918,0.17416220250033587,0.22319314489151232,0
0.0003831662302829044,0.5267685104691668,0.45128204057424137,0.0,3
3.831662302829044e-05,0.0999394523427918,0.17416220250033587,0.22319314489151232,0
3.831662302829044e-05,0.0999394523427918,0.17416220250033587,0.22319314489151232,0
2.5544415352193626e-05,0.0,0.10988411550499919,0.0,2
1.2772207676096813e-05,0.0,0.0,0.9481083009966558,1
3.831662302829044e-05,0.0999394523427918,0.17416220250033587,0.22319314489151232,0
0.00011494986908487132,0.21493528007190177,0.23221627000044784,0.22319314489151232,0
7.663324605658088e-05,0.0999394523427918,0.21079024100200228,0.22319314489151232,0
3.831662302829044e-05,0.0999394523427918,0.17416220250033587,0.22319314489151232,0
3.831662302829044e-05,0.0999394523427918,0.17416220250033587,0.22319314489151232,0
1.2772207676096813e-05,0.0,0.0,0.0,2
0.00011494986908487132,0.16656575390465303,0.23221627000044784,0.22319314489151232,0
0.0002809885688741299,0.22514984000439472,0.358244341804716,0.0,4
0.00011494986908487132,0.11550042002644807,0.26434152057737165,0.0,4
0.00022989973816974263,0.28901700700038213,0.33820347686055935,0.0,4
0.000204355322817549,0.22779172308416634,0.3064064121308319,0.0,4
0.00024267194584583944,0.18618632313962427,0.29326300083655854,0.0,4
1.2772207676096813e-05,0.0,0.0,0.0,2
3.831662302829044e-05,0.0999394523427918,0.17416220250033587,0.22319314489151232,0
0.00042148285331119486,0.5423928005696529,0.502321466764792,0.22319314489151232,3
0.00011494986908487132,0.0,0.0,0.0,2
1.2772207676096813e-05,0.0,0.0,0.0,2
0.00033207739957851715,0.5115555943744521,0.4334503536958732,0.0,3
3.831662302829044e-05,0.0999394523427918,0.17416220250033587,0.22319314489151232,0
3.831662302829044e-05,0.0999394523427918,0.17416220250033587,0.22319314489151232,0
0.00011494986908487132,0.21493528007190177,0.23221627000044784,0.22319314489151232,0
7.663324605658088e-05,0.1724937415936649,0.21079024100200228,0.22319314489151232,0
1.2772207676096813e-05,0.0,0.0,0.0,2
1.2772207676096813e-05,0.0,0.0,0.0,2
3.831662302829044e-05,0.0999394523427918,0.17416220250033587,0.22319314489151232,0
3.831662302829044e-05,0.0999394523427918,0.17416220250033587,0.22319314489151232,0
7.663324605658088e-05,0.0999394523427918,0.21079024100200228,0.22319314489151232,0
0.000408710645635098,0.5373552047642789,0.4819397654114852,0.22319314489151232,3
3.831662302829044e-05,0.0999394523427918,0.17416220250033587,0.22319314489151232,0
3.831662302829044e-05,0.0999394523427918,0.17416220250033587,0.22319314489151232,0
3.831662302829044e-05,0.0999394523427918,0.17416220250033587,0.22319314489151232,0
7.663324605658088e-05,0.1724937415936649,0.21079024100200228,0.22319314489151232,0
3.831662302829044e-05,0.0999394523427918,0.17416220250033587,0.22319314489151232,0
0.0003831662302829044,0.5340239393942542,0.49666549714942304,0.0,3
3.831662302829044e-05,0.0999394523427918,0.17416220250033587,0.22319314489151232,0
1.2772207676096813e-05,0.0,0.0,0.0,2
1.2772207676096813e-05,0.0,0.0,0.0,2
3.831662302829044e-05,0.0999394523427918,0.17416220250033587,0.22319314489151232,0
3.831662302829044e-05,0.0999394523427918,0.17416220250033587,0.22319314489151232,0
3.831662302829044e-05,0.0999394523427918,0.17416220250033587,0.22319314489151232,0
3.831662302829044e-05,0.0999394523427918,0.17416220250033587,0.22319314489151232,0
3.831662302829044e-05,0.0999394523427918,0.17416220250033587,0.22319314489151232,0
7.663324605658088e-05,0.0,0.0,0.9646247234928927,1
1.2772207676096813e-05,0.0,0.0,0.0,2
3.831662302829044e-05,0.0999394523427918,0.17416220250033587,0.22319314489151232,0
3.831662302829044e-05,0.0999394523427918,0.17416220250033587,0.22319314489151232,0
3.831662302829044e-05,0.0999394523427918,0.17416220250033587,0.22319314489151232,0
3.831662302829044e-05,0.0999394523427918,0.17416220250033587,0.22319314489151232,0
2.5544415352193626e-05,0.0,0.0,0.0,2
0.0003831662302829044,0.5340239393942542,0.48201428174875655,0.0,3
0.0003831662302829044,0.5340239393942542,0.49666549714942304,0.0,3
1.2772207676096813e-05,0.0,0.0,0.0,2
3.831662302829044e-05,0.0999394523427918,0.17416220250033587,0.22319314489151232,0
3.831662302829044e-05,0.0999394523427918,0.17416220250033587,0.22319314489151232,0
3.831662302829044e-05,0.0999394523427918,0.17416220250033587,0.22319314489151232,0
3.831662302829044e-05,0.0999394523427918,0.17416220250033587,0.22319314489151232,0
3.831662302829044e-05,0.0999394523427918,0.17416220250033587,0.22319314489151232,0
3.831662302829044e-05,0.0999394523427918,0.17416220250033587,0.22319314489151232,0
0.00026821636119803307,0.0,0.0,0.0,2
7.663324605658088e-05,0.0,0.0,0.0,2
0.00011494986908487132,0.21493528007190177,0.23221627000044784,0.22319314489151232,0
1.2772207676096813e-05,0.0,0.0,0.0,2
3.831662302829044e-05,0.0999394523427918,0.17416220250033587,0.22319314489151232,0
7.663324605658088e-05,0.0999394523427918,0.21079024100200228,0.22319314489151232,0
3.831662302829044e-05,0.0999394523427918,0.17416220250033587,0.22319314489151232,0
3.831662302829044e-05,0.0999394523427918,0.17416220250033587,0.22319314489151232,0
7.663324605658088e-05,0.0999394523427918,0.21079024100200228,0.22319314489151232,0
3.831662302829044e-05,0.0999394523427918,0.17416220250033587,0.22319314489151232,0
2.5544415352193626e-05,0.0,0.0,0.0,2
3.831662302829044e-05,0.0999394523427918,0.17416220250033587,0.22319314489151232,0
1.2772207676096813e-05,0.0,0.0,0.0,2
1.2772207676096813e-05,0.0,0.0,0.0,2
3.831662302829044e-05,0.0999394523427918,0.17416220250033587,0.22319314489151232,0
3.831662302829044e-05,0.0999394523427918,0.17416220250033587,0.22319314489151232,0
1.2772207676096813e-05,0.0,0.0,0.22319314489151232,0
3.831662302829044e-05,0.0999394523427918,0.17416220250033587,0.22319314489151232,0
2.5544415352193626e-05,0.10883143387630967,0.10988411550499919,0.0,2
2.5544415352193626e-05,0.0,0.0,0.0,2
3.831662302829044e-05,0.0999394523427918,0.17416220250033587,0.22319314489151232,0
0.00011494986908487132,0.16656575390465303,0.23221627000044784,0.22319314489151232,0
3.831662302829044e-05,0.0999394523427918,0.17416220250033587,0.22319314489151232,0
7.663324605658088e-05,0.1724937415936649,0.21079024100200228,0.22319314489151232,0
7.663324605658088e-05,0.1724937415936649,0.21079024100200228,0.22319314489151232,0
3.831662302829044e-05,0.0999394523427918,0.17416220250033587,0.22319314489151232,0
3.831662302829044e-05,0.0999394523427918,0.17416220250033587,0.22319314489151232,0
3.831662302829044e-05,0.0999394523427918,0.17416220250033587,0.22319314489151232,0
3.831662302829044e-05,0.0999394523427918,0.17416220250033587,0.22319314489151232,0
3.831662302829044e-05,0.0999394523427918,0.17416220250033587,0.22319314489151232,0
7.663324605658088e-05,0.0999394523427918,0.21079024100200228,0.22319314489151232,0
0.000408710645635098,0.5305532401470096,0.521949548648746,0.22319314489151232,3
3.831662302829044e-05,0.0999394523427918,0.17416220250033587,0.22319314489151232,0
3.831662302829044e-05,0.0999394523427918,0.17416220250033587,0.22319314489151232,0
3.831662302829044e-05,0.0999394523427918,0.17416220250033587,0.22319314489151232,0
7.663324605658088e-05,0.1724937415936649,0.21079024100200228,0.22319314489151232,0
3.831662302829044e-05,0.0999394523427918,0.17416220250033587,0.22319314489151232,0
3.831662302829044e-05,0.0999394523427918,0.17416220250033587,0.22319314489151232,0
3.831662302829044e-05,0.0999394523427918,0.17416220250033587,0.22319314489151232,0
3.831662302829044e-05,0.0999394523427918,0.17416220250033587,0.22319314489151232,0
3.831662302829044e-05,0.0999394523427918,0.17416220250033587,0.22319314489151232,0
3.831662302829044e-05,0.0999394523427918,0.17416220250033587,0.22319314489151232,0
3.831662302829044e-05,0.0999394523427918,0.17416220250033587,0.22319314489151232,0
3.831662302829044e-05,0.0999394523427918,0.17416220250033587,0.22319314489151232,0
1.2772207676096813e-05,0.0,0.0,0.0,2
3.831662302829044e-05,0.0999394523427918,0.17416220250033587,0.22319314489151232,0
2.5544415352193626e-05,0.0,0.0,0.0,2
7.663324605658088e-05,0.1724937415936649,0.21079024100200228,0.22319314489151232,0
7.663324605658088e-05,0.0999394523427918,0.21079024100200228,0.22319314489151232,0
3.831662302829044e-05,0.0999394523427918,0.17416220250033587,0.22319314489151232,0
3.831662302829044e-05,0.0999394523427918,0.17416220250033587,0.22319314489151232,0
1.2772207676096813e-05,0.0,0.0,0.0,2
1.2772207676096813e-05,0.0,0.0,0.0,2
0.00026821636119803307,0.2988989319348589,0.3374486898312027,0.0,4
0.0002937607765502267,0.310294679997893,0.3491640548724796,0.0,4
5.108883070438725e-05,0.0,0.0,0.0,2
0.00011494986908487132,0.08829256155737064,0.08914657913474645,0.0,2
3.831662302829044e-05,0.10883143387630967,0.10988411550499919,0.0,2
8.94054537326777e-05,0.10883143387630967,0.10988411550499919,0.0,2
8.94054537326777e-05,0.0,0.0,0.0,2
0.00034484960725461393,0.23453486757311132,0.3709483996380826,0.0,4
0.0004470272686633885,0.2535109788866997,0.35608836101625396,0.0,4
0.00022989973816974263,0.2611008005512928,0.33910772216944834,0.0,4
3.831662302829044e-05,0.0999394523427918,0.17416220250033587,0.22319314489151232,0
3.831662302829044e-05,0.0999394523427918,0.17416220250033587,0.22319314489151232,0
7.663324605658088e-05,0.0999394523427918,0.21079024100200228,0.22319314489151232,0
3.831662302829044e-05,0.0999394523427918,0.17416220250033587,0.22319314489151232,0
7.663324605658088e-05,0.1724937415936649,0.21079024100200228,0.22319314489151232,0
1.2772207676096813e-05,0.0,0.0,0.0,2
3.831662302829044e-05,0.0999394523427918,0.17416220250033587,0.22319314489151232,0
3.831662302829044e-05,0.0999394523427918,0.17416220250033587,0.22319314489151232,0
3.831662302829044e-05,0.0999394523427918,0.17416220250033587,0.22319314489151232,0
3.831662302829044e-05,0.0999394523427918,0.17416220250033587,0.22319314489151232,0
3.831662302829044e-05,0.0999394523427918,0.17416220250033587,0.22319314489151232,0
3.831662302829044e-05,0.0999394523427918,0.17416220250033587,0.22319314489151232,0
7.663324605658088e-05,0.1724937415936649,0.21079024100200228,0.22319314489151232,0
3.831662302829044e-05,0.0999394523427918,0.17416220250033587,0.22319314489151232,0
1.2772207676096813e-05,0.0,0.0,0.0,2
0.00015326649211316176,0.20877088621910148,0.24741827950366868,0.22319314489151232,0
3.831662302829044e-05,0.0999394523427918,0.17416220250033587,0.22319314489151232,0
0.00045979947633948526,0.5384655878563248,0.5314645975090039,0.22319314489151232,3
3.831662302829044e-05,0.0999394523427918,0.17416220250033587,0.22319314489151232,0
1.2772207676096813e-05,0.0,0.10988411550499919,0.7075055301421415,1
3.831662302829044e-05,0.0999394523427918,0.17416220250033587,0.22319314489151232,0
3.831662302829044e-05,0.0999394523427918,0.17416220250033587,0.22319314489151232,0
1.2772207676096813e-05,0.0,0.0,0.0,2
7.663324605658088e-05,0.1724937415936649,0.21079024100200228,0.22319314489151232,0
3.831662302829044e-05,0.0999394523427918,0.17416220250033587,0.22319314489151232,0
3.831662302829044e-05,0.0999394523427918,0.17416220250033587,0.22319314489151232,0
3.831662302829044e-05,0.0999394523427918,0.17416220250033587,0.22319314489151232,0
2.5544415352193626e-05,0.0,0.0,0.0,2
1.2772207676096813e-05,0.0,0.0,0.0,2
0.002439491666134491,0.6836462984975172,0.701299471767745,0.0,3
1.2772207676096813e-05,0.0,0.0,0.0,2
1.2772207676096813e-05,0.0,0.0,0.0,2
0.002465036081486685,0.6829691435186366,0.7031743053255434,0.0,3
1.2772207676096813e-05,0.0,0.0,0.0,2
1.2772207676096813e-05,0.0,0.0,0.0,2
1.2772207676096813e-05,0.0,0.0,0.0,2
1.2772207676096813e-05,0.0,0.0,0.0,2
1.2772207676096813e-05,0.0,0.0,0.0,2
1.2772207676096813e-05,0.0,0.0,0.0,2
2.5544415352193626e-05,0.0,0.0,0.0,2
0.0003576218149307108,0.0,0.0,0.0,2
3.831662302829044e-05,0.0999394523427918,0.17416220250033587,0.22319314489151232,0
3.831662302829044e-05,0.0999394523427918,0.17416220250033587,0.22319314489151232,0
3.831662302829044e-05,0.0999394523427918,0.17416220250033587,0.22319314489151232,0
3.831662302829044e-05,0.0999394523427918,0.17416220250033587,0.22319314489151232,0
3.831662302829044e-05,0.0999394523427918,0.17416220250033587,0.22319314489151232,0
7.663324605658088e-05,0.1724937415936649,0.21079024100200228,0.22319314489151232,0
3.831662302829044e-05,0.0999394523427918,0.17416220250033587,0.22319314489151232,0
3.831662302829044e-05,0.0999394523427918,0.17416220250033587,0.22319314489151232,0
2.5544415352193626e-05,0.0,0.0,0.0,2
2.5544415352193626e-05,0.0,0.0,0.0,2
2.5544415352193626e-05,0.0,0.0,0.0,2
2.5544415352193626e-05,0.0,0.0,0.0,2
2.5544415352193626e-05,0.0,0.0,0.0,2
2.5544415352193626e-05,0.0,0.0,0.0,2
2.5544415352193626e-05,0.0,0.0,0.0,2
2.5544415352193626e-05,0.0,0.0,0.0,2
2.5544415352193626e-05,0.0,0.0,0.0,2
2.5544415352193626e-05,0.0,0.0,0.0,2
2.5544415352193626e-05,0.0,0.0,0.0,2
2.5544415352193626e-05,0.0,0.0,0.0,2
2.5544415352193626e-05,0.0,0.0,0.0,2
2.5544415352193626e-05,0.0,0.0,0.0,2
2.5544415352193626e-05,0.0,0.0,0.0,2
2.5544415352193626e-05,0.0,0.0,0.0,2
2.5544415352193626e-05,0.0,0.0,0.0,2
2.5544415352193626e-05,0.0,0.0,0.0,2
2.5544415352193626e-05,0.0,0.0,0.0,2
2.5544415352193626e-05,0.0,0.0,0.0,2
1.2772207676096813e-05,0.0,0.0,0.0,2
7.663324605658088e-05,0.0999394523427918,0.21079024100200228,0.22319314489151232,0
1.2772207676096813e-05,0.0,0.0,0.0,2
0.00016603869978925858,0.0,0.0,0.0,2
3.831662302829044e-05,0.0999394523427918,0.17416220250033587,0.22319314489151232,0
3.831662302829044e-05,0.0999394523427918,0.17416220250033587,0.22319314489151232,0
1.2772207676096813e-05,0.0,0.0,0.0,2
0.02906954467079635,0.5770412298409293,0.7275331212423262,0.0,3
7.663324605658088e-05,0.1724937415936649,0.21079024100200228,0.22319314489151232,0
0.00026821636119803307,0.24504803084453805,0.28404631800533503,0.0,4
1.2772207676096813e-05,0.0,0.0,0.9481083009966558,1
2.5544415352193626e-05,0.0,0.10988411550499919,0.22319314489151232,0
2.5544415352193626e-05,0.10883143387630967,0.10988411550499919,0.22319314489151232,0
1.2772207676096813e-05,0.0,0.0,0.0,2
1.2772207676096813e-05,0.0,0.0,0.0,2
2.5544415352193626e-05,0.10883143387630967,0.10988411550499919,0.9481083009966558,1
2.5544415352193626e-05,0.0,0.0,0.0,2
7.663324605658088e-05,0.1724937415936649,0.21079024100200228,0.22319314489151232,0
0.00011494986908487132,0.16656575390465303,0.23221627000044784,0.22319314489151232,0
3.831662302829044e-05,0.0999394523427918,0.17416220250033587,0.22319314489151232,0
1.2772207676096813e-05,0.0,0.0,0.0,2
1.2772207676096813e-05,0.0,0.0,0.0,2
1.2772207676096813e-05,0.0,0.0,0.0,2
3.831662302829044e-05,0.0999394523427918,0.17416220250033587,0.22319314489151232,0
1.2772207676096813e-05,0.0,0.0,0.0,2
5.108883070438725e-05,0.0999394523427918,0.17416220250033587,0.22319314489151232,0
2.5544415352193626e-05,0.0,0.0,0.0,2
1.2772207676096813e-05,0.0,0.0,0.0,2
3.831662302829044e-05,0.0999394523427918,0.17416220250033587,0.22319314489151232,0
1.2772207676096813e-05,0.0,0.0,0.0,2
7.663324605658088e-05,0.0,0.0,0.0,2
2.5544415352193626e-05,0.10883143387630967,0.10988411550499919,0.0,2
2.5544415352193626e-05,0.0,0.0,0.0,2
1.2772207676096813e-05,0.0,0.0,0.0,2
1.2772207676096813e-05,0.0,0.0,0.0,2
1.2772207676096813e-05,0.0,0.0,0.0,2
0.0007280158375375183,0.29614011510505145,0.3238347406322208,0.7015308453990333,1
2.5544415352193626e-05,0.0,0.0,0.0,2
3.831662302829044e-05,0.0,0.0,0.0,2
2.5544415352193626e-05,0.0,0.0,0.0,2
1.2772207676096813e-05,0.0,0.0,0.0,2
2.5544415352193626e-05,0.0,0.0,0.0,2
1.2772207676096813e-05,0.0,0.0,0.0,2
3.831662302829044e-05,0.0999394523427918,0.17416220250033587,0.22319314489151232,0
1.2772207676096813e-05,0.0,0.0,0.0,2
2.5544415352193626e-05,0.10883143387630967,0.10988411550499919,0.0,2
3.831662302829044e-05,0.0999394523427918,0.17416220250033587,0.22319314489151232,0
3.831662302829044e-05,0.0999394523427918,0.17416220250033587,0.22319314489151232,0
2.5544415352193626e-05,0.0,0.0,0.0,2
2.5544415352193626e-05,0.0,0.0,0.0,2
1.2772207676096813e-05,0.0,0.0,0.0,2
1.2772207676096813e-05,0.0,0.0,0.0,2
1.2772207676096813e-05,0.0,0.0,0.0,2
3.831662302829044e-05,0.0999394523427918,0.17416220250033587,0.22319314489151232,0
1.2772207676096813e-05,0.0,0.0,0.0,2
1.2772207676096813e-05,0.0,0.0,0.0,2
1.2772207676096813e-05,0.0,0.0,0.0,2
1.2772207676096813e-05,0.0,0.0,0.0,2
0.0005364327223960661,0.3567073700212837,0.3601576534721691,0.0,4
0.0,0.0,0.0,0.0,2
5.108883070438725e-05,0.0999394523427918,0.17416220250033587,0.0,2
2.5544415352193626e-05,0.0,0.0,0.0,2
3.831662302829044e-05,0.0999394523427918,0.17416220250033587,0.22319314489151232,0
3.831662302829044e-05,0.0999394523427918,0.17416220250033587,0.22319314489151232,0
8.94054537326777e-05,0.1724937415936649,0.21079024100200228,0.22319314489151232,0
0.0007024714221853248,0.09458948913386007,0.32551035219256985,0.8532281328616013,1
2.5544415352193626e-05,0.0,0.0,0.0,2
2.5544415352193626e-05,0.0,0.0,0.0,2
2.5544415352193626e-05,0.0,0.0,0.0,2
2.5544415352193626e-05,0.0,0.10988411550499919,0.22319314489151232,0
1.2772207676096813e-05,0.0,0.0,0.0,2
1.2772207676096813e-05,0.0,0.0,0.0,2
3.831662302829044e-05,0.0999394523427918,0.17416220250033587,0.22319314489151232,0
1.2772207676096813e-05,0.0,0.0,0.0,2
0.00011494986908487132,0.21493528007190177,0.23221627000044784,0.22319314489151232,0
3.831662302829044e-05,0.0999394523427918,0.17416220250033587,0.22319314489151232,0
3.831662302829044e-05,0.0999394523427918,0.17416220250033587,0.22319314489151232,0
3.831662302829044e-05,0.0999394523427918,0.17416220250033587,0.22319314489151232,0
0.0004470272686633885,0.3563834438963483,0.4208277875983236,0.9540212394763731,1
3.831662302829044e-05,0.0999394523427918,0.17416220250033587,0.22319314489151232,0
3.831662302829044e-05,0.0999394523427918,0.17416220250033587,0.22319314489151232,0
7.663324605658088e-05,0.0999394523427918,0.21079024100200228,0.22319314489151232,0
3.831662302829044e-05,0.0999394523427918,0.17416220250033587,0.22319314489151232,0
7.663324605658088e-05,0.1724937415936649,0.21079024100200228,0.22319314489151232,0
3.831662302829044e-05,0.0999394523427918,0.17416220250033587,0.22319314489151232,0
3.831662302829044e-05,0.0999394523427918,0.17416220250033587,0.22319314489151232,0
7.663324605658088e-05,0.1724937415936649,0.21079024100200228,0.22319314489151232,0
0.00011494986908487132,0.21493528007190177,0.23221627000044784,0.22319314489151232,0
1.2772207676096813e-05,0.0,0.0,0.0,2
1.2772207676096813e-05,0.0,0.0,0.0,2
3.831662302829044e-05,0.0999394523427918,0.17416220250033587,0.22319314489151232,0
3.831662302829044e-05,0.0999394523427918,0.17416220250033587,0.22319314489151232,0
7.663324605658088e-05,0.1724937415936649,0.21079024100200228,0.22319314489151232,0
1.2772207676096813e-05,0.0,0.0,0.0,2
1.2772207676096813e-05,0.0,0.0,0.0,2
0.0004981160993677757,0.534043656872728,0.504653046522094,0.22319314489151232,3
5.108883070438725e-05,0.0,0.10988411550499919,0.3537527650710707,0
3.831662302829044e-05,0.0999394523427918,0.17416220250033587,0.22319314489151232,0
1.2772207676096813e-05,0.0,0.0,0.0,2
3.831662302829044e-05,0.0999394523427918,0.17416220250033587,0.22319314489151232,0
1.2772207676096813e-05,0.0,0.0,0.0,2
0.00022989973816974263,0.22999165545822,0.2566349623348921,0.22319314489151232,0
2.5544415352193626e-05,0.10883143387630967,0.10988411550499919,0.0,2
3.831662302829044e-05,0.0999394523427918,0.17416220250033587,0.22319314489151232,0
0.00042148285331119486,0.5423928005696529,0.5318062152003531,0.22319314489151232,3
3.831662302829044e-05,0.0999394523427918,0.17416220250033587,0.22319314489151232,0
0.00015326649211316176,0.24504803084453805,0.24741827950366868,0.22319314489151232,0
1.2772207676096813e-05,0.0,0.0,0.0,2
3.831662302829044e-05,0.0999394523427918,0.17416220250033587,0.22319314489151232,0
3.831662302829044e-05,0.0999394523427918,0.17416220250033587,0.22319314489151232,0
3.831662302829044e-05,0.0999394523427918,0.17416220250033587,0.22319314489151232,0
2.5544415352193626e-05,0.0,0.10988411550499919,0.0,2
1.2772207676096813e-05,0.0,0.0,0.0,2
0.00042148285331119486,0.5423928005696529,0.5156407534926706,0.22319314489151232,3
1.2772207676096813e-05,0.0,0.0,0.0,2
1.2772207676096813e-05,0.0,0.0,0.0,2
1.2772207676096813e-05,0.0,0.0,0.0,2
1.2772207676096813e-05,0.0,0.0,0.0,2
1.2772207676096813e-05,0.0,0.0,0.0,2
1.2772207676096813e-05,0.0,0.0,0.0,2
3.831662302829044e-05,0.0999394523427918,0.17416220250033587,0.22319314489151232,0
1.2772207676096813e-05,0.0,0.0,0.0,2
3.831662302829044e-05,0.0,0.0,0.9481083009966558,1
1.2772207676096813e-05,0.0,0.0,0.0,2
2.5544415352193626e-05,0.0,0.0,0.0,2
2.5544415352193626e-05,0.0,0.0,0.0,2
1.2772207676096813e-05,0.0,0.0,0.0,2
1.2772207676096813e-05,0.0,0.0,0.0,2
1.2772207676096813e-05,0.0,0.0,0.0,2
1.2772207676096813e-05,0.0,0.0,0.0,2
1.2772207676096813e-05,0.0,0.0,0.0,2
2.5544415352193626e-05,0.0,0.0,0.0,2
1.2772207676096813e-05,0.0,0.0,0.0,2
1.2772207676096813e-05,0.0,0.0,0.0,2
2.5544415352193626e-05,0.0,0.0,0.0,2
1.2772207676096813e-05,0.0,0.0,0.0,2
5.108883070438725e-05,0.0,0.0,0.9481083009966558,1
3.831662302829044e-05,0.10883143387630967,0.10988411550499919,0.22319314489151232,0
0.0001915831151414522,0.24333907078078199,0.27708825094604894,0.9750242814930774,1
2.5544415352193626e-05,0.0,0.10988411550499919,0.22319314489151232,0
1.2772207676096813e-05,0.0,0.0,0.0,2
1.2772207676096813e-05,0.0,0.0,0.0,2
2.5544415352193626e-05,0.0,0.0,0.0,2
1.2772207676096813e-05,0.0,0.0,0.0,2
1.2772207676096813e-05,0.0,0.0,0.0,2
1.2772207676096813e-05,0.0,0.0,0.0,2
1.2772207676096813e-05,0.0,0.0,0.0,2
1.2772207676096813e-05,0.0,0.0,0.0,2
1.2772207676096813e-05,0.0,0.0,0.0,2
1.2772207676096813e-05,0.0,0.0,0.0,2
1.2772207676096813e-05,0.0,0.0,0.0,2
1.2772207676096813e-05,0.0,0.0,0.0,2
0.00045979947633948526,0.4998703077749404,0.4669929600687425,0.22319314489151232,3
1.2772207676096813e-05,0.0,0.0,0.0,2
5.108883070438725e-05,0.0,0.0,0.0,2
5.108883070438725e-05,0.0999394523427918,0.17416220250033587,0.22319314489151232,0
2.5544415352193626e-05,0.0,0.0,0.0,2
1.2772207676096813e-05,0.0,0.0,0.0,2
7.663324605658088e-05,0.1724937415936649,0.21079024100200228,0.22319314489151232,0
8.94054537326777e-05,0.1632471508144645,0.21976823100999837,0.22319314489151232,0
0.00043425506098729164,0.5279858811071421,0.5026867242164169,0.22319314489151232,3
1.2772207676096813e-05,0.0,0.0,0.0,2
5.108883070438725e-05,0.0999394523427918,0.17416220250033587,0.22319314489151232,0
1.2772207676096813e-05,0.0,0.0,0.22319314489151232,0
1.2772207676096813e-05,0.0,0.0,0.0,2
1.2772207676096813e-05,0.0,0.0,0.0,2
1.2772207676096813e-05,0.0,0.0,0.0,2
1.2772207676096813e-05,0.0,0.0,0.0,2
1.2772207676096813e-05,0.0,0.0,0.0,2
1.2772207676096813e-05,0.0,0.0,0.0,2
3.831662302829044e-05,0.0999394523427918,0.17416220250033587,0.0,2
1.2772207676096813e-05,0.0,0.0,0.0,2
2.5544415352193626e-05,0.0,0.0,0.0,2
6.386103838048407e-05,0.0,0.0,0.0,2
3.831662302829044e-05,0.0,0.0,0.0,2
1.2772207676096813e-05,0.0,0.0,0.0,2
1.2772207676096813e-05,0.0,0.0,0.0,2
2.5544415352193626e-05,0.0,0.0,0.0,2
3.831662302829044e-05,0.0999394523427918,0.17416220250033587,0.22319314489151232,0
2.5544415352193626e-05,0.0,0.0,0.9481083009966558,1
1.2772207676096813e-05,0.0,0.10988411550499919,0.669579434674537,1
2.5544415352193626e-05,0.0,0.0,0.0,2
3.831662302829044e-05,0.1724937415936649,0.17416220250033587,0.0,4
3.831662302829044e-05,0.0999394523427918,0.17416220250033587,0.22319314489151232,0
1.2772207676096813e-05,0.0,0.0,0.0,2
2.5544415352193626e-05,0.0,0.10988411550499919,0.7075055301421415,1
7.663324605658088e-05,0.1724937415936649,0.21079024100200228,0.22319314489151232,0
3.831662302829044e-05,0.0999394523427918,0.17416220250033587,0.22319314489151232,0
3.831662302829044e-05,0.0999394523427918,0.17416220250033587,0.22319314489151232,0
0.00011494986908487132,0.0999394523427918,0.23221627000044784,0.22319314489151232,0
3.831662302829044e-05,0.0999394523427918,0.17416220250033587,0.22319314489151232,0
3.831662302829044e-05,0.0999394523427918,0.17416220250033587,0.22319314489151232,0
0.00011494986908487132,0.0999394523427918,0.23221627000044784,0.22319314489151232,0
7.663324605658088e-05,0.1724937415936649,0.21079024100200228,0.22319314489151232,0
1.2772207676096813e-05,0.0,0.0,0.0,2
1.2772207676096813e-05,0.0,0.0,0.0,2
1.2772207676096813e-05,0.0,0.0,0.0,2
1.2772207676096813e-05,0.0,0.0,0.0,2
1.2772207676096813e-05,0.0,0.0,0.0,2
2.5544415352193626e-05,0.0,0.0,0.0,2
2.5544415352193626e-05,0.0,0.0,0.0,2
1.2772207676096813e-05,0.0,0.0,0.0,2
2.5544415352193626e-05,0.0,0.0,0.0,2
1.2772207676096813e-05,0.0,0.0,0.0,2
7.663324605658088e-05,0.0,0.0,0.0,2
5.108883070438725e-05,0.0,0.0,0.0,2
3.831662302829044e-05,0.0,0.0,0.9646247234928927,1
1.2772207676096813e-05,0.0,0.0,0.0,2
1.2772207676096813e-05,0.0,0.0,0.0,2
3.831662302829044e-05,0.0,0.0,0.9646247234928927,1
1.2772207676096813e-05,0.0,0.0,0.0,2
1.2772207676096813e-05,0.0,0.0,0.0,2
0.0003959384379590012,0.3055284615672447,0.3084837125189059,0.0,4
1.2772207676096813e-05,0.0,0.0,0.0,2
1.2772207676096813e-05,0.0,0.0,0.0,2
1.2772207676096813e-05,0.0,0.0,0.0,2
3.831662302829044e-05,0.0,0.0,0.0,2
0.0003831662302829044,0.5340239393942542,0.5144475050278738,0.0,3
1.2772207676096813e-05,0.0,0.0,0.0,2
3.831662302829044e-05,0.0999394523427918,0.17416220250033587,0.22319314489151232,0
8.94054537326777e-05,0.1632471508144645,0.21976823100999837,0.3396839177966584,0
1.2772207676096813e-05,0.0,0.0,0.0,2
3.831662302829044e-05,0.0999394523427918,0.17416220250033587,0.22319314489151232,0
3.831662302829044e-05,0.0999394523427918,0.17416220250033587,0.0,2
1.2772207676096813e-05,0.0,0.0,0.0,2
3.831662302829044e-05,0.0999394523427918,0.17416220250033587,0.22319314489151232,0
3.831662302829044e-05,0.0999394523427918,0.17416220250033587,0.22319314489151232,0
3.831662302829044e-05,0.0999394523427918,0.17416220250033587,0.22319314489151232,0
6.386103838048407e-05,0.0,0.0,0.0,2
1.2772207676096813e-05,0.0,0.0,0.0,2
3.831662302829044e-05,0.0999394523427918,0.17416220250033587,0.22319314489151232,0
3.831662302829044e-05,0.0999394523427918,0.17416220250033587,0.22319314489151232,0
8.94054537326777e-05,0.16563361682323194,0.21118936877090597,0.22319314489151232,0
1.2772207676096813e-05,0.0,0.0,0.0,2
1.2772207676096813e-05,0.0,0.0,0.0,2
3.831662302829044e-05,0.0,0.10988411550499919,0.22319314489151232,0
2.5544415352193626e-05,0.0,0.0,0.0,2
3.831662302829044e-05,0.0,0.10988411550499919,0.22319314489151232,0
2.5544415352193626e-05,0.0,0.0,0.0,2
1.2772207676096813e-05,0.0,0.0,0.0,2
1.2772207676096813e-05,0.0,0.0,0.0,2
1.2772207676096813e-05,0.0,0.0,0.0,2
2.5544415352193626e-05,0.0,0.0,0.0,2
2.5544415352193626e-05,0.0,0.0,0.0,2
1.2772207676096813e-05,0.0,0.0,0.0,2
1.2772207676096813e-05,0.0,0.0,0.0,2
1.2772207676096813e-05,0.0,0.0,0.0,2
3.831662302829044e-05,0.0999394523427918,0.17416220250033587,0.22319314489151232,0
3.831662302829044e-05,0.10883143387630967,0.10988411550499919,0.22319314489151232,0
1.2772207676096813e-05,0.0,0.0,0.0,2
1.2772207676096813e-05,0.0,0.0,0.0,2
0.00011494986908487132,0.0,0.0,0.0,2
2.5544415352193626e-05,0.0,0.0,0.0,2
2.5544415352193626e-05,0.0,0.0,0.0,2
1.2772207676096813e-05,0.0,0.0,0.0,2
3.831662302829044e-05,0.0999394523427918,0.17416220250033587,0.22319314489151232,0
3.831662302829044e-05,0.0999394523427918,0.17416220250033587,0.22319314489151232,0
7.663324605658088e-05,0.1724937415936649,0.21079024100200228,0.22319314489151232,0
2.5544415352193626e-05,0.0,0.0,0.0,2
0.0003831662302829044,0.5340239393942542,0.4672098000571626,0.0,3
0.00011494986908487132,0.0,0.10090612549700308,0.0,2
1.2772207676096813e-05,0.0,0.0,0.0,2
3.831662302829044e-05,0.0999394523427918,0.17416220250033587,0.22319314489151232,0
5.108883070438725e-05,0.0,0.0,0.0,2
1.2772207676096813e-05,0.0,0.0,0.0,2
3.831662302829044e-05,0.0999394523427918,0.17416220250033587,0.22319314489151232,0
2.5544415352193626e-05,0.0,0.0,0.0,2
1.2772207676096813e-05,0.0,0.0,0.0,2
2.5544415352193626e-05,0.10883143387630967,0.10988411550499919,0.22319314489151232,0
1.2772207676096813e-05,0.0,0.0,0.0,2
0.0003831662302829044,0.5267685104691668,0.43237735955709544,0.0,3
1.2772207676096813e-05,0.0,0.10988411550499919,0.0,2
3.831662302829044e-05,0.0,0.0,0.0,2
1.2772207676096813e-05,0.0,0.0,0.0,2
1.2772207676096813e-05,0.0,0.0,0.0,2
1.2772207676096813e-05,0.0,0.10988411550499919,0.669579434674537,1
3.831662302829044e-05,0.0999394523427918,0.17416220250033587,0.22319314489151232,0
3.831662302829044e-05,0.10883143387630967,0.10988411550499919,0.9481083009966558,1
5.108883070438725e-05,0.0,0.0,0.9481083009966558,1
5.108883070438725e-05,0.0999394523427918,0.17416220250033587,0.22319314489151232,0
0.0003831662302829044,0.5340239393942542,0.42736640377770585,0.0,3
2.5544415352193626e-05,0.0,0.0,0.0,2
1.2772207676096813e-05,0.0,0.0,0.0,2
3.831662302829044e-05,0.0,0.0,0.0,2
2.5544415352193626e-05,0.0,0.0,0.0,2
3.831662302829044e-05,0.0999394523427918,0.17416220250033587,0.22319314489151232,0
1.2772207676096813e-05,0.0,0.0,0.0,2
2.5544415352193626e-05,0.0,0.0,0.0,2
2.5544415352193626e-05,0.0,0.0,0.0,2
7.663324605658088e-05,0.1724937415936649,0.21079024100200228,0.22319314489151232,0
7.663324605658088e-05,0.0,0.17416220250033587,0.0,2
2.5544415352193626e-05,0.0,0.0,0.0,2
3.831662302829044e-05,0.0999394523427918,0.17416220250033587,0.22319314489151232,0
1.2772207676096813e-05,0.0,0.0,0.0,2
1.2772207676096813e-05,0.0,0.10988411550499919,0.669579434674537,1
1.2772207676096813e-05,0.0,0.0,0.0,2
3.831662302829044e-05,0.0999394523427918,0.17416220250033587,0.22319314489151232,0
1.2772207676096813e-05,0.0,0.0,0.0,2
7.663324605658088e-05,0.1724937415936649,0.21079024100200228,0.22319314489151232,0
3.831662302829044e-05,0.0999394523427918,0.17416220250033587,0.22319314489151232,0
0.0001788109074653554,0.2626972677060482,0.41836782802390493,0.0,4
0.00014049428443706495,0.28987608888186417,0.3601576534721691,0.0,4
0.0001915831151414522,0.3326503257985131,0.414654002072575,0.0,4
0.00014049428443706495,0.30966362231392053,0.3801365835639871,0.0,4
0.00011494986908487132,0.2633048062391505,0.3239057126662276,0.0,4
0.00014049428443706495,0.22304480774244478,0.3601576534721691,0.0,4
0.00016603869978925858,0.2792014248409045,0.4066195454075025,0.0,4
0.00015326649211316176,0.2994637477826929,0.3756164142595011,0.0,4
0.00016603869978925858,0.2382088350388567,0.3897142968682719,0.0,4
0.0001788109074653554,0.336623156960476,0.40267009723747643,0.0,4
6.386103838048407e-05,0.25269876392427965,0.2551430149729056,0.0,4
1.2772207676096813e-05,0.0,0.0,0.0,2
0.00014049428443706495,0.27755723629305845,0.3801365835639871,0.0,4
7.663324605658088e-05,0.07074287219974153,0.28404631800533503,0.0,4
0.000204355322817549,0.2773890080525639,0.42580094758187187,0.0,4
0.00016603869978925858,0.3055323282195732,0.3897142968682719,0.0,4
0.00015326649211316176,0.19417259614757632,0.3756164142595011,0.0,4
7.663324605658088e-05,0.24504803084453805,0.28404631800533503,0.0,4
0.0001915831151414522,0.3526382162670715,0.414654002072575,0.0,4
0.00014049428443706495,0.29734476972511475,0.3801365835639871,0.0,4
0.00011494986908487132,0.28748956932277486,0.3483244050006718,0.0,4
8.94054537326777e-05,0.3055284615672447,0.3084837125189059,0.0,4
1.2772207676096813e-05,0.0,0.0,0.0,2
0.00016603869978925858,0.319007672900981,0.3897142968682719,0.0,4
0.0001788109074653554,0.2744337661740134,0.38104735605954737,0.0,4
0.00014049428443706495,0.2145880812349406,0.33263780106389546,0.0,4
8.94054537326777e-05,0.23160257231281675,0.3084837125189059,0.0,4
3.831662302829044e-05,0.0999394523427918,0.17416220250033587,0.22319314489151232,0
1.2772207676096813e-05,0.0,0.0,0.0,2
1.2772207676096813e-05,0.0,0.0,0.0,2
3.831662302829044e-05,0.0999394523427918,0.17416220250033587,0.22319314489151232,0
1.2772207676096813e-05,0.0,0.0,0.0,2
1.2772207676096813e-05,0.0,0.0,0.0,2
1.2772207676096813e-05,0.0,0.0,0.0,2
1.2772207676096813e-05,0.0,0.0,0.0,2
1.2772207676096813e-05,0.0,0.0,0.0,2
1.2772207676096813e-05,0.0,0.0,0.0,2
5.108883070438725e-05,0.0999394523427918,0.17416220250033587,0.22319314489151232,0
3.831662302829044e-05,0.0,0.0,0.0,2
2.5544415352193626e-05,0.0,0.0,0.0,2
3.831662302829044e-05,0.0999394523427918,0.17416220250033587,0.22319314489151232,0
7.663324605658088e-05,0.1724937415936649,0.21079024100200228,0.22319314489151232,0
3.831662302829044e-05,0.0999394523427918,0.17416220250033587,0.22319314489151232,0
7.663324605658088e-05,0.1724937415936649,0.21079024100200228,0.22319314489151232,0
7.663324605658088e-05,0.1724937415936649,0.21079024100200228,0.22319314489151232,0
3.831662302829044e-05,0.0999394523427918,0.17416220250033587,0.22319314489151232,0
3.831662302829044e-05,0.0999394523427918,0.17416220250033587,0.22319314489151232,0
3.831662302829044e-05,0.0999394523427918,0.17416220250033587,0.22319314489151232,0
1.2772207676096813e-05,0.0,0.0,0.0,2
3.831662302829044e-05,0.0,0.0,0.0,2
2.5544415352193626e-05,0.0,0.0,0.0,2
1.2772207676096813e-05,0.0,0.0,0.0,2
1.2772207676096813e-05,0.0,0.0,0.0,2
3.831662302829044e-05,0.0999394523427918,0.17416220250033587,0.22319314489151232,0
1.2772207676096813e-05,0.0,0.0,0.0,2
1.2772207676096813e-05,0.0,0.0,0.0,2
1.2772207676096813e-05,0.0,0.0,0.0,2
0.00011494986908487132,0.1724937415936649,0.21079024100200228,0.22319314489151232,0
1.2772207676096813e-05,0.0,0.0,0.0,2
1.2772207676096813e-05,0.0,0.0,0.0,2
1.2772207676096813e-05,0.0,0.10988411550499919,0.669579434674537,1
1.2772207676096813e-05,0.0,0.0,0.0,2
1.2772207676096813e-05,0.0,0.0,0.0,2
1.2772207676096813e-05,0.0,0.0,0.0,2
3.831662302829044e-05,0.0,0.0,0.0,2
1.2772207676096813e-05,0.0,0.0,0.0,2
0.00016603869978925858,0.30226437538154877,0.4066195454075025,0.0,4
0.0001788109074653554,0.3085629892025531,0.41836782802390493,0.0,4
0.000204355322817549,0.297486218155186,0.43953646201999674,0.0,4
0.00012772207676096814,0.30978207532248986,0.3210734842759052,0.0,4
0.00015326649211316176,0.2994637477826929,0.3756164142595011,0.0,4
1.2772207676096813e-05,0.0,0.0,0.0,2
0.0001788109074653554,0.2930156415059374,0.3653496252731188,0.0,4
0.0003576218149307108,0.5154176554715563,0.4197355538263209,0.0,3
1.2772207676096813e-05,0.0,0.0,0.0,2
0.00015326649211316176,0.0,0.0,0.0,2
1.2772207676096813e-05,0.0,0.0,0.0,2
3.831662302829044e-05,0.0999394523427918,0.17416220250033587,0.22319314489151232,0
1.2772207676096813e-05,0.0,0.0,0.0,2
1.2772207676096813e-05,0.0,0.0,0.0,2
1.2772207676096813e-05,0.0,0.0,0.0,2
1.2772207676096813e-05,0.0,0.0,0.0,2
1.2772207676096813e-05,0.0,0.0,0.0,2
2.5544415352193626e-05,0.0,0.0,0.0,2
2.5544415352193626e-05,0.0,0.0,0.0,2
1.2772207676096813e-05,0.0,0.0,0.0,2
2.5544415352193626e-05,0.0,0.0,0.0,2
1.2772207676096813e-05,0.0,0.0,0.0,2
1.2772207676096813e-05,0.0,0.0,0.0,2
1.2772207676096813e-05,0.0,0.0,0.0,2
3.831662302829044e-05,0.0999394523427918,0.17416220250033587,0.22319314489151232,0
1.2772207676096813e-05,0.0,0.0,0.0,2
1.2772207676096813e-05,0.0,0.0,0.0,2
1.2772207676096813e-05,0.0,0.0,0.0,2
1.2772207676096813e-05,0.0,0.0,0.0,2
1.2772207676096813e-05,0.0,0.0,0.0,2
1.2772207676096813e-05,0.0,0.0,0.0,2
1.2772207676096813e-05,0.0,0.0,0.0,2
2.5544415352193626e-05,0.10883143387630967,0.10988411550499919,0.0,2
3.831662302829044e-05,0.0999394523427918,0.17416220250033587,0.22319314489151232,0
3.831662302829044e-05,0.0999394523427918,0.17416220250033587,0.22319314489151232,0
0.00011494986908487132,0.21493528007190177,0.23221627000044784,0.22319314489151232,0
7.663324605658088e-05,0.1724937415936649,0.21079024100200228,0.22319314489151232,0
2.5544415352193626e-05,0.10883143387630967,0.10988411550499919,0.0,2
1.2772207676096813e-05,0.0,0.0,0.0,2
1.2772207676096813e-05,0.0,0.0,0.0,2
1.2772207676096813e-05,0.0,0.0,0.0,2
1.2772207676096813e-05,0.0,0.0,0.0,2
7.663324605658088e-05,0.1724937415936649,0.21079024100200228,0.22319314489151232,0
1.2772207676096813e-05,0.0,0.0,0.0,2
1.2772207676096813e-05,0.0,0.0,0.0,2
1.2772207676096813e-05,0.0,0.0,0.0,2
3.831662302829044e-05,0.0999394523427918,0.17416220250033587,0.22319314489151232,0
3.831662302829044e-05,0.0999394523427918,0.17416220250033587,0.22319314489151232,0
8.94054537326777e-05,0.10883143387630967,0.10988411550499919,0.9344437096946204,1
1.2772207676096813e-05,0.0,0.0,0.0,2
1.2772207676096813e-05,0.0,0.0,0.0,2
6.386103838048407e-05,0.10883143387630967,0.10988411550499919,0.9407585036897602,1
5.108883070438725e-05,0.0999394523427918,0.17416220250033587,0.22319314489151232,0
5.108883070438725e-05,0.0999394523427918,0.17416220250033587,0.22319314489151232,0
7.663324605658088e-05,0.10883143387630967,0.10988411550499919,0.22319314489151232,0
0.0001021776614087745,0.1632471508144645,0.21976823100999837,0.9378221589724379,1
3.831662302829044e-05,0.0,0.10988411550499919,0.22319314489151232,0
2.5544415352193626e-05,0.0,0.0,0.0,2
2.5544415352193626e-05,0.0,0.0,0.0,2
1.2772207676096813e-05,0.0,0.0,0.0,2
3.831662302829044e-05,0.0,0.0,0.0,2
1.2772207676096813e-05,0.0,0.0,0.0,2
1.2772207676096813e-05,0.0,0.0,0.0,2
1.2772207676096813e-05,0.0,0.0,0.0,2
1.2772207676096813e-05,0.0,0.0,0.0,2
3.831662302829044e-05,0.0,0.0,0.0,2
1.2772207676096813e-05,0.0,0.0,0.0,2
2.5544415352193626e-05,0.0,0.0,0.0,2
0.0007918768759180024,0.18820879317251782,0.32219248616953494,0.6882955613889773,1
2.5544415352193626e-05,0.0,0.0,0.0,2
3.831662302829044e-05,0.0999394523427918,0.17416220250033587,0.22319314489151232,0
1.2772207676096813e-05,0.0,0.0,0.0,2
1.2772207676096813e-05,0.0,0.0,0.0,2
5.108883070438725e-05,0.0999394523427918,0.17416220250033587,0.22319314489151232,0
1.2772207676096813e-05,0.0,0.0,0.0,2
1.2772207676096813e-05,0.0,0.0,0.0,2
1.2772207676096813e-05,0.0,0.0,0.0,2
2.5544415352193626e-05,0.0,0.0,0.0,2
0.0001021776614087745,0.0999394523427918,0.21079024100200228,0.0,4
1.2772207676096813e-05,0.0,0.0,0.0,2
1.2772207676096813e-05,0.0,0.0,0.0,2
1.2772207676096813e-05,0.0,0.0,0.0,2
7.663324605658088e-05,0.1724937415936649,0.21079024100200228,0.22319314489151232,0
2.5544415352193626e-05,0.0,0.0,0.0,2
1.2772207676096813e-05,0.0,0.0,0.0,2
1.2772207676096813e-05,0.0,0.0,0.0,2
1.2772207676096813e-05,0.0,0.0,0.0,2
1.2772207676096813e-05,0.0,0.0,0.0,2
1.2772207676096813e-05,0.0,0.0,0.0,2
2.5544415352193626e-05,0.0,0.0,0.0,2
2.5544415352193626e-05,0.0,0.0,0.0,2
2.5544415352193626e-05,0.0,0.0,0.0,2
1.2772207676096813e-05,0.0,0.0,0.0,2
2.5544415352193626e-05,0.0,0.0,0.0,2
1.2772207676096813e-05,0.0,0.0,0.0,2
0.000408710645635098,0.3988125477469387,0.41836782802390493,0.22319314489151232,3
8.94054537326777e-05,0.0999394523427918,0.17416220250033587,0.22319314489151232,0
1.2772207676096813e-05,0.0,0.0,0.0,2
0.00015326649211316176,0.20877088621910148,0.24741827950366868,0.22319314489151232,0
2.5544415352193626e-05,0.0,0.0,0.0,2
1.2772207676096813e-05,0.0,0.0,0.0,2
2.5544415352193626e-05,0.0,0.0,0.0,2
2.5544415352193626e-05,0.0,0.0,0.0,2
6.386103838048407e-05,0.0,0.0,0.0,2
7.663324605658088e-05,0.1724937415936649,0.21079024100200228,0.22319314489151232,0
0.00015326649211316176,0.0999394523427918,0.23221627000044795,0.0,4
2.5544415352193626e-05,0.0,0.0,0.0,2
2.5544415352193626e-05,0.0,0.0,0.0,2
1.2772207676096813e-05,0.0,0.0,0.0,2
2.5544415352193626e-05,0.0,0.0,0.0,2
3.831662302829044e-05,0.0,0.0,0.0,2
3.831662302829044e-05,0.0,0.0,0.0,2
3.831662302829044e-05,0.0999394523427918,0.17416220250033587,0.22319314489151232,0
3.831662302829044e-05,0.0999394523427918,0.17416220250033587,0.22319314489151232,0
0.00011494986908487132,0.21493528007190177,0.23221627000044784,0.22319314489151232,0
3.831662302829044e-05,0.0999394523427918,0.17416220250033587,0.22319314489151232,0
7.663324605658088e-05,0.1724937415936649,0.21079024100200228,0.22319314489151232,0
3.831662302829044e-05,0.0999394523427918,0.17416220250033587,0.22319314489151232,0
5.108883070438725e-05,0.0,0.0,0.0,2
1.2772207676096813e-05,0.0,0.0,0.0,2
7.663324605658088e-05,0.0999394523427918,0.21079024100200228,0.22319314489151232,0
1.2772207676096813e-05,0.0,0.0,0.0,2
2.5544415352193626e-05,0.0,0.0,0.0,2
7.663324605658088e-05,0.1724937415936649,0.21079024100200228,0.22319314489151232,0
3.831662302829044e-05,0.0999394523427918,0.17416220250033587,0.22319314489151232,0
3.831662302829044e-05,0.0,0.0,0.0,2
3.831662302829044e-05,0.0999394523427918,0.17416220250033587,0.22319314489151232,0
3.831662302829044e-05,0.0999394523427918,0.17416220250033587,0.22319314489151232,0
1.2772207676096813e-05,0.0,0.0,0.0,2
7.663324605658088e-05,0.1724937415936649,0.21079024100200228,0.22319314489151232,0
1.2772207676096813e-05,0.0,0.0,0.0,2
0.00011494986908487132,0.16656575390465303,0.23221627000044784,0.22319314489151232,0
7.663324605658088e-05,0.1724937415936649,0.21079024100200228,0.22319314489151232,0
1.2772207676096813e-05,0.0,0.0,0.0,2
1.2772207676096813e-05,0.0,0.0,0.0,2
3.831662302829044e-05,0.0999394523427918,0.17416220250033587,0.22319314489151232,0
3.831662302829044e-05,0.0999394523427918,0.17416220250033587,0.22319314489151232,0
3.831662302829044e-05,0.0999394523427918,0.17416220250033587,0.22319314489151232,0
6.386103838048407e-05,0.0,0.0,0.9646247234928927,1
1.2772207676096813e-05,0.0,0.0,0.0,2
2.5544415352193626e-05,0.0,0.0,0.0,2
1.2772207676096813e-05,0.0,0.0,0.0,2
1.2772207676096813e-05,0.0,0.0,0.0,2
1.2772207676096813e-05,0.0,0.0,0.0,2
7.663324605658088e-05,0.1724937415936649,0.21079024100200228,0.22319314489151232,0
7.663324605658088e-05,0.1724937415936649,0.21079024100200228,0.22319314489151232,0
3.831662302829044e-05,0.0999394523427918,0.17416220250033587,0.22319314489151232,0
1.2772207676096813e-05,0.0,0.10988411550499919,0.7075055301421415,1
7.663324605658088e-05,0.1724937415936649,0.21079024100200228,0.22319314489151232,0
2.5544415352193626e-05,0.0,0.0,0.0,2
8.94054537326777e-05,0.08829256155737064,0.21976823100999837,0.9378221589724379,1
3.831662302829044e-05,0.0999394523427918,0.17416220250033587,0.22319314489151232,0
3.831662302829044e-05,0.0999394523427918,0.17416220250033587,0.22319314489151232,0
1.2772207676096813e-05,0.0,0.0,0.0,2
3.831662302829044e-05,0.0,0.10988411550499919,0.22319314489151232,0
3.831662302829044e-05,0.0999394523427918,0.17416220250033587,0.22319314489151232,0
5.108883070438725e-05,0.0999394523427918,0.17416220250033587,0.0,2
2.5544415352193626e-05,0.0,0.0,0.0,2
3.831662302829044e-05,0.0999394523427918,0.17416220250033587,0.22319314489151232,0
0.00045979947633948526,0.5324193970854189,0.5253599244253928,0.22319314489151232,3
3.831662302829044e-05,0.0999394523427918,0.17416220250033587,0.22319314489151232,0
2.5544415352193626e-05,0.0,0.0,0.0,2
7.663324605658088e-05,0.0,0.10988411550499919,0.22319314489151232,0
3.831662302829044e-05,0.10883143387630967,0.10988411550499919,0.22319314489151232,0
1.2772207676096813e-05,0.0,0.0,0.0,2
2.5544415352193626e-05,0.0,0.0,0.0,2
1.2772207676096813e-05,0.0,0.0,0.0,2
3.831662302829044e-05,0.0,0.10988411550499919,0.22319314489151232,0
5.108883070438725e-05,0.0,0.0,0.0,2
0.00011494986908487132,0.21493528007190177,0.23221627000044784,0.22319314489151232,0
3.831662302829044e-05,0.0999394523427918,0.17416220250033587,0.22319314489151232,0
3.831662302829044e-05,0.0999394523427918,0.17416220250033587,0.22319314489151232,0
0.00042148285331119486,0.4448444419294092,0.3974370669679918,0.0,3
3.831662302829044e-05,0.10883143387630967,0.10988411550499919,0.0,2
3.831662302829044e-05,0.0,0.10988411550499919,0.0,2
2.5544415352193626e-05,0.0,0.0,0.0,2
2.5544415352193626e-05,0.0,0.0,0.0,2
5.108883070438725e-05,0.10883143387630967,0.10988411550499919,0.0,2
2.5544415352193626e-05,0.0,0.0,0.0,2
5.108883070438725e-05,0.1724937415936649,0.17416220250033587,0.0,4
2.5544415352193626e-05,0.0,0.0,0.0,2
2.5544415352193626e-05,0.0,0.0,0.0,2
6.386103838048407e-05,0.0,0.17416220250033587,0.0,2
3.831662302829044e-05,0.10883143387630967,0.10988411550499919,0.0,2
1.2772207676096813e-05,0.0,0.0,0.0,2
0.0001021776614087745,0.0,0.0,0.0,2
3.831662302829044e-05,0.0,0.0,0.0,2
1.2772207676096813e-05,0.0,0.0,0.0,2
1.2772207676096813e-05,0.0,0.0,0.0,2
1.2772207676096813e-05,0.0,0.0,0.0,2
2.5544415352193626e-05,0.0,0.0,0.0,2
2.5544415352193626e-05,0.0,0.0,0.0,2
1.2772207676096813e-05,0.0,0.0,0.0,2
0.00014049428443706495,0.0,0.0,0.0,2
2.5544415352193626e-05,0.0,0.0,0.0,2
3.831662302829044e-05,0.0999394523427918,0.17416220250033587,0.22319314489151232,0
3.831662302829044e-05,0.0999394523427918,0.17416220250033587,0.22319314489151232,0
1.2772207676096813e-05,0.0,0.0,0.0,2
2.5544415352193626e-05,0.0,0.0,0.0,2
5.108883070438725e-05,0.0999394523427918,0.17416220250033587,0.22319314489151232,0
1.2772207676096813e-05,0.0,0.0,0.0,2
1.2772207676096813e-05,0.0,0.0,0.0,2
1.2772207676096813e-05,0.0,0.0,0.0,2
1.2772207676096813e-05,0.0,0.0,0.0,2
0.0001021776614087745,0.0,0.0,0.0,2
1.2772207676096813e-05,0.0,0.0,0.0,2
3.831662302829044e-05,0.0999394523427918,0.17416220250033587,0.22319314489151232,0
1.2772207676096813e-05,0.0,0.0,0.0,2
1.2772207676096813e-05,0.0,0.0,0.0,2
2.5544415352193626e-05,0.0,0.0,0.0,2
0.00014049428443706495,0.0,0.0,0.0,2
5.108883070438725e-05,0.0,0.0,0.0,2
0.0002554441535219363,0.0,0.0,0.0,2
1.2772207676096813e-05,0.0,0.0,0.0,2
3.831662302829044e-05,0.0,0.0,0.0,2
1.2772207676096813e-05,0.0,0.0,0.0,2
3.831662302829044e-05,0.0999394523427918,0.17416220250033587,0.22319314489151232,0
3.831662302829044e-05,0.0999394523427918,0.17416220250033587,0.22319314489151232,0
1.2772207676096813e-05,0.0,0.0,0.0,2
0.00022989973816974263,0.2299916554582199,0.26884430850211427,0.22319314489151232,0
7.663324605658088e-05,0.0999394523427918,0.21079024100200228,0.22319314489151232,0
1.2772207676096813e-05,0.0,0.10988411550499919,0.7075055301421415,1
1.2772207676096813e-05,0.0,0.0,0.0,2
7.663324605658088e-05,0.1724937415936649,0.21079024100200228,0.22319314489151232,0
3.831662302829044e-05,0.0,0.0,0.0,2
0.0006002937607765502,0.20123009263607156,0.3741051757430192,0.0,4
1.2772207676096813e-05,0.0,0.0,0.0,2
1.2772207676096813e-05,0.0,0.0,0.0,2
1.2772207676096813e-05,0.0,0.0,0.0,2
1.2772207676096813e-05,0.0,0.0,0.0,2
1.2772207676096813e-05,0.0,0.0,0.0,2
7.663324605658088e-05,0.0,0.0,0.0,2
2.5544415352193626e-05,0.0,0.0,0.0,2
2.5544415352193626e-05,0.0,0.10988411550499919,0.6265823738807034,1
1.2772207676096813e-05,0.0,0.10988411550499919,0.669579434674537,1
2.5544415352193626e-05,0.10883143387630967,0.10988411550499919,0.0,2
1.2772207676096813e-05,0.0,0.0,0.0,2
2.5544415352193626e-05,0.0,0.0,0.0,2
3.831662302829044e-05,0.0,0.0,0.9646247234928927,1
7.663324605658088e-05,0.1724937415936649,0.17416220250033587,0.9547339955938489,1
0.00011494986908487132,0.21493528007190177,0.23221627000044784,0.22319314489151232,0
1.2772207676096813e-05,0.0,0.0,0.0,2
1.2772207676096813e-05,0.0,0.0,0.0,2
7.663324605658088e-05,0.1724937415936649,0.17416220250033587,0.22319314489151232,0
7.663324605658088e-05,0.0999394523427918,0.17416220250033587,0.9378221589724379,1
7.663324605658088e-05,0.0,0.10090612549700308,0.0,2
7.663324605658088e-05,0.1724937415936649,0.17416220250033587,0.22319314489151232,0
1.2772207676096813e-05,0.0,0.0,0.0,2
3.831662302829044e-05,0.0,0.0,0.9646247234928927,1
6.386103838048407e-05,0.0,0.0,0.9646247234928927,1
0.00012772207676096814,0.21493528007190177,0.23221627000044784,0.22319314489151232,0
1.2772207676096813e-05,0.0,0.0,0.0,2
1.2772207676096813e-05,0.0,0.0,0.0,2
1.2772207676096813e-05,0.0,0.0,0.0,2
0.0002554441535219363,0.0,0.0,0.0,2
5.108883070438725e-05,0.0999394523427918,0.17416220250033587,0.22319314489151232,0
2.5544415352193626e-05,0.0,0.0,0.0,2
1.2772207676096813e-05,0.0,0.0,0.0,2
2.5544415352193626e-05,0.0,0.0,0.0,2
5.108883070438725e-05,0.0999394523427918,0.17416220250033587,0.22319314489151232,0
1.2772207676096813e-05,0.0,0.0,0.0,2
2.5544415352193626e-05,0.0,0.0,0.0,2
3.831662302829044e-05,0.0999394523427918,0.17416220250033587,0.22319314489151232,0
6.386103838048407e-05,0.0999394523427918,0.17416220250033587,0.22319314489151232,0
1.2772207676096813e-05,0.0,0.0,0.0,2
1.2772207676096813e-05,0.0,0.0,0.0,2
3.831662302829044e-05,0.0999394523427918,0.17416220250033587,0.22319314489151232,0
3.831662302829044e-05,0.0999394523427918,0.17416220250033587,0.22319314489151232,0
3.831662302829044e-05,0.0999394523427918,0.17416220250033587,0.22319314489151232,0
7.663324605658088e-05,0.1724937415936649,0.21079024100200228,0.22319314489151232,0
1.2772207676096813e-05,0.0,0.0,0.0,2
3.831662302829044e-05,0.0999394523427918,0.17416220250033587,0.22319314489151232,0
7.663324605658088e-05,0.0999394523427918,0.21079024100200228,0.22319314489151232,0
2.5544415352193626e-05,0.0,0.0,0.0,2
3.831662302829044e-05,0.0999394523427918,0.17416220250033587,0.22319314489151232,0
2.5544415352193626e-05,0.10883143387630967,0.10988411550499919,0.0,2
1.2772207676096813e-05,0.0,0.0,0.0,2
1.2772207676096813e-05,0.0,0.0,0.0,2
1.2772207676096813e-05,0.0,0.0,0.0,2
1.2772207676096813e-05,0.0,0.0,0.0,2
2.5544415352193626e-05,0.0,0.10988411550499919,0.0,2
3.831662302829044e-05,0.0999394523427918,0.17416220250033587,0.22319314489151232,0
2.5544415352193626e-05,0.0,0.10988411550499919,0.0,2
1.2772207676096813e-05,0.0,0.0,0.0,2
1.2772207676096813e-05,0.0,0.0,0.0,2
3.831662302829044e-05,0.0999394523427918,0.17416220250033587,0.22319314489151232,0
3.831662302829044e-05,0.0999394523427918,0.17416220250033587,0.22319314489151232,0
1.2772207676096813e-05,0.0,0.10988411550499919,0.669579434674537,1
1.2772207676096813e-05,0.0,0.0,0.0,2
1.2772207676096813e-05,0.0,0.0,0.0,2
1.2772207676096813e-05,0.0,0.0,0.0,2
1.2772207676096813e-05,0.0,0.10988411550499919,0.669579434674537,1
7.663324605658088e-05,0.1724937415936649,0.21079024100200228,0.22319314489151232,0
1.2772207676096813e-05,0.0,0.0,0.0,2
1.2772207676096813e-05,0.0,0.0,0.0,2
2.5544415352193626e-05,0.0,0.0,0.0,2
3.831662302829044e-05,0.0,0.0,0.9481083009966558,1
3.831662302829044e-05,0.10883143387630967,0.10988411550499919,0.22319314489151232,0
3.831662302829044e-05,0.0999394523427918,0.17416220250033587,0.22319314489151232,0
1.2772207676096813e-05,0.0,0.0,0.0,2
1.2772207676096813e-05,0.0,0.0,0.0,2
1.2772207676096813e-05,0.0,0.0,0.0,2
8.94054537326777e-05,0.1724937415936649,0.17416220250033587,0.22319314489151232,0
1.2772207676096813e-05,0.0,0.0,0.0,2
1.2772207676096813e-05,0.0,0.0,0.0,2
1.2772207676096813e-05,0.0,0.0,0.0,2
1.2772207676096813e-05,0.0,0.0,0.0,2
1.2772207676096813e-05,0.0,0.0,0.0,2
2.5544415352193626e-05,0.0,0.0,0.0,2
5.108883070438725e-05,0.1724937415936649,0.10090612549700308,0.0,2
2.5544415352193626e-05,0.0,0.0,0.0,2
3.831662302829044e-05,0.0999394523427918,0.17416220250033587,0.22319314489151232,0
3.831662302829044e-05,0.0999394523427918,0.17416220250033587,0.22319314489151232,0
1.2772207676096813e-05,0.0,0.0,0.0,2
2.5544415352193626e-05,0.0,0.0,0.0,2
3.831662302829044e-05,0.0999394523427918,0.17416220250033587,0.22319314489151232,0
3.831662302829044e-05,0.0999394523427918,0.17416220250033587,0.22319314489151232,0
7.663324605658088e-05,0.1724937415936649,0.21079024100200228,0.22319314489151232,0
2.5544415352193626e-05,0.0,0.0,0.0,2
3.831662302829044e-05,0.0,0.0,0.0,2
5.108883070438725e-05,0.0,0.0,0.0,2
3.831662302829044e-05,0.0999394523427918,0.17416220250033587,0.22319314489151232,0
3.831662302829044e-05,0.0999394523427918,0.17416220250033587,0.22319314489151232,0
3.831662302829044e-05,0.0999394523427918,0.17416220250033587,0.22319314489151232,0
0.0003831662302829044,0.5267685104691668,0.5025612944765743,0.0,3
7.663324605658088e-05,0.1724937415936649,0.21079024100200228,0.22319314489151232,0
3.831662302829044e-05,0.0,0.0,0.0,2
3.831662302829044e-05,0.0999394523427918,0.17416220250033587,0.22319314489151232,0
0.00042148285331119486,0.5357969560923007,0.502654000972444,0.22319314489151232,3
6.386103838048407e-05,0.0999394523427918,0.17416220250033587,0.22319314489151232,0
1.2772207676096813e-05,0.0,0.0,0.0,2
1.2772207676096813e-05,0.0,0.0,0.0,2
2.5544415352193626e-05,0.0,0.0,0.0,2
0.0003831662302829044,0.0,0.0,0.0,2
1.2772207676096813e-05,0.0,0.0,0.0,2
1.2772207676096813e-05,0.0,0.0,0.0,2
3.831662302829044e-05,0.0,0.0,0.0,2
2.5544415352193626e-05,0.0,0.0,0.0,2
1.2772207676096813e-05,0.0,0.0,0.0,2
5.108883070438725e-05,0.1724937415936649,0.17416220250033587,0.22319314489151232,0
1.2772207676096813e-05,0.0,0.10988411550499919,0.669579434674537,1
1.2772207676096813e-05,0.0,0.10988411550499919,0.669579434674537,1
2.5544415352193626e-05,0.0,0.10988411550499919,0.669579434674537,1
1.2772207676096813e-05,0.0,0.0,0.0,2
1.2772207676096813e-05,0.0,0.10988411550499919,0.669579434674537,1
1.2772207676096813e-05,0.0,0.10988411550499919,0.669579434674537,1
1.2772207676096813e-05,0.0,0.0,0.0,2
1.2772207676096813e-05,0.0,0.0,0.0,2
3.831662302829044e-05,0.0,0.10988411550499919,0.22319314489151232,0
1.2772207676096813e-05,0.0,0.0,0.0,2
2.5544415352193626e-05,0.0,0.0,0.0,2
2.5544415352193626e-05,0.0,0.0,0.0,2
1.2772207676096813e-05,0.0,0.0,0.9646247234928927,1
7.663324605658088e-05,0.1724937415936649,0.17416220250033587,0.22319314489151232,0
5.108883070438725e-05,0.0,0.10988411550499919,0.22319314489151232,0
8.94054537326777e-05,0.16563361682323194,0.21118936877090597,0.22319314489151232,0
0.00034484960725461393,0.4780222031609094,0.45776560037633646,0.0,3
3.831662302829044e-05,0.1724937415936649,0.17416220250033587,0.9547339955938489,1
3.831662302829044e-05,0.0999394523427918,0.17416220250033587,0.22319314489151232,0
7.663324605658088e-05,0.0999394523427918,0.17416220250033587,0.9378221589724379,1
0.0003959384379590012,0.42519250551794463,0.39447277697317434,0.0,4
8.94054537326777e-05,0.1724937415936649,0.21079024100200228,0.22319314489151232,0
1.2772207676096813e-05,0.0,0.0,0.0,2
1.2772207676096813e-05,0.0,0.0,0.0,2
7.663324605658088e-05,0.1724937415936649,0.21079024100200228,0.22319314489151232,0
2.5544415352193626e-05,0.0,0.0,0.22319314489151232,0
1.2772207676096813e-05,0.0,0.0,0.0,2
1.2772207676096813e-05,0.0,0.0,0.0,2
1.2772207676096813e-05,0.0,0.0,0.0,2
3.831662302829044e-05,0.07856846972218419,0.10669204727070444,0.44638628978302464,0
2.5544415352193626e-05,0.0,0.0,0.0,2
1.2772207676096813e-05,0.0,0.0,0.0,2
1.2772207676096813e-05,0.0,0.0,0.0,2
1.2772207676096813e-05,0.0,0.0,0.0,2
7.663324605658088e-05,0.16563361682323194,0.21118936877090597,0.22319314489151232,0
3.831662302829044e-05,0.0999394523427918,0.17416220250033587,0.22319314489151232,0
1.2772207676096813e-05,0.0,0.10988411550499919,0.669579434674537,1
1.2772207676096813e-05,0.0,0.0,0.0,2
1.2772207676096813e-05,0.0,0.0,0.0,2
1.2772207676096813e-05,0.0,0.0,0.0,2
3.831662302829044e-05,0.0999394523427918,0.17416220250033587,0.22319314489151232,0
3.831662302829044e-05,0.0999394523427918,0.17416220250033587,0.22319314489151232,0
3.831662302829044e-05,0.0999394523427918,0.17416220250033587,0.22319314489151232,0
1.2772207676096813e-05,0.0,0.0,0.0,2
3.831662302829044e-05,0.0,0.0,0.0,2
1.2772207676096813e-05,0.0,0.0,0.0,2
2.5544415352193626e-05,0.0,0.0,0.0,2
2.5544415352193626e-05,0.0,0.0,0.0,2
3.831662302829044e-05,0.1724937415936649,0.17416220250033587,0.0,4
8.94054537326777e-05,0.0,0.0,0.0,2
2.5544415352193626e-05,0.0,0.0,0.0,2
2.5544415352193626e-05,0.0,0.0,0.0,2
2.5544415352193626e-05,0.0,0.0,0.0,2
3.831662302829044e-05,0.0999394523427918,0.17416220250033587,0.22319314489151232,0
3.831662302829044e-05,0.0,0.0,0.9481083009966558,1
1.2772207676096813e-05,0.0,0.0,0.0,2
1.2772207676096813e-05,0.0,0.0,0.0,2
1.2772207676096813e-05,0.0,0.0,0.0,2
3.831662302829044e-05,0.0999394523427918,0.17416220250033587,0.22319314489151232,0
7.663324605658088e-05,0.1632471508144645,0.21976823100999837,0.9547339955938489,1
1.2772207676096813e-05,0.0,0.0,0.0,2
1.2772207676096813e-05,0.0,0.0,0.0,2
1.2772207676096813e-05,0.0,0.0,0.0,2
0.0003831662302829044,0.1724937415936649,0.17416220250033587,0.0,4
1.2772207676096813e-05,0.0,0.0,0.0,2
3.831662302829044e-05,0.0,0.0,0.0,2
1.2772207676096813e-05,0.0,0.0,0.0,2
2.5544415352193626e-05,0.0,0.0,0.0,2
5.108883070438725e-05,0.0,0.0,0.0,2
5.108883070438725e-05,0.0,0.0,0.0,2
1.2772207676096813e-05,0.0,0.0,0.0,2
1.2772207676096813e-05,0.0,0.0,0.0,2
5.108883070438725e-05,0.0999394523427918,0.10090612549700308,0.6909602789038798,1
3.831662302829044e-05,0.0999394523427918,0.17416220250033587,0.22319314489151232,0
3.831662302829044e-05,0.0999394523427918,0.17416220250033587,0.22319314489151232,0
0.0003831662302829044,0.5195130815440796,0.5318637252779074,0.0,3
0.00042148285331119486,0.5357969560923007,0.5276602126085655,0.22319314489151232,3
3.831662302829044e-05,0.0999394523427918,0.17416220250033587,0.22319314489151232,0
0.0003831662302829044,0.5267685104691668,0.5144475050278738,0.0,3
3.831662302829044e-05,0.0999394523427918,0.17416220250033587,0.22319314489151232,0
3.831662302829044e-05,0.0999394523427918,0.17416220250033587,0.22319314489151232,0
7.663324605658088e-05,0.1724937415936649,0.21079024100200228,0.22319314489151232,0
3.831662302829044e-05,0.0999394523427918,0.17416220250033587,0.22319314489151232,0
3.831662302829044e-05,0.0999394523427918,0.17416220250033587,0.22319314489151232,0
0.0003831662302829044,0.5267685104691668,0.5144475050278738,0.0,3
1.2772207676096813e-05,0.0,0.0,0.0,2
3.831662302829044e-05,0.0999394523427918,0.17416220250033587,0.22319314489151232,0
0.0007663324605658088,0.6428553732705637,0.5941313907307402,0.0,3
3.831662302829044e-05,0.0999394523427918,0.17416220250033587,0.22319314489151232,0
3.831662302829044e-05,0.0999394523427918,0.17416220250033587,0.22319314489151232,0
3.831662302829044e-05,0.0999394523427918,0.17416220250033587,0.22319314489151232,0
3.831662302829044e-05,0.0999394523427918,0.17416220250033587,0.22319314489151232,0
3.831662302829044e-05,0.0999394523427918,0.17416220250033587,0.22319314489151232,0
1.2772207676096813e-05,0.0,0.0,0.0,2
1.2772207676096813e-05,0.0,0.0,0.0,2
1.2772207676096813e-05,0.0,0.0,0.0,2
3.831662302829044e-05,0.0999394523427918,0.17416220250033587,0.22319314489151232,0
2.5544415352193626e-05,0.0,0.0,0.0,2
0.00045979947633948526,0.5301373001610923,0.4826272128401153,0.22319314489151232,3
2.5544415352193626e-05,0.0,0.0,0.0,2
3.831662302829044e-05,0.0999394523427918,0.17416220250033587,0.22319314489151232,0
7.663324605658088e-05,0.1724937415936649,0.21079024100200228,0.22319314489151232,0
3.831662302829044e-05,0.0999394523427918,0.17416220250033587,0.22319314489151232,0
3.831662302829044e-05,0.0999394523427918,0.17416220250033587,0.22319314489151232,0
5.108883070438725e-05,0.0,0.0,0.0,2
1.2772207676096813e-05,0.0,0.0,0.0,2
2.5544415352193626e-05,0.0,0.0,0.0,2
1.2772207676096813e-05,0.0,0.0,0.0,2
1.2772207676096813e-05,0.0,0.0,0.0,2
7.663324605658088e-05,0.1724937415936649,0.21079024100200228,0.22319314489151232,0
3.831662302829044e-05,0.0999394523427918,0.17416220250033587,0.22319314489151232,0
1.2772207676096813e-05,0.0,0.0,0.0,2
7.663324605658088e-05,0.0999394523427918,0.21079024100200228,0.22319314489151232,0
0.00012772207676096814,0.0,0.3483244050006718,0.0,4
6.386103838048407e-05,0.0,0.0,0.0,2
0.0004981160993677757,0.5075799872553343,0.4497709654920578,0.22319314489151232,3
3.831662302829044e-05,0.0999394523427918,0.17416220250033587,0.22319314489151232,0
0.0008301934989462928,0.46945558702979673,0.5841466407236666,0.0,3
0.0009323711603550673,0.6431328778850183,0.6493536372855166,0.0,3
3.831662302829044e-05,0.0999394523427918,0.17416220250033587,0.22319314489151232,0
3.831662302829044e-05,0.0999394523427918,0.17416220250033587,0.22319314489151232,0
0.003001468803882751,0.6287159424182267,0.7309912360745471,0.0,3
0.003001468803882751,0.6287159424182267,0.7309912360745471,0.0,3
0.003001468803882751,0.6287159424182267,0.7309912360745472,0.0,3
0.003001468803882751,0.6287159424182267,0.7309912360745471,0.0,3
0.003001468803882751,0.6287159424182267,0.7309912360745473,0.0,3
1.2772207676096813e-05,0.0,0.0,0.0,2
0.00015326649211316176,0.0,0.0,0.0,2
1.2772207676096813e-05,0.0,0.0,0.0,2
3.831662302829044e-05,0.0999394523427918,0.17416220250033587,0.22319314489151232,0
1.2772207676096813e-05,0.0,0.0,0.0,2
7.663324605658088e-05,0.1724937415936649,0.21079024100200228,0.22319314489151232,0
0.00042148285331119486,0.5423928005696529,0.5210005692446262,0.22319314489151232,3
1.2772207676096813e-05,0.0,0.0,0.0,2
5.108883070438725e-05,0.0,0.10988411550499919,0.669579434674537,1
0.00016603869978925858,0.0,0.0,0.0,2
0.0003959384379590012,0.3242502840821084,0.3088861051031182,0.22319314489151232,4
2.5544415352193626e-05,0.0,0.0,0.0,2
3.831662302829044e-05,0.0999394523427918,0.17416220250033587,0.22319314489151232,0
8.94054537326777e-05,0.1724937415936649,0.21079024100200228,0.22319314489151232,0
3.831662302829044e-05,0.0999394523427918,0.17416220250033587,0.22319314489151232,0
7.663324605658088e-05,0.1724937415936649,0.21079024100200228,0.22319314489151232,0
0.00264384698895204,0.21975937395076825,0.8388874607847865,0.0,3
0.0003831662302829044,0.5340239393942542,0.4598841923568293,0.0,3
0.00016603869978925858,0.21231116846029466,0.39393043351033435,0.0,4
0.00022989973816974263,0.3321101817600412,0.4184127326467558,0.0,4
8.94054537326777e-05,0.08829256155737064,0.08914657913474645,0.0,2
2.5544415352193626e-05,0.0,0.0,0.0,2
5.108883070438725e-05,0.0,0.16033717825350075,0.49095523668556046,0
3.831662302829044e-05,0.0,0.0,0.0,2
3.831662302829044e-05,0.0,0.0,0.0,2
3.831662302829044e-05,0.0,0.0,0.0,2
6.386103838048407e-05,0.0,0.0,0.0,2
3.831662302829044e-05,0.0,0.0,0.0,2
1.2772207676096813e-05,0.0,0.0,0.0,2
3.831662302829044e-05,0.0999394523427918,0.17416220250033587,0.22319314489151232,0
0.00042148285331119486,0.5423928005696529,0.49599435760850447,0.22319314489151232,3
1.2772207676096813e-05,0.0,0.0,0.0,2
3.831662302829044e-05,0.0999394523427918,0.17416220250033587,0.22319314489151232,0
1.2772207676096813e-05,0.0,0.0,0.0,2
1.2772207676096813e-05,0.0,0.0,0.0,2
0.00014049428443706495,0.142492633773708,0.2802419331048969,0.8693181345799279,1
0.00011494986908487132,0.21493528007190177,0.23221627000044784,0.22319314489151232,0
0.00015326649211316176,0.10883143387630967,0.10988411550499919,0.0,2
1.2772207676096813e-05,0.0,0.0,0.0,2
2.5544415352193626e-05,0.0,0.0,0.0,2
0.00016603869978925858,0.33574089240812943,0.3756164142595011,0.0,4
1.2772207676096813e-05,0.0,0.0,0.0,2
0.000204355322817549,0.0999394523427918,0.10090612549700308,0.0,2
0.00045979947633948526,0.5324193970854189,0.5253599244253928,0.22319314489151232,3
3.831662302829044e-05,0.0999394523427918,0.17416220250033587,0.22319314489151232,0
5.108883070438725e-05,0.0999394523427918,0.17416220250033587,0.0,2
1.2772207676096813e-05,0.0,0.0,0.0,2
1.2772207676096813e-05,0.0,0.0,0.0,2
1.2772207676096813e-05,0.0,0.0,0.0,2
1.2772207676096813e-05,0.0,0.0,0.0,2
1.2772207676096813e-05,0.0,0.0,0.0,2
1.2772207676096813e-05,0.0,0.0,0.0,2
3.831662302829044e-05,0.0999394523427918,0.17416220250033587,0.22319314489151232,0
0.00014049428443706495,0.10033475649744612,0.3650271304779048,0.0,4
1.2772207676096813e-05,0.0,0.0,0.0,2
3.831662302829044e-05,0.0999394523427918,0.17416220250033587,0.22319314489151232,0
3.831662302829044e-05,0.0999394523427918,0.17416220250033587,0.22319314489151232,0
0.0003831662302829044,0.5340239393942542,0.5098869021769076,0.0,3
3.831662302829044e-05,0.0999394523427918,0.17416220250033587,0.22319314489151232,0
0.0008301934989462928,0.0999394523427918,0.17416220250033587,0.0,2
1.2772207676096813e-05,0.0,0.0,0.0,2
0.00011494986908487132,0.21493528007190177,0.23221627000044784,0.22319314489151232,0
0.0001915831151414522,0.21766286775261934,0.21976823100999837,0.0,4
3.831662302829044e-05,0.0999394523427918,0.17416220250033587,0.22319314489151232,0
0.00016603869978925858,0.0,0.0,0.0,2
3.831662302829044e-05,0.0999394523427918,0.17416220250033587,0.22319314489151232,0
3.831662302829044e-05,0.10883143387630967,0.10988411550499919,0.0,2
0.0013283095983140686,0.617338183523074,0.6233094414706802,0.0,3
3.831662302829044e-05,0.0999394523427918,0.17416220250033587,0.22319314489151232,0
1.2772207676096813e-05,0.0,0.0,0.0,2
7.663324605658088e-05,0.0,0.0,0.0,2
0.0003576218149307108,0.0,0.0,0.0,2
3.831662302829044e-05,0.0999394523427918,0.17416220250033587,0.22319314489151232,0
1.2772207676096813e-05,0.0,0.0,0.0,2
1.2772207676096813e-05,0.0,0.0,0.0,2
0.003065329842263235,0.10883143387630967,0.0,0.0,2
1.2772207676096813e-05,0.0,0.0,0.0,2
2.5544415352193626e-05,0.0,0.0,0.0,2
1.2772207676096813e-05,0.0,0.0,0.0,2
2.5544415352193626e-05,0.0,0.0,0.9646247234928927,1
3.831662302829044e-05,0.0999394523427918,0.17416220250033587,0.22319314489151232,0
3.831662302829044e-05,0.0999394523427918,0.17416220250033587,0.22319314489151232,0
3.831662302829044e-05,0.0999394523427918,0.17416220250033587,0.22319314489151232,0
3.831662302829044e-05,0.0999394523427918,0.17416220250033587,0.22319314489151232,0
3.831662302829044e-05,0.0999394523427918,0.17416220250033587,0.22319314489151232,0
3.831662302829044e-05,0.0999394523427918,0.17416220250033587,0.22319314489151232,0
7.663324605658088e-05,0.1724937415936649,0.21079024100200228,0.22319314489151232,0
3.831662302829044e-05,0.0999394523427918,0.17416220250033587,0.22319314489151232,0
3.831662302829044e-05,0.0999394523427918,0.17416220250033587,0.22319314489151232,0
0.00015326649211316176,0.20877088621910148,0.24741827950366868,0.22319314489151232,0
7.663324605658088e-05,0.1724937415936649,0.21079024100200228,0.22319314489151232,0
0.00016603869978925858,0.0,0.0,0.0,2
3.831662302829044e-05,0.0999394523427918,0.17416220250033587,0.22319314489151232,0
3.831662302829044e-05,0.0999394523427918,0.17416220250033587,0.22319314489151232,0
3.831662302829044e-05,0.0999394523427918,0.17416220250033587,0.22319314489151232,0
1.2772207676096813e-05,0.0,0.0,0.0,2
3.831662302829044e-05,0.0999394523427918,0.17416220250033587,0.22319314489151232,0
3.831662302829044e-05,0.0999394523427918,0.17416220250033587,0.22319314489151232,0
0.00016603869978925858,0.0,0.0,0.0,2
5.108883070438725e-05,0.0,0.0,0.0,2
1.2772207676096813e-05,0.0,0.0,0.0,2
2.5544415352193626e-05,0.0,0.0,0.0,2
3.831662302829044e-05,0.0999394523427918,0.17416220250033587,0.22319314489151232,0
1.2772207676096813e-05,0.0,0.0,0.0,2
1.2772207676096813e-05,0.0,0.0,0.0,2
3.831662302829044e-05,0.0,0.10988411550499919,0.22319314489151232,0
5.108883070438725e-05,0.0,0.0,0.9481083009966558,1
8.94054537326777e-05,0.16563361682323194,0.21118936877090597,0.22319314489151232,0
3.831662302829044e-05,0.0,0.10988411550499919,0.22319314489151232,0
1.2772207676096813e-05,0.0,0.0,0.0,2
1.2772207676096813e-05,0.0,0.0,0.0,2
5.108883070438725e-05,0.0,0.10988411550499919,0.0,2
3.831662302829044e-05,0.0,0.0,0.0,2
0.000204355322817549,0.3055284615672447,0.27708825094604894,0.7414315786013805,1
2.5544415352193626e-05,0.10883143387630967,0.10988411550499919,0.22319314489151232,0
2.5544415352193626e-05,0.0,0.0,0.0,2
1.2772207676096813e-05,0.0,0.0,0.0,2
0.0003576218149307108,0.2992864431598516,0.274710288762498,0.9378221589724379,1
1.2772207676096813e-05,0.0,0.0,0.0,2
1.2772207676096813e-05,0.0,0.0,0.0,2
3.831662302829044e-05,0.0999394523427918,0.17416220250033587,0.22319314489151232,0
1.2772207676096813e-05,0.0,0.0,0.0,2
3.831662302829044e-05,0.0999394523427918,0.17416220250033587,0.22319314489151232,0
2.5544415352193626e-05,0.0,0.10988411550499919,0.22319314489151232,0
1.2772207676096813e-05,0.0,0.0,0.0,2
8.94054537326777e-05,0.1724937415936649,0.21079024100200228,0.22319314489151232,0
3.831662302829044e-05,0.0999394523427918,0.17416220250033587,0.22319314489151232,0
3.831662302829044e-05,0.0,0.0,0.9481083009966558,1
5.108883070438725e-05,0.08829256155737064,0.21976823100999837,0.2049573351433958,0
3.831662302829044e-05,0.0,0.0,0.0,2
2.5544415352193626e-05,0.0,0.10988411550499919,0.22319314489151232,0
2.5544415352193626e-05,0.0,0.0,0.0,2
3.831662302829044e-05,0.0,0.0,0.0,2
1.2772207676096813e-05,0.0,0.0,0.0,2
1.2772207676096813e-05,0.0,0.0,0.0,2
1.2772207676096813e-05,0.0,0.0,0.0,2
0.00022989973816974263,0.19507830467314216,0.19696521675516718,0.22319314489151232,0
2.5544415352193626e-05,0.0,0.0,0.0,2
2.5544415352193626e-05,0.0,0.10988411550499919,0.22319314489151232,0
5.108883070438725e-05,0.10883143387630967,0.10988411550499919,0.22319314489151232,0
5.108883070438725e-05,0.10883143387630967,0.10988411550499919,0.22319314489151232,0
2.5544415352193626e-05,0.0,0.0,0.0,2
5.108883070438725e-05,0.0999394523427918,0.17416220250033587,0.22319314489151232,0
0.00021712753049364582,0.07856846972218419,0.2551430149729056,0.22319314489151232,0
1.2772207676096813e-05,0.0,0.0,0.0,2
1.2772207676096813e-05,0.0,0.0,0.0,2
5.108883070438725e-05,0.0999394523427918,0.17416220250033587,0.22319314489151232,0
2.5544415352193626e-05,0.0,0.0,0.0,2
0.0002809885688741299,0.38598086297871015,0.4066195454075025,0.0,4
1.2772207676096813e-05,0.0,0.0,0.0,2
3.831662302829044e-05,0.0999394523427918,0.17416220250033587,0.22319314489151232,0
0.00034484960725461393,0.47036163167689893,0.44878691560785366,0.9481083009966558,1
1.2772207676096813e-05,0.0,0.0,0.0,2
2.5544415352193626e-05,0.0,0.10988411550499919,0.22319314489151232,0
1.2772207676096813e-05,0.0,0.0,0.0,2
1.2772207676096813e-05,0.0,0.0,0.0,2
0.00030653298422632353,0.4353257355052387,0.39832991870562207,0.0,3
1.2772207676096813e-05,0.0,0.0,0.0,2
3.831662302829044e-05,0.10883143387630967,0.10988411550499919,0.9481083009966558,1
0.0001021776614087745,0.15880116004770561,0.24741827950366868,0.4042648608712339,0
2.5544415352193626e-05,0.0,0.0,0.0,2
0.00015326649211316176,0.25269876392427965,0.2688248235258044,0.22319314489151232,0
2.5544415352193626e-05,0.0,0.0,0.0,2
1.2772207676096813e-05,0.0,0.0,0.0,2
3.831662302829044e-05,0.0,0.10988411550499919,0.22319314489151232,0
5.108883070438725e-05,0.10883143387630967,0.10988411550499919,0.22319314489151232,0
8.94054537326777e-05,0.20877088621910148,0.24741827950366868,0.3396839177966584,0
0.0005364327223960661,0.39274349247632184,0.34876070347558014,0.22297224413673622,4
0.0001915831151414522,0.326494301628929,0.32965234651499753,0.0,4
1.2772207676096813e-05,0.0,0.0,0.0,2
1.2772207676096813e-05,0.0,0.0,0.0,2
1.2772207676096813e-05,0.0,0.0,0.0,2
2.5544415352193626e-05,0.0,0.0,0.0,2
1.2772207676096813e-05,0.0,0.0,0.0,2
5.108883070438725e-05,0.10883143387630967,0.10988411550499919,0.22319314489151232,0
0.00015326649211316176,0.1632471508144645,0.21976823100999837,0.22319314489151232,0
7.663324605658088e-05,0.21766286775261934,0.21976823100999837,0.0,4
2.5544415352193626e-05,0.0,0.0,0.0,2
3.831662302829044e-05,0.0,0.0,0.22319314489151232,0
1.2772207676096813e-05,0.0,0.0,0.0,2
7.663324605658088e-05,0.1632471508144645,0.21976823100999837,0.9547339955938489,1
5.108883070438725e-05,0.0,0.0,0.9481083009966558,1
3.831662302829044e-05,0.0999394523427918,0.17416220250033587,0.22319314489151232,0
8.94054537326777e-05,0.1724937415936649,0.21079024100200228,0.22319314489151232,0
5.108883070438725e-05,0.10883143387630967,0.10988411550499919,0.22319314489151232,0
2.5544415352193626e-05,0.0,0.0,0.0,2
0.00026821636119803307,0.2316025723128168,0.27708825094604894,0.9512140061594793,1
3.831662302829044e-05,0.10883143387630967,0.10988411550499919,0.22319314489151232,0
2.5544415352193626e-05,0.0,0.0,0.22319314489151232,0
3.831662302829044e-05,0.0999394523427918,0.17416220250033587,0.22319314489151232,0
1.2772207676096813e-05,0.0,0.0,0.0,2
1.2772207676096813e-05,0.0,0.0,0.0,2
3.831662302829044e-05,0.0,0.0,0.9481083009966558,1
1.2772207676096813e-05,0.0,0.0,0.0,2
1.2772207676096813e-05,0.0,0.0,0.0,2
5.108883070438725e-05,0.0,0.10988411550499919,0.22319314489151232,0
5.108883070438725e-05,0.0,0.0,0.0,2
2.5544415352193626e-05,0.0,0.0,0.0,2
0.0006386103838048406,0.35427256887709124,0.3062853494129982,0.22319314489151232,4
3.831662302829044e-05,0.0,0.0,0.22319314489151232,0
1.2772207676096813e-05,0.0,0.0,0.0,2
1.2772207676096813e-05,0.0,0.0,0.0,2
6.386103838048407e-05,0.0999394523427918,0.17416220250033587,0.22319314489151232,0
2.5544415352193626e-05,0.0,0.0,0.0,2
1.2772207676096813e-05,0.0,0.0,0.0,2
3.831662302829044e-05,0.0,0.0,0.9481083009966558,1
3.831662302829044e-05,0.0999394523427918,0.17416220250033587,0.22319314489151232,0
5.108883070438725e-05,0.0,0.10988411550499919,0.0,2
2.5544415352193626e-05,0.0,0.0,0.0,2
7.663324605658088e-05,0.1724937415936649,0.21079024100200228,0.22319314489151232,0
3.831662302829044e-05,0.0999394523427918,0.17416220250033587,0.22319314489151232,0
0.0008301934989462928,0.5854862466896734,0.5342533035884144,0.9598553086225248,1
1.2772207676096813e-05,0.0,0.0,0.0,2
3.831662302829044e-05,0.0999394523427918,0.17416220250033587,0.22319314489151232,0
2.5544415352193626e-05,0.0,0.0,0.0,2
2.5544415352193626e-05,0.0,0.0,0.0,2
2.5544415352193626e-05,0.0,0.0,0.0,2
5.108883070438725e-05,0.0,0.0,0.9646247234928927,1
3.831662302829044e-05,0.10883143387630967,0.10988411550499919,0.22319314489151232,0
0.00042148285331119486,0.489918757066235,0.46718651051366716,0.22319314489151232,3
5.108883070438725e-05,0.0999394523427918,0.17416220250033587,0.22319314489151232,0
0.00012772207676096814,0.1699161369646029,0.23687049170112184,0.22319314489151232,0
3.831662302829044e-05,0.0,0.10988411550499919,0.22319314489151232,0
3.831662302829044e-05,0.0,0.0,0.0,2
3.831662302829044e-05,0.0999394523427918,0.17416220250033587,0.22319314489151232,0
5.108883070438725e-05,0.0999394523427918,0.17416220250033587,0.22319314489151232,0
3.831662302829044e-05,0.0,0.0,0.9646247234928927,1
2.5544415352193626e-05,0.0,0.0,0.9481083009966558,1
5.108883070438725e-05,0.0,0.0,0.0,2
1.2772207676096813e-05,0.0,0.0,0.0,2
1.2772207676096813e-05,0.0,0.0,0.0,2
2.5544415352193626e-05,0.0,0.0,0.0,2
7.663324605658088e-05,0.1632471508144645,0.21976823100999837,0.9378221589724379,1
0.0001021776614087745,0.08829256155737064,0.21976823100999837,0.9378221589724379,1
1.2772207676096813e-05,0.0,0.0,0.0,2
1.2772207676096813e-05,0.0,0.0,0.0,2
3.831662302829044e-05,0.0,0.0,0.9481083009966558,1
0.00015326649211316176,0.21766286775261934,0.21976823100999837,0.0,4
6.386103838048407e-05,0.0,0.0,0.8497755187722155,1
2.5544415352193626e-05,0.0,0.0,0.0,2
1.2772207676096813e-05,0.0,0.0,0.0,2
2.5544415352193626e-05,0.0,0.0,0.0,2
3.831662302829044e-05,0.0,0.0,0.0,2
2.5544415352193626e-05,0.0,0.0,0.0,2
2.5544415352193626e-05,0.0,0.0,0.0,2
1.2772207676096813e-05,0.0,0.0,0.0,2
3.831662302829044e-05,0.0,0.10988411550499919,0.22319314489151232,0
5.108883070438725e-05,0.0,0.10988411550499919,0.22319314489151232,0
5.108883070438725e-05,0.0999394523427918,0.17416220250033587,0.22319314489151232,0
7.663324605658088e-05,0.1724937415936649,0.21079024100200228,0.22319314489151232,0
3.831662302829044e-05,0.0999394523427918,0.17416220250033587,0.22319314489151232,0
2.5544415352193626e-05,0.0,0.0,0.0,2
0.0007407880452136151,0.3900692804421952,0.35007221174191455,0.9217199860996897,1
2.5544415352193626e-05,0.0,0.0,0.0,2
1.2772207676096813e-05,0.0,0.0,0.0,2
2.5544415352193626e-05,0.0,0.0,0.0,2
1.2772207676096813e-05,0.0,0.0,0.0,2
3.831662302829044e-05,0.10883143387630967,0.10988411550499919,0.22319314489151232,0
1.2772207676096813e-05,0.0,0.0,0.0,2
1.2772207676096813e-05,0.0,0.0,0.0,2
1.2772207676096813e-05,0.0,0.0,0.0,2
8.94054537326777e-05,0.16563361682323194,0.21118936877090597,0.22319314489151232,0
3.831662302829044e-05,0.0999394523427918,0.17416220250033587,0.22319314489151232,0
2.5544415352193626e-05,0.0,0.0,0.0,2
2.5544415352193626e-05,0.0,0.0,0.22319314489151232,0
1.2772207676096813e-05,0.0,0.0,0.0,2
6.386103838048407e-05,0.0999394523427918,0.17416220250033587,0.22319314489151232,0
1.2772207676096813e-05,0.0,0.0,0.0,2
7.663324605658088e-05,0.16563361682323194,0.21118936877090597,0.22319314489151232,0
3.831662302829044e-05,0.0999394523427918,0.17416220250033587,0.22319314489151232,0
8.94054537326777e-05,0.16563361682323194,0.21118936877090597,0.22319314489151232,0
2.5544415352193626e-05,0.0,0.0,0.0,2
5.108883070438725e-05,0.0999394523427918,0.17416220250033587,0.22319314489151232,0
3.831662302829044e-05,0.0,0.10988411550499919,0.22319314489151232,0
5.108883070438725e-05,0.0999394523427918,0.17416220250033587,0.22319314489151232,0
5.108883070438725e-05,0.0,0.10988411550499919,0.22319314489151232,0
7.663324605658088e-05,0.1632471508144645,0.21976823100999837,0.9547339955938489,1
2.5544415352193626e-05,0.0,0.0,0.0,2
7.663324605658088e-05,0.1724937415936649,0.21079024100200228,0.22319314489151232,0
3.831662302829044e-05,0.0999394523427918,0.17416220250033587,0.22319314489151232,0
2.5544415352193626e-05,0.0,0.0,0.0,2
1.2772207676096813e-05,0.0,0.0,0.0,2
0.0003831662302829044,0.5340239393942542,0.47505446167684046,0.0,3
5.108883070438725e-05,0.0,0.0,0.0,2
2.5544415352193626e-05,0.0,0.0,0.0,2
3.831662302829044e-05,0.0999394523427918,0.17416220250033587,0.22319314489151232,0
0.00011494986908487132,0.16656575390465303,0.23221627000044784,0.22319314489151232,0
3.831662302829044e-05,0.0999394523427918,0.17416220250033587,0.22319314489151232,0
2.5544415352193626e-05,0.0,0.0,0.0,2
3.831662302829044e-05,0.0,0.10988411550499919,0.22319314489151232,0
2.5544415352193626e-05,0.0,0.0,0.0,2
2.5544415352193626e-05,0.0,0.0,0.0,2
1.2772207676096813e-05,0.0,0.0,0.0,2
3.831662302829044e-05,0.0999394523427918,0.17416220250033587,0.22319314489151232,0
3.831662302829044e-05,0.0999394523427918,0.17416220250033587,0.22319314489151232,0
3.831662302829044e-05,0.0,0.0,0.9646247234928927,1
0.0009834599910594547,0.4350862492586256,0.353423797046868,0.0,4
3.831662302829044e-05,0.0,0.0,0.0,2
1.2772207676096813e-05,0.0,0.0,0.0,2
3.831662302829044e-05,0.0999394523427918,0.17416220250033587,0.22319314489151232,0
0.0003576218149307108,0.523191329319864,0.501742842153511,0.0,3
3.831662302829044e-05,0.0999394523427918,0.17416220250033587,0.22319314489151232,0
3.831662302829044e-05,0.0999394523427918,0.17416220250033587,0.22319314489151232,0
3.831662302829044e-05,0.0999394523427918,0.17416220250033587,0.22319314489151232,0
3.831662302829044e-05,0.0999394523427918,0.17416220250033587,0.22319314489151232,0
0.00045979947633948526,0.5361834909319982,0.5082374138188779,0.22319314489151232,3
1.2772207676096813e-05,0.0,0.0,0.0,2
0.0003831662302829044,0.5340239393942542,0.49666549714942304,0.0,3
3.831662302829044e-05,0.0999394523427918,0.17416220250033587,0.22319314489151232,0
1.2772207676096813e-05,0.0,0.0,0.0,2
1.2772207676096813e-05,0.0,0.0,0.0,2
1.2772207676096813e-05,0.0,0.0,0.0,2
1.2772207676096813e-05,0.0,0.0,0.0,2
3.831662302829044e-05,0.0,0.0,0.0,2
2.5544415352193626e-05,0.0,0.0,0.0,2
3.831662302829044e-05,0.0999394523427918,0.17416220250033587,0.22319314489151232,0
1.2772207676096813e-05,0.0,0.0,0.0,2
2.5544415352193626e-05,0.0,0.0,0.0,2
3.831662302829044e-05,0.0,0.0,0.9481083009966558,1
2.5544415352193626e-05,0.0,0.0,0.0,2
1.2772207676096813e-05,0.0,0.0,0.0,2
3.831662302829044e-05,0.0999394523427918,0.17416220250033587,0.22319314489151232,0
2.5544415352193626e-05,0.10883143387630967,0.10988411550499919,0.0,2
1.2772207676096813e-05,0.0,0.0,0.0,2
3.831662302829044e-05,0.0,0.10988411550499919,0.669579434674537,1
1.2772207676096813e-05,0.0,0.0,0.0,2
1.2772207676096813e-05,0.0,0.10988411550499919,0.669579434674537,1
1.2772207676096813e-05,0.0,0.0,0.0,2
7.663324605658088e-05,0.0999394523427918,0.17416220250033587,0.22319314489151232,0
3.831662302829044e-05,0.0999394523427918,0.17416220250033587,0.22319314489151232,0
0.0001915831151414522,0.15231843215758128,0.2592098741579711,0.22319314489151232,0
3.831662302829044e-05,0.0999394523427918,0.17416220250033587,0.22319314489151232,0
1.2772207676096813e-05,0.0,0.0,0.0,2
1.2772207676096813e-05,0.0,0.0,0.0,2
1.2772207676096813e-05,0.0,0.0,0.0,2
1.2772207676096813e-05,0.0,0.0,0.0,2
5.108883070438725e-05,0.0,0.10988411550499919,0.0,2
2.5544415352193626e-05,0.0,0.0,0.0,2
1.2772207676096813e-05,0.0,0.0,0.0,2
2.5544415352193626e-05,0.0,0.0,0.0,2
3.831662302829044e-05,0.0,0.10988411550499919,0.0,2
2.5544415352193626e-05,0.0,0.0,0.0,2
1.2772207676096813e-05,0.0,0.0,0.0,2
2.5544415352193626e-05,0.0,0.0,0.0,2
3.831662302829044e-05,0.0,0.0,0.9646247234928927,1
1.2772207676096813e-05,0.0,0.0,0.0,2
2.5544415352193626e-05,0.0,0.0,0.0,2
5.108883070438725e-05,0.0,0.0,0.0,2
2.5544415352193626e-05,0.0,0.0,0.0,2
3.831662302829044e-05,0.0999394523427918,0.17416220250033587,0.22319314489151232,0
3.831662302829044e-05,0.0999394523427918,0.17416220250033587,0.22319314489151232,0
7.663324605658088e-05,0.1724937415936649,0.21079024100200228,0.22319314489151232,0
3.831662302829044e-05,0.0999394523427918,0.17416220250033587,0.22319314489151232,0
3.831662302829044e-05,0.0999394523427918,0.17416220250033587,0.22319314489151232,0
3.831662302829044e-05,0.0999394523427918,0.17416220250033587,0.22319314489151232,0
3.831662302829044e-05,0.0999394523427918,0.17416220250033587,0.22319314489151232,0
2.5544415352193626e-05,0.0,0.0,0.0,2
3.831662302829044e-05,0.0999394523427918,0.17416220250033587,0.22319314489151232,0
1.2772207676096813e-05,0.0,0.0,0.0,2
0.0002554441535219363,0.0,0.0,0.0,2
0.00042148285331119486,0.5423928005696529,0.5089811101287314,0.22319314489151232,3
7.663324605658088e-05,0.1724937415936649,0.21079024100200228,0.22319314489151232,0
1.2772207676096813e-05,0.0,0.0,0.0,2
1.2772207676096813e-05,0.0,0.0,0.0,2
3.831662302829044e-05,0.0999394523427918,0.17416220250033587,0.22319314489151232,0
7.663324605658088e-05,0.1724937415936649,0.21079024100200228,0.22319314489151232,0
1.2772207676096813e-05,0.0,0.0,0.0,2
3.831662302829044e-05,0.0999394523427918,0.17416220250033587,0.22319314489151232,0
0.00015326649211316176,0.0,0.0,0.0,2
7.663324605658088e-05,0.1724937415936649,0.21079024100200228,0.22319314489151232,0
0.0024267194584583944,0.6820759884497462,0.6997723883357378,0.0,3
7.663324605658088e-05,0.0,0.0,0.0,2
7.663324605658088e-05,0.0,0.0,0.0,2
1.2772207676096813e-05,0.0,0.0,0.0,2
7.663324605658088e-05,0.0999394523427918,0.21079024100200228,0.22319314489151232,0
0.00016603869978925858,0.21231116846029466,0.39393043351033435,0.0,4
3.831662302829044e-05,0.0999394523427918,0.17416220250033587,0.22319314489151232,0
1.2772207676096813e-05,0.0,0.0,0.0,2
5.108883070438725e-05,0.0999394523427918,0.17416220250033587,0.0,2
7.663324605658088e-05,0.1724937415936649,0.21079024100200228,0.22319314489151232,0
2.5544415352193626e-05,0.0,0.0,0.0,2
0.00012772207676096814,0.20459928100717453,0.3483244050006718,0.0,4
3.831662302829044e-05,0.0999394523427918,0.17416220250033587,0.22319314489151232,0
0.003065329842263235,0.37815096860365754,0.5442794353100366,0.0,3
0.00015326649211316176,0.26163182894230375,0.3601576534721691,0.0,4
1.2772207676096813e-05,0.0,0.0,0.0,2
0.00045979947633948526,0.47890535716058313,0.49846580018949727,0.0,3
3.831662302829044e-05,0.0999394523427918,0.17416220250033587,0.22319314489151232,0
3.831662302829044e-05,0.0999394523427918,0.17416220250033587,0.22319314489151232,0
0.0006896992145092279,0.4504528626776902,0.5705129623203425,0.0,3
0.0003831662302829044,0.5195130815440796,0.4346920114780391,0.0,3
3.831662302829044e-05,0.0999394523427918,0.17416220250033587,0.22319314489151232,0
1.2772207676096813e-05,0.0,0.0,0.0,2
3.831662302829044e-05,0.0999394523427918,0.17416220250033587,0.22319314489151232,0
3.831662302829044e-05,0.0999394523427918,0.17416220250033587,0.22319314489151232,0
3.831662302829044e-05,0.0999394523427918,0.17416220250033587,0.22319314489151232,0
0.00042148285331119486,0.5423928005696529,0.47438306569705085,0.22319314489151232,3
3.831662302829044e-05,0.0999394523427918,0.17416220250033587,0.22319314489151232,0
0.0003831662302829044,0.5340239393942542,0.4823800693771737,0.0,3
2.5544415352193626e-05,0.10883143387630967,0.10988411550499919,0.0,2
0.00034484960725461393,0.45800731502010267,0.39235871049174625,0.9484504039672719,1
0.00011494986908487132,0.16656575390465303,0.23221627000044784,0.22319314489151232,0
3.831662302829044e-05,0.0999394523427918,0.17416220250033587,0.22319314489151232,0
7.663324605658088e-05,0.08829256155737064,0.21976823100999837,0.0,4
1.2772207676096813e-05,0.0,0.0,0.0,2
1.2772207676096813e-05,0.0,0.0,0.0,2
3.831662302829044e-05,0.0999394523427918,0.17416220250033587,0.22319314489151232,0
3.831662302829044e-05,0.0999394523427918,0.17416220250033587,0.22319314489151232,0
7.663324605658088e-05,0.1724937415936649,0.21079024100200228,0.22319314489151232,0
1.2772207676096813e-05,0.0,0.0,0.0,2
3.831662302829044e-05,0.0999394523427918,0.17416220250033587,0.22319314489151232,0
3.831662302829044e-05,0.0999394523427918,0.17416220250033587,0.22319314489151232,0
3.831662302829044e-05,0.0999394523427918,0.17416220250033587,0.22319314489151232,0
7.663324605658088e-05,0.1724937415936649,0.21079024100200228,0.22319314489151232,0
0.0003831662302829044,0.5267685104691668,0.4672098000571626,0.0,3
3.831662302829044e-05,0.0999394523427918,0.17416220250033587,0.22319314489151232,0
5.108883070438725e-05,0.0,0.0,0.0,2
7.663324605658088e-05,0.10883143387630967,0.10988411550499919,0.0,2
0.00016603869978925858,0.0,0.0,0.0,2
3.831662302829044e-05,0.0999394523427918,0.17416220250033587,0.22319314489151232,0
0.0025544415352193625,0.0,0.839143741872139,0.0,4
3.831662302829044e-05,0.0999394523427918,0.17416220250033587,0.22319314489151232,0
7.663324605658088e-05,0.0999394523427918,0.21079024100200228,0.22319314489151232,0
7.663324605658088e-05,0.1724937415936649,0.21079024100200228,0.22319314489151232,0
3.831662302829044e-05,0.0999394523427918,0.17416220250033587,0.22319314489151232,0
0.0007918768759180024,0.3758221862783348,0.4478924387807757,0.22319314489151232,3
0.00021712753049364582,0.3757753004873491,0.43953646201999674,0.0,4
2.5544415352193626e-05,0.0,0.0,0.0,2
0.00016603869978925858,0.0,0.0,0.0,2
1.2772207676096813e-05,0.0,0.0,0.0,2
1.2772207676096813e-05,0.0,0.0,0.0,2
1.2772207676096813e-05,0.0,0.0,0.0,2
1.2772207676096813e-05,0.0,0.0,0.0,2
1.2772207676096813e-05,0.0,0.0,0.0,2
1.2772207676096813e-05,0.0,0.0,0.0,2
1.2772207676096813e-05,0.0,0.0,0.0,2
1.2772207676096813e-05,0.0,0.0,0.0,2
1.2772207676096813e-05,0.0,0.0,0.0,2
1.2772207676096813e-05,0.0,0.0,0.0,2
1.2772207676096813e-05,0.0,0.0,0.0,2
1.2772207676096813e-05,0.0,0.0,0.0,2
1.2772207676096813e-05,0.0,0.0,0.0,2
2.5544415352193626e-05,0.0,0.0,0.0,2
1.2772207676096813e-05,0.0,0.0,0.0,2
1.2772207676096813e-05,0.0,0.0,0.0,2
2.5544415352193626e-05,0.0,0.0,0.0,2
1.2772207676096813e-05,0.0,0.0,0.0,2
1.2772207676096813e-05,0.0,0.0,0.0,2
5.108883070438725e-05,0.0,0.0,0.0,2
3.831662302829044e-05,0.0,0.0,0.0,2
1.2772207676096813e-05,0.0,0.0,0.0,2
2.5544415352193626e-05,0.0,0.0,0.0,2
1.2772207676096813e-05,0.0,0.0,0.0,2
1.2772207676096813e-05,0.0,0.0,0.0,2
1.2772207676096813e-05,0.0,0.0,0.0,2
1.2772207676096813e-05,0.0,0.0,0.0,2
1.2772207676096813e-05,0.0,0.0,0.0,2
1.2772207676096813e-05,0.0,0.0,0.0,2
2.5544415352193626e-05,0.0,0.0,0.0,2
2.5544415352193626e-05,0.0,0.0,0.0,2
1.2772207676096813e-05,0.0,0.0,0.0,2
2.5544415352193626e-05,0.0,0.0,0.0,2
2.5544415352193626e-05,0.0,0.0,0.0,2
1.2772207676096813e-05,0.0,0.0,0.0,2
1.2772207676096813e-05,0.0,0.0,0.0,2
1.2772207676096813e-05,0.0,0.0,0.0,2
1.2772207676096813e-05,0.0,0.0,0.0,2
2.5544415352193626e-05,0.0,0.0,0.0,2
2.5544415352193626e-05,0.0,0.0,0.0,2
1.2772207676096813e-05,0.0,0.0,0.0,2
2.5544415352193626e-05,0.0,0.0,0.0,2
1.2772207676096813e-05,0.0,0.0,0.0,2
1.2772207676096813e-05,0.0,0.0,0.0,2
1.2772207676096813e-05,0.0,0.0,0.0,2
1.2772207676096813e-05,0.0,0.0,0.0,2
3.831662302829044e-05,0.0999394523427918,0.17416220250033587,0.22319314489151232,0
2.5544415352193626e-05,0.0,0.0,0.0,2
7.663324605658088e-05,0.1724937415936649,0.21079024100200228,0.22319314489151232,0
1.2772207676096813e-05,0.0,0.0,0.0,2
3.831662302829044e-05,0.0999394523427918,0.17416220250033587,0.22319314489151232,0
3.831662302829044e-05,0.0999394523427918,0.17416220250033587,0.22319314489151232,0
0.00022989973816974263,0.0,0.0,0.0,2
0.000204355322817549,0.0,0.0,0.0,2
3.831662302829044e-05,0.0999394523427918,0.17416220250033587,0.22319314489151232,0
3.831662302829044e-05,0.0999394523427918,0.17416220250033587,0.22319314489151232,0
3.831662302829044e-05,0.0999394523427918,0.17416220250033587,0.22319314489151232,0
7.663324605658088e-05,0.1724937415936649,0.21079024100200228,0.22319314489151232,0
5.108883070438725e-05,0.0,0.10988411550499919,0.3537527650710707,0
7.663324605658088e-05,0.1724937415936649,0.21079024100200228,0.22319314489151232,0
7.663324605658088e-05,0.1724937415936649,0.21079024100200228,0.22319314489151232,0
3.831662302829044e-05,0.0999394523427918,0.17416220250033587,0.22319314489151232,0
1.2772207676096813e-05,0.0,0.0,0.0,2
1.2772207676096813e-05,0.0,0.0,0.0,2
1.2772207676096813e-05,0.0,0.0,0.0,2
1.2772207676096813e-05,0.0,0.0,0.0,2
3.831662302829044e-05,0.0999394523427918,0.17416220250033587,0.22319314489151232,0
1.2772207676096813e-05,0.0,0.0,0.0,2
1.2772207676096813e-05,0.0,0.0,0.0,2
1.2772207676096813e-05,0.0,0.0,0.0,2
1.2772207676096813e-05,0.0,0.0,0.0,2
1.2772207676096813e-05,0.0,0.0,0.0,2
0.000204355322817549,0.0,0.0,0.0,2
3.831662302829044e-05,0.0999394523427918,0.17416220250033587,0.22319314489151232,0
3.831662302829044e-05,0.0999394523427918,0.17416220250033587,0.22319314489151232,0
7.663324605658088e-05,0.1724937415936649,0.21079024100200228,0.22319314489151232,0
0.00034484960725461393,0.38598086297871015,0.36642826790742494,0.0,4
0.00034484960725461393,0.1724937415936649,0.10090612549700308,0.0,2
2.5544415352193626e-05,0.0,0.0,0.22319314489151232,0
7.663324605658088e-05,0.08829256155737064,0.21976823100999837,0.9378221589724379,1
2.5544415352193626e-05,0.0,0.0,0.9646247234928927,1
7.663324605658088e-05,0.1724937415936649,0.21079024100200228,0.22319314489151232,0
5.108883070438725e-05,0.0,0.0,0.9646247234928927,1
3.831662302829044e-05,0.0,0.0,0.9646247234928927,1
3.831662302829044e-05,0.0999394523427918,0.17416220250033587,0.22319314489151232,0
1.2772207676096813e-05,0.0,0.0,0.0,2
2.5544415352193626e-05,0.10883143387630967,0.10988411550499919,0.22319314489151232,0
3.831662302829044e-05,0.0999394523427918,0.17416220250033587,0.22319314489151232,0
3.831662302829044e-05,0.0999394523427918,0.17416220250033587,0.22319314489151232,0
0.000204355322817549,0.4353257355052387,0.42580094758187187,0.0,3
3.831662302829044e-05,0.0999394523427918,0.17416220250033587,0.22319314489151232,0
1.2772207676096813e-05,0.0,0.0,0.9646247234928927,1
0.00016603869978925858,0.40272416049814236,0.3897142968682719,0.0,4
3.831662302829044e-05,0.0999394523427918,0.17416220250033587,0.22319314489151232,0
3.831662302829044e-05,0.0999394523427918,0.17416220250033587,0.22319314489151232,0
3.831662302829044e-05,0.0999394523427918,0.17416220250033587,0.22319314489151232,0
0.0003831662302829044,0.5340239393942542,0.4893398894490898,0.0,3
3.831662302829044e-05,0.0999394523427918,0.17416220250033587,0.22319314489151232,0
3.831662302829044e-05,0.0999394523427918,0.17416220250033587,0.22319314489151232,0
3.831662302829044e-05,0.0999394523427918,0.17416220250033587,0.22319314489151232,0
5.108883070438725e-05,0.0,0.0,0.0,2
7.663324605658088e-05,0.1724937415936649,0.21079024100200228,0.22319314489151232,0
3.831662302829044e-05,0.0999394523427918,0.17416220250033587,0.22319314489151232,0
3.831662302829044e-05,0.0999394523427918,0.17416220250033587,0.22319314489151232,0
3.831662302829044e-05,0.0999394523427918,0.17416220250033587,0.22319314489151232,0
3.831662302829044e-05,0.0999394523427918,0.17416220250033587,0.22319314489151232,0
5.108883070438725e-05,0.0,0.0,0.0,2
3.831662302829044e-05,0.0999394523427918,0.17416220250033587,0.22319314489151232,0
3.831662302829044e-05,0.0,0.0,0.0,2
3.831662302829044e-05,0.0999394523427918,0.17416220250033587,0.22319314489151232,0
3.831662302829044e-05,0.0,0.0,0.0,2
3.831662302829044e-05,0.0999394523427918,0.17416220250033587,0.22319314489151232,0
3.831662302829044e-05,0.0999394523427918,0.17416220250033587,0.22319314489151232,0
3.831662302829044e-05,0.0999394523427918,0.17416220250033587,0.22319314489151232,0
0.00011494986908487132,0.16656575390465303,0.23221627000044784,0.22319314489151232,0
2.5544415352193626e-05,0.0,0.0,0.0,2
0.0003831662302829044,0.5340239393942542,0.4677288539765071,0.0,3
2.5544415352193626e-05,0.0,0.10988411550499919,0.0,2
1.2772207676096813e-05,0.0,0.0,0.0,2
5.108883070438725e-05,0.0999394523427918,0.10090612549700308,0.6909602789038798,1
1.2772207676096813e-05,0.0,0.0,0.0,2
1.2772207676096813e-05,0.0,0.0,0.0,2
1.2772207676096813e-05,0.0,0.0,0.0,2
0.00045979947633948526,0.467657304696499,0.47218076116162255,0.22319314489151232,3
3.831662302829044e-05,0.0999394523427918,0.17416220250033587,0.22319314489151232,0
3.831662302829044e-05,0.0999394523427918,0.17416220250033587,0.22319314489151232,0
0.0003831662302829044,0.5340239393942542,0.4672098000571626,0.0,3
1.2772207676096813e-05,0.0,0.0,0.0,2
3.831662302829044e-05,0.0999394523427918,0.17416220250033587,0.22319314489151232,0
2.5544415352193626e-05,0.0,0.0,0.0,2
1.2772207676096813e-05,0.0,0.0,0.0,2
2.5544415352193626e-05,0.0,0.0,0.0,2
2.5544415352193626e-05,0.0,0.0,0.0,2
2.5544415352193626e-05,0.0,0.0,0.0,2
5.108883070438725e-05,0.0,0.0,0.0,2
3.831662302829044e-05,0.0999394523427918,0.17416220250033587,0.22319314489151232,0
3.831662302829044e-05,0.0999394523427918,0.17416220250033587,0.22319314489151232,0
3.831662302829044e-05,0.0999394523427918,0.17416220250033587,0.22319314489151232,0
1.2772207676096813e-05,0.0,0.0,0.0,2
7.663324605658088e-05,0.16563361682323194,0.21118936877090597,0.22319314489151232,0
3.831662302829044e-05,0.10883143387630967,0.10988411550499919,0.9481083009966558,1
3.831662302829044e-05,0.0999394523427918,0.17416220250033587,0.22319314489151232,0
2.5544415352193626e-05,0.0,0.0,0.0,2
3.831662302829044e-05,0.0999394523427918,0.17416220250033587,0.22319314489151232,0
0.0003831662302829044,0.5340239393942542,0.4893398894490898,0.0,3
0.00042148285331119486,0.5423928005696529,0.5156407534926706,0.22319314489151232,3
2.5544415352193626e-05,0.10883143387630967,0.10988411550499919,0.0,2
6.386103838048407e-05,0.0,0.0,0.0,2
1.2772207676096813e-05,0.0,0.0,0.0,2
2.5544415352193626e-05,0.0,0.0,0.0,2
1.2772207676096813e-05,0.0,0.0,0.0,2
7.663324605658088e-05,0.1724937415936649,0.21079024100200228,0.22319314489151232,0
1.2772207676096813e-05,0.0,0.0,0.0,2
3.831662302829044e-05,0.0999394523427918,0.17416220250033587,0.22319314489151232,0
0.00011494986908487132,0.0999394523427918,0.23221627000044784,0.22319314489151232,0
3.831662302829044e-05,0.0999394523427918,0.17416220250033587,0.22319314489151232,0
3.831662302829044e-05,0.0999394523427918,0.17416220250033587,0.22319314489151232,0
0.00011494986908487132,0.21493528007190177,0.23221627000044784,0.22319314489151232,0
0.00042148285331119486,0.5423928005696529,0.5276602126085655,0.22319314489151232,3
2.5544415352193626e-05,0.0,0.0,0.22319314489151232,0
6.386103838048407e-05,0.0,0.0,0.0,2
3.831662302829044e-05,0.0,0.0,0.0,2
5.108883070438725e-05,0.0,0.0,0.0,2
5.108883070438725e-05,0.0999394523427918,0.17416220250033587,0.22319314489151232,0
2.5544415352193626e-05,0.0,0.0,0.0,2
3.831662302829044e-05,0.0999394523427918,0.17416220250033587,0.22319314489151232,0
3.831662302829044e-05,0.0999394523427918,0.17416220250033587,0.22319314489151232,0
3.831662302829044e-05,0.0999394523427918,0.17416220250033587,0.22319314489151232,0
2.5544415352193626e-05,0.0,0.0,0.0,2
3.831662302829044e-05,0.0999394523427918,0.17416220250033587,0.22319314489151232,0
3.831662302829044e-05,0.0999394523427918,0.17416220250033587,0.22319314489151232,0
7.663324605658088e-05,0.1724937415936649,0.21079024100200228,0.22319314489151232,0
1.2772207676096813e-05,0.0,0.0,0.0,2
1.2772207676096813e-05,0.0,0.0,0.0,2
1.2772207676096813e-05,0.0,0.0,0.0,2
3.831662302829044e-05,0.0999394523427918,0.17416220250033587,0.22319314489151232,0
0.00042148285331119486,0.5423928005696529,0.5276602126085655,0.22319314489151232,3
7.663324605658088e-05,0.0999394523427918,0.21079024100200228,0.22319314489151232,0
1.2772207676096813e-05,0.0,0.0,0.0,2
3.831662302829044e-05,0.0999394523427918,0.17416220250033587,0.22319314489151232,0
1.2772207676096813e-05,0.0,0.0,0.0,2
3.831662302829044e-05,0.0999394523427918,0.17416220250033587,0.22319314489151232,0
7.663324605658088e-05,0.0999394523427918,0.21079024100200228,0.22319314489151232,0
7.663324605658088e-05,0.1724937415936649,0.21079024100200228,0.22319314489151232,0
3.831662302829044e-05,0.0999394523427918,0.17416220250033587,0.22319314489151232,0
3.831662302829044e-05,0.0999394523427918,0.17416220250033587,0.22319314489151232,0
1.2772207676096813e-05,0.0,0.0,0.0,2
0.0003831662302829044,0.5340239393942542,0.5098869021769076,0.0,3
0.00016603869978925858,0.0,0.0,0.0,2
1.2772207676096813e-05,0.0,0.10988411550499919,0.5182384337098682,1
0.00015326649211316176,0.0999394523427918,0.24741827950366868,0.22319314489151232,0
3.831662302829044e-05,0.0999394523427918,0.17416220250033587,0.22319314489151232,0
0.00015326649211316176,0.0,0.0,0.0,2
3.831662302829044e-05,0.0999394523427918,0.17416220250033587,0.22319314489151232,0
0.00011494986908487132,0.16656575390465303,0.23221627000044784,0.22319314489151232,0
3.831662302829044e-05,0.0999394523427918,0.17416220250033587,0.22319314489151232,0
3.831662302829044e-05,0.0999394523427918,0.17416220250033587,0.22319314489151232,0
3.831662302829044e-05,0.0999394523427918,0.17416220250033587,0.22319314489151232,0
7.663324605658088e-05,0.1724937415936649,0.21079024100200228,0.22319314489151232,0
0.00042148285331119486,0.5423928005696529,0.5476391427003837,0.22319314489151232,3
3.831662302829044e-05,0.0999394523427918,0.17416220250033587,0.22319314489151232,0
3.831662302829044e-05,0.0999394523427918,0.17416220250033587,0.22319314489151232,0
7.663324605658088e-05,0.0999394523427918,0.21079024100200228,0.22319314489151232,0
2.5544415352193626e-05,0.0,0.0,0.22319314489151232,0
0.0004981160993677757,0.08829256155737064,0.21976823100999837,0.0,4
3.831662302829044e-05,0.0999394523427918,0.17416220250033587,0.22319314489151232,0
5.108883070438725e-05,0.0,0.0,0.0,2
3.831662302829044e-05,0.0999394523427918,0.17416220250033587,0.22319314489151232,0
1.2772207676096813e-05,0.0,0.0,0.0,2
0.00045979947633948526,0.3385992777291432,0.4199648039243915,0.9327252440685158,1
0.00016603869978925858,0.0,0.0,0.0,2
1.2772207676096813e-05,0.0,0.0,0.0,2
1.2772207676096813e-05,0.0,0.0,0.0,2
0.007688869021010281,0.8591918099453829,0.8690214171643209,0.0,3
3.831662302829044e-05,0.0999394523427918,0.17416220250033587,0.22319314489151232,0
3.831662302829044e-05,0.0999394523427918,0.17416220250033587,0.22319314489151232,0
3.831662302829044e-05,0.0999394523427918,0.17416220250033587,0.22319314489151232,0
0.0001021776614087745,0.3055284615672447,0.3084837125189059,0.0,4
0.00925985056517019,0.07209886246285789,1.0,0.22319314489151232,3
3.831662302829044e-05,0.0999394523427918,0.17416220250033587,0.22319314489151232,0
2.5544415352193626e-05,0.0,0.0,0.0,2
1.2772207676096813e-05,0.0,0.0,0.0,2
0.00012772207676096814,0.054770326183837405,0.3483244050006718,0.0,4
3.831662302829044e-05,0.0999394523427918,0.17416220250033587,0.22319314489151232,0
1.2772207676096813e-05,0.0,0.0,0.0,2
0.00016603869978925858,0.33574089240812943,0.3756164142595011,0.0,4
3.831662302829044e-05,0.10883143387630967,0.10988411550499919,0.0,2
0.00011494986908487132,0.21493528007190177,0.23221627000044784,0.22319314489151232,0
0.0006769270068331311,0.4757261610344875,0.0,0.0,4
3.831662302829044e-05,0.0999394523427918,0.17416220250033587,0.22319314489151232,0
3.831662302829044e-05,0.0999394523427918,0.17416220250033587,0.22319314489151232,0
3.831662302829044e-05,0.0999394523427918,0.17416220250033587,0.22319314489151232,0
3.831662302829044e-05,0.0999394523427918,0.17416220250033587,0.22319314489151232,0
1.2772207676096813e-05,0.0,0.0,0.0,2
3.831662302829044e-05,0.0999394523427918,0.17416220250033587,0.22319314489151232,0
2.5544415352193626e-05,0.0,0.0,0.0,2
3.831662302829044e-05,0.0999394523427918,0.17416220250033587,0.22319314489151232,0
3.831662302829044e-05,0.0999394523427918,0.17416220250033587,0.22319314489151232,0
3.831662302829044e-05,0.0999394523427918,0.17416220250033587,0.22319314489151232,0
0.00011494986908487132,0.2618091485313047,0.3021813176387478,0.0,4
7.663324605658088e-05,0.19507830467314216,0.28404631800533503,0.0,4
5.108883070438725e-05,0.21766286775261934,0.21976823100999837,0.0,4
0.00016603869978925858,0.27755723629305845,0.28024193310489687,0.0,4
0.00014049428443706495,0.2580339528443904,0.31277846972780404,0.0,4
3.831662302829044e-05,0.0999394523427918,0.17416220250033587,0.22319314489151232,0
3.831662302829044e-05,0.0999394523427918,0.17416220250033587,0.22319314489151232,0
3.831662302829044e-05,0.0999394523427918,0.17416220250033587,0.22319314489151232,0
0.00014049428443706495,0.3615301978005893,0.3650271304779048,0.0,4
0.00033207739957851715,0.36494114848389697,0.3827345265436502,0.0,4
0.00014049428443706495,0.13502395293045746,0.23764023606371223,0.0,4
0.0002809885688741299,0.31863656003876456,0.0,0.0,2
7.663324605658088e-05,0.13621659696822835,0.1375341639986695,0.0,2
2.5544415352193626e-05,0.10883143387630967,0.10988411550499919,0.0,2
3.831662302829044e-05,0.0999394523427918,0.17416220250033587,0.22319314489151232,0
7.663324605658088e-05,0.1724937415936649,0.21079024100200228,0.22319314489151232,0
3.831662302829044e-05,0.0999394523427918,0.17416220250033587,0.22319314489151232,0
0.00011494986908487132,0.21493528007190177,0.23221627000044784,0.22319314489151232,0
7.663324605658088e-05,0.1724937415936649,0.21079024100200228,0.22319314489151232,0
3.831662302829044e-05,0.0999394523427918,0.17416220250033587,0.22319314489151232,0
3.831662302829044e-05,0.0999394523427918,0.17416220250033587,0.22319314489151232,0
7.663324605658088e-05,0.1724937415936649,0.21079024100200228,0.22319314489151232,0
3.831662302829044e-05,0.0999394523427918,0.17416220250033587,0.22319314489151232,0
0.002439491666134491,0.8158190818056585,0.8248668386216879,0.0,3
3.831662302829044e-05,0.0999394523427918,0.17416220250033587,0.22319314489151232,0
2.5544415352193626e-05,0.0,0.0,0.0,2
7.663324605658088e-05,0.1724937415936649,0.21079024100200228,0.22319314489151232,0
3.831662302829044e-05,0.0999394523427918,0.17416220250033587,0.22319314489151232,0
1.2772207676096813e-05,0.0,0.0,0.0,2
3.831662302829044e-05,0.0999394523427918,0.17416220250033587,0.22319314489151232,0
3.831662302829044e-05,0.0999394523427918,0.17416220250033587,0.22319314489151232,0
3.831662302829044e-05,0.0,0.0,0.0,2
1.2772207676096813e-05,0.0,0.0,0.0,2
1.2772207676096813e-05,0.0,0.0,0.0,2
2.5544415352193626e-05,0.0,0.0,0.0,2
1.2772207676096813e-05,0.0,0.0,0.0,2
1.2772207676096813e-05,0.0,0.0,0.0,2
1.2772207676096813e-05,0.0,0.0,0.0,2
1.2772207676096813e-05,0.0,0.0,0.0,2
1.2772207676096813e-05,0.0,0.0,0.0,2
3.831662302829044e-05,0.0999394523427918,0.17416220250033587,0.22319314489151232,0
3.831662302829044e-05,0.0999394523427918,0.17416220250033587,0.22319314489151232,0
3.831662302829044e-05,0.0999394523427918,0.17416220250033587,0.22319314489151232,0
1.2772207676096813e-05,0.0,0.0,0.0,2
3.831662302829044e-05,0.0999394523427918,0.17416220250033587,0.22319314489151232,0
0.00011494986908487132,0.21493528007190177,0.23221627000044784,0.22319314489151232,0
3.831662302829044e-05,0.0999394523427918,0.17416220250033587,0.22319314489151232,0
1.2772207676096813e-05,0.0,0.0,0.0,2
3.831662302829044e-05,0.0999394523427918,0.17416220250033587,0.22319314489151232,0
5.108883070438725e-05,0.0999394523427918,0.17416220250033587,0.22319314489151232,0
1.2772207676096813e-05,0.0,0.0,0.0,2
1.2772207676096813e-05,0.0,0.0,0.0,2
3.831662302829044e-05,0.0999394523427918,0.17416220250033587,0.22319314489151232,0
1.2772207676096813e-05,0.0,0.0,0.0,2
3.831662302829044e-05,0.0999394523427918,0.17416220250033587,0.22319314489151232,0
3.831662302829044e-05,0.0999394523427918,0.17416220250033587,0.22319314489151232,0
7.663324605658088e-05,0.0999394523427918,0.21079024100200228,0.22319314489151232,0
3.831662302829044e-05,0.0,0.10988411550499919,0.22319314489151232,0
0.00011494986908487132,0.2091661903737558,0.2551430149729056,0.9348940084778403,1
1.2772207676096813e-05,0.0,0.0,0.0,2
3.831662302829044e-05,0.0999394523427918,0.17416220250033587,0.22319314489151232,0
1.2772207676096813e-05,0.0,0.10988411550499919,0.669579434674537,1
3.831662302829044e-05,0.0999394523427918,0.17416220250033587,0.22319314489151232,0
1.2772207676096813e-05,0.0,0.0,0.0,2
0.000753560252889712,0.0,0.0,0.0,2
1.2772207676096813e-05,0.0,0.0,0.0,2
3.831662302829044e-05,0.0999394523427918,0.17416220250033587,0.22319314489151232,0
0.0005236605147199693,0.5791930655532087,0.5847953614879032,0.0,3
0.0006641547991570343,0.617338183523074,0.6233094414706802,0.0,3
0.0003831662302829044,0.5340239393942542,0.517212509877241,0.0,3
2.5544415352193626e-05,0.0,0.0,0.0,2
2.5544415352193626e-05,0.0,0.0,0.0,2
3.831662302829044e-05,0.0999394523427918,0.17416220250033587,0.22319314489151232,0
0.0003831662302829044,0.5340239393942542,0.5144475050278738,0.0,3
1.2772207676096813e-05,0.0,0.0,0.0,2
7.663324605658088e-05,0.0999394523427918,0.21079024100200228,0.22319314489151232,0
3.831662302829044e-05,0.0999394523427918,0.17416220250033587,0.22319314489151232,0
7.663324605658088e-05,0.0999394523427918,0.21079024100200228,0.22319314489151232,0
7.663324605658088e-05,0.1724937415936649,0.21079024100200228,0.22319314489151232,0
3.831662302829044e-05,0.0999394523427918,0.17416220250033587,0.22319314489151232,0
3.831662302829044e-05,0.0999394523427918,0.17416220250033587,0.22319314489151232,0
3.831662302829044e-05,0.0999394523427918,0.17416220250033587,0.22319314489151232,0
0.00016603869978925858,0.0,0.0,0.0,2
1.2772207676096813e-05,0.0,0.0,0.0,2
0.00016603869978925858,0.0,0.0,0.0,2
1.2772207676096813e-05,0.0,0.0,0.0,2
2.5544415352193626e-05,0.0,0.0,0.0,2
2.5544415352193626e-05,0.0,0.0,0.0,2
8.94054537326777e-05,0.2813251754699746,0.28404631800533503,0.0,4
0.00015326649211316176,0.0,0.0,0.0,2
3.831662302829044e-05,0.0999394523427918,0.17416220250033587,0.22319314489151232,0
1.2772207676096813e-05,0.0,0.0,0.0,2
1.2772207676096813e-05,0.0,0.0,0.0,2
0.00016603869978925858,0.0,0.0,0.0,2
1.2772207676096813e-05,0.0,0.0,0.0,2
3.831662302829044e-05,0.0999394523427918,0.17416220250033587,0.22319314489151232,0
1.2772207676096813e-05,0.0,0.0,0.0,2
0.0008429657066223897,0.3184472643082116,0.4253158450123485,0.22319314489151232,4
3.831662302829044e-05,0.0999394523427918,0.17416220250033587,0.22319314489151232,0
3.831662302829044e-05,0.0999394523427918,0.17416220250033587,0.22319314489151232,0
5.108883070438725e-05,0.0999394523427918,0.17416220250033587,0.0,2
3.831662302829044e-05,0.0999394523427918,0.17416220250033587,0.22319314489151232,0
3.831662302829044e-05,0.0999394523427918,0.17416220250033587,0.22319314489151232,0
7.663324605658088e-05,0.1724937415936649,0.21079024100200228,0.22319314489151232,0
0.00016603869978925858,0.21231116846029466,0.39393043351033435,0.0,4
0.0024778082891627816,0.09066641013952323,0.8342904260499097,0.0,4
3.831662302829044e-05,0.0999394523427918,0.17416220250033587,0.22319314489151232,0
3.831662302829044e-05,0.0999394523427918,0.17416220250033587,0.22319314489151232,0
1.2772207676096813e-05,0.0,0.0,0.0,2
1.2772207676096813e-05,0.0,0.0,0.0,2
1.2772207676096813e-05,0.0,0.0,0.0,2
7.663324605658088e-05,0.1724937415936649,0.21079024100200228,0.22319314489151232,0
0.0001788109074653554,0.2813251754699746,0.24741827950366865,0.0,4
1.2772207676096813e-05,0.0,0.0,0.0,2
3.831662302829044e-05,0.0999394523427918,0.17416220250033587,0.22319314489151232,0
1.2772207676096813e-05,0.0,0.0,0.0,2
7.663324605658088e-05,0.1724937415936649,0.21079024100200228,0.22319314489151232,0
0.0003831662302829044,0.38326520005032294,0.40267009723747643,0.0,4
1.2772207676096813e-05,0.0,0.0,0.0,2
3.831662302829044e-05,0.0999394523427918,0.17416220250033587,0.22319314489151232,0
0.0004981160993677757,0.534043656872728,0.510288129368504,0.22319314489151232,3
3.831662302829044e-05,0.0999394523427918,0.17416220250033587,0.22319314489151232,0
0.00016603869978925858,0.0,0.0,0.0,2
3.831662302829044e-05,0.0999394523427918,0.17416220250033587,0.22319314489151232,0
7.663324605658088e-05,0.1724937415936649,0.21079024100200228,0.22319314489151232,0
3.831662302829044e-05,0.0999394523427918,0.17416220250033587,0.22319314489151232,0
3.831662302829044e-05,0.0999394523427918,0.17416220250033587,0.22319314489151232,0
1.2772207676096813e-05,0.0,0.0,0.0,2
1.2772207676096813e-05,0.0,0.0,0.0,2
3.831662302829044e-05,0.0999394523427918,0.17416220250033587,0.22319314489151232,0
1.2772207676096813e-05,0.0,0.0,0.0,2
1.2772207676096813e-05,0.0,0.0,0.0,2
2.5544415352193626e-05,0.0,0.0,0.0,2
1.2772207676096813e-05,0.0,0.0,0.0,2
2.5544415352193626e-05,0.0,0.0,0.0,2
1.2772207676096813e-05,0.0,0.0,0.0,2
1.2772207676096813e-05,0.0,0.0,0.0,2
1.2772207676096813e-05,0.0,0.0,0.0,2
1.2772207676096813e-05,0.0,0.0,0.0,2
1.2772207676096813e-05,0.0,0.0,0.0,2
1.2772207676096813e-05,0.0,0.0,0.0,2
1.2772207676096813e-05,0.0,0.0,0.0,2
2.5544415352193626e-05,0.0,0.0,0.0,2
1.2772207676096813e-05,0.0,0.0,0.0,2
1.2772207676096813e-05,0.0,0.0,0.0,2
1.2772207676096813e-05,0.0,0.0,0.0,2
1.2772207676096813e-05,0.0,0.0,0.0,2
1.2772207676096813e-05,0.0,0.0,0.0,2
2.5544415352193626e-05,0.0,0.0,0.0,2
2.5544415352193626e-05,0.0,0.0,0.0,2
1.2772207676096813e-05,0.0,0.0,0.0,2
1.2772207676096813e-05,0.0,0.0,0.0,2
1.2772207676096813e-05,0.0,0.0,0.0,2
5.108883070438725e-05,0.0,0.0,0.0,2
2.5544415352193626e-05,0.0,0.0,0.0,2
1.2772207676096813e-05,0.0,0.0,0.0,2
3.831662302829044e-05,0.0999394523427918,0.17416220250033587,0.22319314489151232,0
1.2772207676096813e-05,0.0,0.0,0.0,2
3.831662302829044e-05,0.0999394523427918,0.17416220250033587,0.22319314489151232,0
0.00016603869978925858,0.0,0.0,0.0,2
3.831662302829044e-05,0.0999394523427918,0.17416220250033587,0.22319314489151232,0
3.831662302829044e-05,0.0999394523427918,0.17416220250033587,0.22319314489151232,0
0.0003831662302829044,0.5340239393942542,0.5043568924781735,0.0,3
3.831662302829044e-05,0.0999394523427918,0.17416220250033587,0.22319314489151232,0
0.00022989973816974263,0.41440436988346835,0.44914723897034453,0.0,3
1.2772207676096813e-05,0.0,0.0,0.0,2
3.831662302829044e-05,0.0999394523427918,0.17416220250033587,0.22319314489151232,0
3.831662302829044e-05,0.0999394523427918,0.17416220250033587,0.22319314489151232,0
3.831662302829044e-05,0.0999394523427918,0.17416220250033587,0.22319314489151232,0
3.831662302829044e-05,0.0999394523427918,0.17416220250033587,0.22319314489151232,0
0.003001468803882751,0.6287159424182267,0.7309912360745471,0.0,3
0.003001468803882751,0.6287159424182265,0.7309912360745473,0.0,3
1.2772207676096813e-05,0.0,0.0,0.0,2
1.2772207676096813e-05,0.0,0.0,0.0,2
0.00015326649211316176,0.20877088621910148,0.24741827950366868,0.22319314489151232,0
0.003001468803882751,0.6287159424182267,0.7309912360745473,0.0,3
0.003001468803882751,0.6287159424182265,0.7309912360745472,0.0,3
0.003001468803882751,0.6287159424182267,0.7309912360745471,0.0,3
0.003001468803882751,0.6287159424182267,0.7309912360745471,0.0,3
0.003001468803882751,0.6287159424182267,0.7309912360745472,0.0,3
0.0004981160993677757,0.571139476167002,0.5766638730490983,0.0,3
0.003001468803882751,0.6287159424182267,0.7309912360745474,0.0,3
0.003141963088319816,0.2855063972617619,0.8476708309861293,0.0,3
0.003001468803882751,0.6287159424182265,0.7309912360745471,0.0,3
0.003001468803882751,0.6287159424182267,0.7309912360745471,0.0,3
0.003001468803882751,0.6287159424182268,0.7309912360745471,0.0,3
0.003001468803882751,0.6287159424182267,0.7309912360745471,0.0,3
1.2772207676096813e-05,0.0,0.0,0.0,2
3.831662302829044e-05,0.0999394523427918,0.17416220250033587,0.22319314489151232,0
0.009004406411648253,0.6287159424182267,0.7309912360745471,0.0,3
0.003001468803882751,0.6287159424182267,0.7309912360745473,0.0,3
1.2772207676096813e-05,0.0,0.0,0.0,2
3.831662302829044e-05,0.0999394523427918,0.17416220250033587,0.22319314489151232,0
3.831662302829044e-05,0.0999394523427918,0.17416220250033587,0.22319314489151232,0
1.2772207676096813e-05,0.0,0.0,0.0,2
2.5544415352193626e-05,0.0,0.0,0.9646247234928927,1
2.5544415352193626e-05,0.0,0.0,0.0,2
1.2772207676096813e-05,0.0,0.0,0.0,2
3.831662302829044e-05,0.0999394523427918,0.17416220250033587,0.22319314489151232,0
5.108883070438725e-05,0.10883143387630967,0.10988411550499919,0.22319314489151232,0
0.0003831662302829044,0.2813251754699746,0.28404631800533503,0.0,4
3.831662302829044e-05,0.0999394523427918,0.17416220250033587,0.22319314489151232,0
3.831662302829044e-05,0.0999394523427918,0.17416220250033587,0.22319314489151232,0
3.831662302829044e-05,0.0999394523427918,0.17416220250033587,0.22319314489151232,0
0.0007152436298614215,0.39947750227574735,0.40353744125560653,0.22319314489151232,3
7.663324605658088e-05,0.0999394523427918,0.21079024100200228,0.22319314489151232,0
1.2772207676096813e-05,0.0,0.0,0.0,2
0.000204355322817549,0.32914951330982384,0.43953646201999674,0.0,4
0.0001915831151414522,0.29194997804094375,0.4000027866719084,0.0,4
0.0001788109074653554,0.2744337661740134,0.386972366451048,0.0,4
0.000204355322817549,0.2838822889206473,0.42580094758187187,0.0,4
0.00021712753049364582,0.30230943337920557,0.42329215296916817,0.0,4
5.108883070438725e-05,0.0,0.0,0.0,2
3.831662302829044e-05,0.0,0.0,0.0,2
0.00011494986908487132,0.0,0.0,0.0,2
0.00011494986908487132,0.0,0.0,0.0,2
0.00011494986908487132,0.0,0.0,0.0,2
3.831662302829044e-05,0.0999394523427918,0.17416220250033587,0.22319314489151232,0
7.663324605658088e-05,0.0,0.0,0.0,2
0.00015326649211316176,0.0,0.0,0.0,2
3.831662302829044e-05,0.0999394523427918,0.17416220250033587,0.22319314489151232,0
1.2772207676096813e-05,0.0,0.0,0.0,2
2.5544415352193626e-05,0.0,0.0,0.0,2
1.2772207676096813e-05,0.0,0.0,0.0,2
7.663324605658088e-05,0.1724937415936649,0.21079024100200228,0.22319314489151232,0
7.663324605658088e-05,0.1724937415936649,0.21079024100200228,0.22319314489151232,0
1.2772207676096813e-05,0.0,0.0,0.0,2
1.2772207676096813e-05,0.0,0.0,0.0,2
1.2772207676096813e-05,0.0,0.0,0.0,2
1.2772207676096813e-05,0.0,0.0,0.0,2
3.831662302829044e-05,0.0999394523427918,0.17416220250033587,0.22319314489151232,0
1.2772207676096813e-05,0.0,0.0,0.0,2
1.2772207676096813e-05,0.0,0.0,0.0,2
1.2772207676096813e-05,0.0,0.0,0.0,2
1.2772207676096813e-05,0.0,0.0,0.0,2
1.2772207676096813e-05,0.0,0.0,0.0,2
1.2772207676096813e-05,0.0,0.0,0.0,2
1.2772207676096813e-05,0.0,0.0,0.0,2
1.2772207676096813e-05,0.0,0.0,0.0,2
1.2772207676096813e-05,0.0,0.0,0.0,2
3.831662302829044e-05,0.0999394523427918,0.17416220250033587,0.22319314489151232,0
1.2772207676096813e-05,0.0,0.0,0.0,2
1.2772207676096813e-05,0.0,0.0,0.0,2
1.2772207676096813e-05,0.0,0.0,0.0,2
1.2772207676096813e-05,0.0,0.0,0.0,2
1.2772207676096813e-05,0.0,0.0,0.0,2
0.00016603869978925858,0.0,0.0,0.0,2
0.00016603869978925858,0.0,0.0,0.0,2
0.00016603869978925858,0.0,0.0,0.0,2
0.00033207739957851715,0.0,0.0,0.0,2
0.00033207739957851715,0.0,0.0,0.0,2
1.2772207676096813e-05,0.0,0.0,0.0,2
0.00011494986908487132,0.16656575390465303,0.23221627000044784,0.22319314489151232,0
3.831662302829044e-05,0.0999394523427918,0.17416220250033587,0.22319314489151232,0
1.2772207676096813e-05,0.0,0.0,0.0,2
3.831662302829044e-05,0.0999394523427918,0.17416220250033587,0.22319314489151232,0
3.831662302829044e-05,0.0999394523427918,0.17416220250033587,0.22319314489151232,0
1.2772207676096813e-05,0.0,0.0,0.0,2
2.5544415352193626e-05,0.0,0.0,0.0,2
3.831662302829044e-05,0.0999394523427918,0.17416220250033587,0.22319314489151232,0
3.831662302829044e-05,0.0999394523427918,0.17416220250033587,0.22319314489151232,0
7.663324605658088e-05,0.1724937415936649,0.21079024100200228,0.22319314489151232,0
3.831662302829044e-05,0.0999394523427918,0.17416220250033587,0.22319314489151232,0
1.2772207676096813e-05,0.0,0.0,0.0,2
1.2772207676096813e-05,0.0,0.0,0.0,2
0.0003831662302829044,0.5340239393942542,0.45128204057424137,0.0,3
3.831662302829044e-05,0.0999394523427918,0.17416220250033587,0.22319314489151232,0
0.0016092981671881985,0.5586674156477552,0.6436376484482172,0.0,3
1.2772207676096813e-05,0.0,0.0,0.0,2
1.2772207676096813e-05,0.0,0.0,0.0,2
1.2772207676096813e-05,0.0,0.0,0.0,2
1.2772207676096813e-05,0.0,0.0,0.0,2
2.5544415352193626e-05,0.0,0.0,0.0,2
1.2772207676096813e-05,0.0,0.0,0.0,2
3.831662302829044e-05,0.0999394523427918,0.17416220250033587,0.22319314489151232,0
1.2772207676096813e-05,0.0,0.0,0.0,2
1.2772207676096813e-05,0.0,0.0,0.0,2
3.831662302829044e-05,0.0999394523427918,0.17416220250033587,0.22319314489151232,0
2.5544415352193626e-05,0.0,0.0,0.0,2
1.2772207676096813e-05,0.0,0.0,0.0,2
1.2772207676096813e-05,0.0,0.10988411550499919,0.669579434674537,1
1.2772207676096813e-05,0.0,0.10988411550499919,0.669579434674537,1
0.00011494986908487132,0.21493528007190177,0.23221627000044784,0.22319314489151232,0
2.5544415352193626e-05,0.10883143387630967,0.10988411550499919,0.0,2
1.2772207676096813e-05,0.0,0.10988411550499919,0.669579434674537,1
2.5544415352193626e-05,0.10883143387630967,0.10988411550499919,0.0,2
2.5544415352193626e-05,0.0,0.0,0.0,2
3.831662302829044e-05,0.0999394523427918,0.17416220250033587,0.22319314489151232,0
1.2772207676096813e-05,0.0,0.0,0.0,2
3.831662302829044e-05,0.0999394523427918,0.17416220250033587,0.22319314489151232,0
2.5544415352193626e-05,0.0,0.0,0.0,2
3.831662302829044e-05,0.0999394523427918,0.17416220250033587,0.22319314489151232,0
3.831662302829044e-05,0.0999394523427918,0.17416220250033587,0.22319314489151232,0
3.831662302829044e-05,0.0999394523427918,0.17416220250033587,0.22319314489151232,0
0.0009834599910594547,0.0,0.0,0.0,2
3.831662302829044e-05,0.0999394523427918,0.17416220250033587,0.22319314489151232,0
1.2772207676096813e-05,0.0,0.0,0.0,2
1.2772207676096813e-05,0.0,0.0,0.0,2
3.831662302829044e-05,0.0999394523427918,0.17416220250033587,0.22319314489151232,0
6.386103838048407e-05,0.0,0.0,0.0,2
1.2772207676096813e-05,0.0,0.0,0.0,2
0.0003831662302829044,0.5340239393942542,0.5025612944765743,0.0,3
3.831662302829044e-05,0.0999394523427918,0.17416220250033587,0.22319314489151232,0
0.0003831662302829044,0.5340239393942542,0.5318637252779074,0.0,3
5.108883070438725e-05,0.0999394523427918,0.17416220250033587,0.0,2
1.2772207676096813e-05,0.0,0.0,0.0,2
1.2772207676096813e-05,0.0,0.0,0.0,2
1.2772207676096813e-05,0.0,0.0,0.0,2
0.00022989973816974263,0.13853214112785928,0.1398721054631088,0.1886765340817471,0
1.2772207676096813e-05,0.0,0.0,0.0,2
7.663324605658088e-05,0.1724937415936649,0.21079024100200228,0.22319314489151232,0
2.5544415352193626e-05,0.10883143387630967,0.10988411550499919,0.0,2
1.2772207676096813e-05,0.0,0.0,0.0,2
1.2772207676096813e-05,0.0,0.0,0.0,2
3.831662302829044e-05,0.0999394523427918,0.17416220250033587,0.22319314489151232,0
5.108883070438725e-05,0.0999394523427918,0.10090612549700308,0.6909602789038798,1
1.2772207676096813e-05,0.0,0.0,0.0,2
7.663324605658088e-05,0.1724937415936649,0.21079024100200228,0.22319314489151232,0
3.831662302829044e-05,0.0,0.10090612549700308,0.0,2
3.831662302829044e-05,0.0999394523427918,0.17416220250033587,0.22319314489151232,0
7.663324605658088e-05,0.0999394523427918,0.21079024100200228,0.22319314489151232,0
1.2772207676096813e-05,0.0,0.0,0.0,2
3.831662302829044e-05,0.0999394523427918,0.17416220250033587,0.22319314489151232,0
0.0003831662302829044,0.5340239393942542,0.4823800693771737,0.0,3
3.831662302829044e-05,0.0999394523427918,0.17416220250033587,0.22319314489151232,0
3.831662302829044e-05,0.0999394523427918,0.17416220250033587,0.22319314489151232,0
3.831662302829044e-05,0.0999394523427918,0.17416220250033587,0.22319314489151232,0
3.831662302829044e-05,0.0999394523427918,0.17416220250033587,0.22319314489151232,0
3.831662302829044e-05,0.0999394523427918,0.17416220250033587,0.22319314489151232,0
2.5544415352193626e-05,0.0,0.0,0.0,2
3.831662302829044e-05,0.0999394523427918,0.17416220250033587,0.22319314489151232,0
0.0006513825914809375,0.603879337229249,0.6097204133007903,0.0,3
3.831662302829044e-05,0.0999394523427918,0.17416220250033587,0.22319314489151232,0
3.831662302829044e-05,0.0999394523427918,0.17416220250033587,0.22319314489151232,0
3.831662302829044e-05,0.0999394523427918,0.17416220250033587,0.22319314489151232,0
3.831662302829044e-05,0.0999394523427918,0.17416220250033587,0.22319314489151232,0
1.2772207676096813e-05,0.0,0.0,0.0,2
1.2772207676096813e-05,0.0,0.0,0.0,2
3.831662302829044e-05,0.0999394523427918,0.17416220250033587,0.22319314489151232,0
3.831662302829044e-05,0.0999394523427918,0.17416220250033587,0.22319314489151232,0
1.2772207676096813e-05,0.0,0.0,0.0,2
1.2772207676096813e-05,0.0,0.0,0.0,2
1.2772207676096813e-05,0.0,0.0,0.0,2
1.2772207676096813e-05,0.0,0.0,0.0,2
1.2772207676096813e-05,0.0,0.0,0.0,2
1.2772207676096813e-05,0.0,0.10988411550499919,0.669579434674537,1
3.831662302829044e-05,0.0999394523427918,0.17416220250033587,0.22319314489151232,0
0.0002937607765502267,0.10818173323140852,0.0,0.0,2
1.2772207676096813e-05,0.0,0.0,0.0,2
7.663324605658088e-05,0.1724937415936649,0.21079024100200228,0.22319314489151232,0
3.831662302829044e-05,0.0999394523427918,0.17416220250033587,0.22319314489151232,0
3.831662302829044e-05,0.0999394523427918,0.17416220250033587,0.22319314489151232,0
7.663324605658088e-05,0.1724937415936649,0.21079024100200228,0.22319314489151232,0
2.5544415352193626e-05,0.0,0.0,0.0,2
0.0001021776614087745,0.0,0.0,0.0,2
3.831662302829044e-05,0.0999394523427918,0.17416220250033587,0.22319314489151232,0
3.831662302829044e-05,0.0999394523427918,0.17416220250033587,0.22319314489151232,0
1.2772207676096813e-05,0.0,0.0,0.0,2
3.831662302829044e-05,0.0999394523427918,0.17416220250033587,0.22319314489151232,0
3.831662302829044e-05,0.0999394523427918,0.17416220250033587,0.22319314489151232,0
1.2772207676096813e-05,0.0,0.0,0.0,2
3.831662302829044e-05,0.0999394523427918,0.17416220250033587,0.22319314489151232,0
3.831662302829044e-05,0.0999394523427918,0.17416220250033587,0.22319314489151232,0
7.663324605658088e-05,0.1724937415936649,0.21079024100200228,0.22319314489151232,0
0.0003831662302829044,0.5115555943744521,0.45898507222502,0.0,3
1.2772207676096813e-05,0.0,0.0,0.0,2
3.831662302829044e-05,0.0999394523427918,0.17416220250033587,0.22319314489151232,0
3.831662302829044e-05,0.0999394523427918,0.17416220250033587,0.22319314489151232,0
3.831662302829044e-05,0.0999394523427918,0.17416220250033587,0.22319314489151232,0
3.831662302829044e-05,0.0999394523427918,0.17416220250033587,0.22319314489151232,0
3.831662302829044e-05,0.0999394523427918,0.17416220250033587,0.22319314489151232,0
3.831662302829044e-05,0.0999394523427918,0.17416220250033587,0.22319314489151232,0
3.831662302829044e-05,0.0999394523427918,0.17416220250033587,0.22319314489151232,0
1.2772207676096813e-05,0.0,0.0,0.0,2
1.2772207676096813e-05,0.0,0.0,0.0,2
3.831662302829044e-05,0.0999394523427918,0.17416220250033587,0.22319314489151232,0
1.2772207676096813e-05,0.0,0.0,0.0,2
3.831662302829044e-05,0.0999394523427918,0.17416220250033587,0.22319314489151232,0
3.831662302829044e-05,0.0,0.0,0.0,2
5.108883070438725e-05,0.0,0.0,0.0,2
3.831662302829044e-05,0.0999394523427918,0.17416220250033587,0.22319314489151232,0
5.108883070438725e-05,0.0,0.0,0.0,2
7.663324605658088e-05,0.0,0.0,0.0,2
6.386103838048407e-05,0.0,0.0,0.0,2
6.386103838048407e-05,0.0,0.0,0.0,2
6.386103838048407e-05,0.0,0.0,0.0,2
3.831662302829044e-05,0.0,0.0,0.0,2
7.663324605658088e-05,0.0,0.0,0.0,2
0.00014049428443706495,0.0,0.0,0.0,2
6.386103838048407e-05,0.0,0.0,0.0,2
3.831662302829044e-05,0.0,0.0,0.0,2
1.2772207676096813e-05,0.0,0.0,0.0,2
7.663324605658088e-05,0.0,0.0,0.0,2
6.386103838048407e-05,0.0,0.0,0.0,2
1.2772207676096813e-05,0.0,0.0,0.0,2
1.2772207676096813e-05,0.0,0.0,0.0,2
0.00014049428443706495,0.21493528007190177,0.26585164516611554,0.8936332546891683,1
3.831662302829044e-05,0.0999394523427918,0.17416220250033587,0.22319314489151232,0
3.831662302829044e-05,0.0,0.0,0.0,2
3.831662302829044e-05,0.0,0.0,0.0,2
7.663324605658088e-05,0.1724937415936649,0.21079024100200228,0.22319314489151232,0
3.831662302829044e-05,0.0999394523427918,0.17416220250033587,0.22319314489151232,0
3.831662302829044e-05,0.0999394523427918,0.17416220250033587,0.22319314489151232,0
3.831662302829044e-05,0.0999394523427918,0.17416220250033587,0.22319314489151232,0
6.386103838048407e-05,0.1724937415936649,0.17416220250033587,0.9378221589724379,1
1.2772207676096813e-05,0.0,0.0,0.0,2
2.5544415352193626e-05,0.0,0.0,0.0,2
7.663324605658088e-05,0.10566994541755685,0.21118936877090597,0.22319314489151232,0
2.5544415352193626e-05,0.0,0.0,0.0,2
1.2772207676096813e-05,0.0,0.0,0.0,2
1.2772207676096813e-05,0.0,0.0,0.0,2
2.5544415352193626e-05,0.0,0.0,0.0,2
7.663324605658088e-05,0.0999394523427918,0.17416220250033587,0.22319314489151232,0
1.2772207676096813e-05,0.0,0.0,0.0,2
1.2772207676096813e-05,0.0,0.0,0.0,2
2.5544415352193626e-05,0.0,0.0,0.0,2
5.108883070438725e-05,0.0,0.0,0.9646247234928927,1
1.2772207676096813e-05,0.0,0.0,0.0,2
1.2772207676096813e-05,0.0,0.0,0.0,2
2.5544415352193626e-05,0.0,0.0,0.0,2
2.5544415352193626e-05,0.0,0.0,0.0,2
5.108883070438725e-05,0.0999394523427918,0.17416220250033587,0.22319314489151232,0
1.2772207676096813e-05,0.0,0.0,0.0,2
3.831662302829044e-05,0.0999394523427918,0.17416220250033587,0.22319314489151232,0
2.5544415352193626e-05,0.0,0.0,0.0,2
5.108883070438725e-05,0.0,0.0,0.9481083009966558,1
5.108883070438725e-05,0.0,0.0,0.0,2
2.5544415352193626e-05,0.0,0.0,0.0,2
0.0002937607765502267,0.0,0.0,0.9481083009966558,1
3.831662302829044e-05,0.0999394523427918,0.17416220250033587,0.22319314489151232,0
2.5544415352193626e-05,0.0,0.0,0.0,2
1.2772207676096813e-05,0.0,0.0,0.0,2
1.2772207676096813e-05,0.0,0.0,0.0,2
1.2772207676096813e-05,0.0,0.10988411550499919,0.669579434674537,1
1.2772207676096813e-05,0.0,0.0,0.0,2
3.831662302829044e-05,0.0999394523427918,0.17416220250033587,0.22319314489151232,0
3.831662302829044e-05,0.0999394523427918,0.17416220250033587,0.22319314489151232,0
1.2772207676096813e-05,0.0,0.0,0.0,2
3.831662302829044e-05,0.0999394523427918,0.17416220250033587,0.22319314489151232,0
2.5544415352193626e-05,0.0,0.0,0.0,2
2.5544415352193626e-05,0.0,0.0,0.9646247234928927,1
2.5544415352193626e-05,0.0,0.0,0.0,2
0.0003959384379590012,0.1875417472967669,0.32121669996984153,0.9365503542120766,1
3.831662302829044e-05,0.0999394523427918,0.17416220250033587,0.22319314489151232,0
2.5544415352193626e-05,0.0,0.0,0.9481083009966558,1
7.663324605658088e-05,0.1632471508144645,0.21976823100999837,0.9547339955938489,1
0.000408710645635098,0.37649490345334,0.3801365835639871,0.0,4
6.386103838048407e-05,0.0999394523427918,0.17416220250033587,0.22319314489151232,0
1.2772207676096813e-05,0.0,0.0,0.0,2
1.2772207676096813e-05,0.0,0.0,0.0,2
3.831662302829044e-05,0.0999394523427918,0.17416220250033587,0.22319314489151232,0
2.5544415352193626e-05,0.0,0.0,0.9646247234928927,1
1.2772207676096813e-05,0.0,0.0,0.0,2
2.5544415352193626e-05,0.0,0.0,0.0,2
1.2772207676096813e-05,0.0,0.0,0.0,2
1.2772207676096813e-05,0.0,0.0,0.0,2
3.831662302829044e-05,0.0999394523427918,0.17416220250033587,0.22319314489151232,0
1.2772207676096813e-05,0.0,0.0,0.0,2
3.831662302829044e-05,0.0999394523427918,0.17416220250033587,0.22319314489151232,0
7.663324605658088e-05,0.1724937415936649,0.21079024100200228,0.22319314489151232,0
7.663324605658088e-05,0.1724937415936649,0.21079024100200228,0.22319314489151232,0
3.831662302829044e-05,0.0999394523427918,0.17416220250033587,0.22319314489151232,0
3.831662302829044e-05,0.0999394523427918,0.17416220250033587,0.22319314489151232,0
3.831662302829044e-05,0.0999394523427918,0.17416220250033587,0.22319314489151232,0
3.831662302829044e-05,0.0999394523427918,0.17416220250033587,0.22319314489151232,0
3.831662302829044e-05,0.0999394523427918,0.17416220250033587,0.22319314489151232,0
2.5544415352193626e-05,0.0,0.0,0.0,2
1.2772207676096813e-05,0.0,0.0,0.0,2
2.5544415352193626e-05,0.0,0.0,0.0,2
7.663324605658088e-05,0.1724937415936649,0.21079024100200228,0.22319314489151232,0
3.831662302829044e-05,0.0999394523427918,0.17416220250033587,0.22319314489151232,0
3.831662302829044e-05,0.0999394523427918,0.17416220250033587,0.22319314489151232,0
1.2772207676096813e-05,0.0,0.0,0.0,2
0.0007791046682419056,0.368807120239092,0.4540995175502378,0.22319314489151232,3
3.831662302829044e-05,0.0999394523427918,0.10090612549700308,0.22319314489151232,0
3.831662302829044e-05,0.0999394523427918,0.17416220250033587,0.22319314489151232,0
3.831662302829044e-05,0.0999394523427918,0.17416220250033587,0.22319314489151232,0
0.00011494986908487132,0.16656575390465303,0.23221627000044784,0.22319314489151232,0
7.663324605658088e-05,0.1724937415936649,0.21079024100200228,0.22319314489151232,0
1.2772207676096813e-05,0.0,0.0,0.0,2
2.5544415352193626e-05,0.0,0.0,0.0,2
0.0003831662302829044,0.37649490345334,0.3801365835639871,0.0,4
0.00042148285331119486,0.2992864431598516,0.32965234651499753,0.22319314489151232,4
7.663324605658088e-05,0.0,0.0,0.0,2
5.108883070438725e-05,0.0999394523427918,0.17416220250033587,0.22319314489151232,0
1.2772207676096813e-05,0.0,0.0,0.9481083009966558,1
2.5544415352193626e-05,0.10883143387630967,0.10988411550499919,0.0,2
3.831662302829044e-05,0.0999394523427918,0.17416220250033587,0.22319314489151232,0
3.831662302829044e-05,0.0999394523427918,0.17416220250033587,0.22319314489151232,0
0.00042148285331119486,0.5423928005696529,0.502654000972444,0.22319314489151232,3
3.831662302829044e-05,0.1724937415936649,0.10090612549700308,0.0,2
5.108883070438725e-05,0.0,0.10988411550499919,0.669579434674537,1
1.2772207676096813e-05,0.0,0.0,0.0,2
1.2772207676096813e-05,0.0,0.0,0.0,2
3.831662302829044e-05,0.0999394523427918,0.17416220250033587,0.22319314489151232,0
1.2772207676096813e-05,0.0,0.0,0.0,2
0.0009068267450028737,0.11239088299609813,0.3464931179623849,0.7679727007286123,1
2.5544415352193626e-05,0.0,0.0,0.0,2
1.2772207676096813e-05,0.0,0.0,0.0,2
2.5544415352193626e-05,0.0,0.0,0.0,2
1.2772207676096813e-05,0.0,0.0,0.0,2
2.5544415352193626e-05,0.0,0.0,0.0,2
1.2772207676096813e-05,0.0,0.0,0.0,2
0.0003831662302829044,0.4780222031609094,0.46171560730400363,0.0,3
1.2772207676096813e-05,0.0,0.0,0.0,2
3.831662302829044e-05,0.0999394523427918,0.17416220250033587,0.22319314489151232,0
5.108883070438725e-05,0.0999394523427918,0.17416220250033587,0.22319314489151232,0
3.831662302829044e-05,0.0999394523427918,0.17416220250033587,0.22319314489151232,0
2.5544415352193626e-05,0.0,0.0,0.0,2
1.2772207676096813e-05,0.0,0.0,0.0,2
3.831662302829044e-05,0.0999394523427918,0.17416220250033587,0.22319314489151232,0
1.2772207676096813e-05,0.0,0.0,0.0,2
1.2772207676096813e-05,0.0,0.0,0.0,2
5.108883070438725e-05,0.0,0.0,0.0,2
1.2772207676096813e-05,0.0,0.0,0.0,2
2.5544415352193626e-05,0.0,0.0,0.0,2
2.5544415352193626e-05,0.0,0.0,0.0,2
5.108883070438725e-05,0.0,0.10988411550499919,0.3537527650710707,0
1.2772207676096813e-05,0.0,0.0,0.0,2
3.831662302829044e-05,0.0999394523427918,0.17416220250033587,0.22319314489151232,0
2.5544415352193626e-05,0.10883143387630967,0.10988411550499919,0.0,2
6.386103838048407e-05,0.14920251896808073,0.21118936877090597,0.0,4
7.663324605658088e-05,0.1724937415936649,0.21079024100200228,0.22319314489151232,0
2.5544415352193626e-05,0.10883143387630967,0.10988411550499919,0.0,2
1.2772207676096813e-05,0.0,0.0,0.0,2
1.2772207676096813e-05,0.0,0.0,0.0,2
2.5544415352193626e-05,0.0,0.0,0.0,2
3.831662302829044e-05,0.0999394523427918,0.17416220250033587,0.22319314489151232,0
2.5544415352193626e-05,0.0,0.0,0.0,2
3.831662302829044e-05,0.0999394523427918,0.17416220250033587,0.22319314489151232,0
1.2772207676096813e-05,0.0,0.0,0.0,2
5.108883070438725e-05,0.0,0.10988411550499919,0.3537527650710707,0
3.831662302829044e-05,0.1724937415936649,0.17416220250033587,0.0,4
2.5544415352193626e-05,0.0,0.0,0.0,2
3.831662302829044e-05,0.0,0.10988411550499919,0.22319314489151232,0
3.831662302829044e-05,0.0999394523427918,0.17416220250033587,0.22319314489151232,0
1.2772207676096813e-05,0.0,0.0,0.0,2
1.2772207676096813e-05,0.0,0.0,0.0,2
1.2772207676096813e-05,0.0,0.0,0.0,2
1.2772207676096813e-05,0.0,0.0,0.0,2
1.2772207676096813e-05,0.0,0.0,0.0,2
1.2772207676096813e-05,0.0,0.0,0.0,2
1.2772207676096813e-05,0.0,0.0,0.0,2
1.2772207676096813e-05,0.0,0.0,0.0,2
1.2772207676096813e-05,0.0,0.0,0.0,2
1.2772207676096813e-05,0.0,0.10988411550499919,0.669579434674537,1
1.2772207676096813e-05,0.0,0.0,0.0,2
1.2772207676096813e-05,0.0,0.0,0.0,2
1.2772207676096813e-05,0.0,0.0,0.0,2
1.2772207676096813e-05,0.0,0.0,0.0,2
1.2772207676096813e-05,0.0,0.0,0.0,2
0.00012772207676096814,0.1632471508144645,0.21976823100999837,0.22319314489151232,0
2.5544415352193626e-05,0.0,0.0,0.0,2
1.2772207676096813e-05,0.0,0.0,0.0,2
1.2772207676096813e-05,0.0,0.0,0.0,2
1.2772207676096813e-05,0.0,0.0,0.0,2
1.2772207676096813e-05,0.0,0.0,0.0,2
1.2772207676096813e-05,0.0,0.0,0.0,2
1.2772207676096813e-05,0.0,0.0,0.0,2
1.2772207676096813e-05,0.0,0.0,0.0,2
5.108883070438725e-05,0.0999394523427918,0.17416220250033587,0.22319314489151232,0
0.0006769270068331311,0.4426765474992685,0.41349769713096196,0.22319314489151232,3
2.5544415352193626e-05,0.0,0.0,0.0,2
1.2772207676096813e-05,0.0,0.0,0.0,2
7.663324605658088e-05,0.0,0.0,0.0,2
1.2772207676096813e-05,0.0,0.0,0.0,2
5.108883070438725e-05,0.0,0.17416220250033587,0.9378221589724379,1
1.2772207676096813e-05,0.0,0.0,0.0,2
1.2772207676096813e-05,0.0,0.0,0.0,2
3.831662302829044e-05,0.0999394523427918,0.17416220250033587,0.22319314489151232,0
2.5544415352193626e-05,0.0,0.10988411550499919,0.0,2
1.2772207676096813e-05,0.0,0.0,0.0,2
3.831662302829044e-05,0.0999394523427918,0.17416220250033587,0.22319314489151232,0
1.2772207676096813e-05,0.0,0.0,0.0,2
1.2772207676096813e-05,0.0,0.0,0.0,2
2.5544415352193626e-05,0.0,0.0,0.0,2
2.5544415352193626e-05,0.0,0.0,0.0,2
2.5544415352193626e-05,0.0,0.0,0.0,2
2.5544415352193626e-05,0.0,0.0,0.0,2
6.386103838048407e-05,0.0,0.0,0.0,2
2.5544415352193626e-05,0.0,0.0,0.0,2
3.831662302829044e-05,0.0,0.0,0.0,2
2.5544415352193626e-05,0.0,0.0,0.0,2
2.5544415352193626e-05,0.0,0.0,0.0,2
3.831662302829044e-05,0.0999394523427918,0.17416220250033587,0.22319314489151232,0
7.663324605658088e-05,0.1724937415936649,0.21079024100200228,0.22319314489151232,0
0.0003831662302829044,0.5340239393942542,0.4823800693771737,0.0,3
7.663324605658088e-05,0.1724937415936649,0.21079024100200228,0.22319314489151232,0
1.2772207676096813e-05,0.0,0.0,0.0,2
1.2772207676096813e-05,0.0,0.0,0.0,2
1.2772207676096813e-05,0.0,0.0,0.0,2
2.5544415352193626e-05,0.0,0.0,0.0,2
1.2772207676096813e-05,0.0,0.0,0.0,2
3.831662302829044e-05,0.0999394523427918,0.17416220250033587,0.22319314489151232,0
3.831662302829044e-05,0.0999394523427918,0.17416220250033587,0.22319314489151232,0
3.831662302829044e-05,0.0999394523427918,0.17416220250033587,0.22319314489151232,0
1.2772207676096813e-05,0.0,0.0,0.0,2
3.831662302829044e-05,0.0999394523427918,0.17416220250033587,0.22319314489151232,0
7.663324605658088e-05,0.0999394523427918,0.21079024100200228,0.22319314489151232,0
1.2772207676096813e-05,0.0,0.0,0.0,2
3.831662302829044e-05,0.0999394523427918,0.17416220250033587,0.22319314489151232,0
5.108883070438725e-05,0.0,0.0,0.0,2
3.831662302829044e-05,0.0999394523427918,0.17416220250033587,0.22319314489151232,0
6.386103838048407e-05,0.0,0.0,0.0,2
3.831662302829044e-05,0.0999394523427918,0.17416220250033587,0.22319314489151232,0
3.831662302829044e-05,0.0999394523427918,0.17416220250033587,0.22319314489151232,0
1.2772207676096813e-05,0.0,0.0,0.0,2
1.2772207676096813e-05,0.0,0.0,0.0,2
1.2772207676096813e-05,0.0,0.10988411550499919,0.7075055301421415,1
1.2772207676096813e-05,0.0,0.10988411550499919,0.669579434674537,1
0.00042148285331119486,0.1415247460117537,0.2256100141725695,0.6265823738807034,1
1.2772207676096813e-05,0.0,0.0,0.0,2
3.831662302829044e-05,0.0999394523427918,0.17416220250033587,0.22319314489151232,0
1.2772207676096813e-05,0.0,0.0,0.0,2
7.663324605658088e-05,0.0999394523427918,0.21079024100200228,0.22319314489151232,0
3.831662302829044e-05,0.0999394523427918,0.17416220250033587,0.22319314489151232,0
3.831662302829044e-05,0.0999394523427918,0.17416220250033587,0.22319314489151232,0
3.831662302829044e-05,0.0999394523427918,0.17416220250033587,0.22319314489151232,0
0.00011494986908487132,0.16656575390465303,0.23221627000044784,0.22319314489151232,0
3.831662302829044e-05,0.0999394523427918,0.17416220250033587,0.22319314489151232,0
3.831662302829044e-05,0.0999394523427918,0.17416220250033587,0.22319314489151232,0
3.831662302829044e-05,0.0999394523427918,0.17416220250033587,0.22319314489151232,0
7.663324605658088e-05,0.1724937415936649,0.21079024100200228,0.22319314489151232,0
3.831662302829044e-05,0.0999394523427918,0.17416220250033587,0.22319314489151232,0
3.831662302829044e-05,0.0999394523427918,0.17416220250033587,0.22319314489151232,0
7.663324605658088e-05,0.1724937415936649,0.21079024100200228,0.22319314489151232,0
3.831662302829044e-05,0.0999394523427918,0.17416220250033587,0.22319314489151232,0
3.831662302829044e-05,0.0999394523427918,0.17416220250033587,0.22319314489151232,0
7.663324605658088e-05,0.0999394523427918,0.21079024100200228,0.22319314489151232,0
3.831662302829044e-05,0.0999394523427918,0.17416220250033587,0.22319314489151232,0
3.831662302829044e-05,0.0999394523427918,0.17416220250033587,0.22319314489151232,0
7.663324605658088e-05,0.1724937415936649,0.21079024100200228,0.22319314489151232,0
0.00011494986908487132,0.21493528007190177,0.23221627000044784,0.22319314489151232,0
3.831662302829044e-05,0.0999394523427918,0.17416220250033587,0.22319314489151232,0
3.831662302829044e-05,0.0999394523427918,0.17416220250033587,0.22319314489151232,0
1.2772207676096813e-05,0.0,0.0,0.0,2
1.2772207676096813e-05,0.0,0.0,0.0,2
2.5544415352193626e-05,0.0,0.0,0.0,2
1.2772207676096813e-05,0.0,0.0,0.0,2
1.2772207676096813e-05,0.0,0.0,0.0,2
1.2772207676096813e-05,0.0,0.0,0.0,2
1.2772207676096813e-05,0.0,0.0,0.0,2
8.94054537326777e-05,0.0,0.0,0.0,2
3.831662302829044e-05,0.0,0.0,0.0,2
2.5544415352193626e-05,0.0,0.0,0.0,2
2.5544415352193626e-05,0.0,0.0,0.0,2
2.5544415352193626e-05,0.0,0.0,0.0,2
2.5544415352193626e-05,0.0,0.0,0.0,2
2.5544415352193626e-05,0.0,0.0,0.0,2
2.5544415352193626e-05,0.0,0.0,0.0,2
2.5544415352193626e-05,0.0,0.0,0.0,2
2.5544415352193626e-05,0.0,0.0,0.0,2
5.108883070438725e-05,0.0,0.0,0.0,2
1.2772207676096813e-05,0.0,0.0,0.0,2
2.5544415352193626e-05,0.10883143387630967,0.10988411550499919,0.0,2
1.2772207676096813e-05,0.0,0.0,0.0,2
3.831662302829044e-05,0.0999394523427918,0.17416220250033587,0.22319314489151232,0
3.831662302829044e-05,0.0999394523427918,0.17416220250033587,0.22319314489151232,0
0.00011494986908487132,0.21493528007190177,0.23221627000044784,0.22319314489151232,0
3.831662302829044e-05,0.0999394523427918,0.17416220250033587,0.22319314489151232,0
3.831662302829044e-05,0.0999394523427918,0.17416220250033587,0.22319314489151232,0
3.831662302829044e-05,0.0999394523427918,0.17416220250033587,0.22319314489151232,0
3.831662302829044e-05,0.0999394523427918,0.17416220250033587,0.22319314489151232,0
3.831662302829044e-05,0.0999394523427918,0.17416220250033587,0.22319314489151232,0
3.831662302829044e-05,0.0999394523427918,0.17416220250033587,0.22319314489151232,0
3.831662302829044e-05,0.0999394523427918,0.17416220250033587,0.22319314489151232,0
1.0,0.0,0.0,0.0,2
0.00034484960725461393,0.0,0.0,0.0,2
1.2772207676096813e-05,0.0,0.0,0.0,2
7.663324605658088e-05,0.0999394523427918,0.21079024100200228,0.22319314489151232,0
5.108883070438725e-05,0.1632471508144645,0.10988411550499919,0.0,2
1.2772207676096813e-05,0.0,0.0,0.0,2
2.5544415352193626e-05,0.0,0.0,0.0,2
1.2772207676096813e-05,0.0,0.0,0.0,2
0.023871256146624945,0.06426337404767453,0.14316942303047972,0.0,2
3.831662302829044e-05,0.0999394523427918,0.17416220250033587,0.22319314489151232,0
1.2772207676096813e-05,0.0,0.0,0.0,2
3.831662302829044e-05,0.0,0.0,0.0,2
3.831662302829044e-05,0.0999394523427918,0.17416220250033587,0.22319314489151232,0
0.0008429657066223897,0.0,0.6475337931594737,0.0,4
1.2772207676096813e-05,0.0,0.0,0.0,2
7.663324605658088e-05,0.1724937415936649,0.21079024100200228,0.22319314489151232,0
7.663324605658088e-05,0.1724937415936649,0.21079024100200228,0.22319314489151232,0
3.831662302829044e-05,0.0999394523427918,0.17416220250033587,0.22319314489151232,0
3.831662302829044e-05,0.0999394523427918,0.17416220250033587,0.22319314489151232,0
0.00011494986908487132,0.21493528007190177,0.23221627000044784,0.22319314489151232,0
3.831662302829044e-05,0.0999394523427918,0.17416220250033587,0.22319314489151232,0
2.5544415352193626e-05,0.0,0.0,0.0,2
3.831662302829044e-05,0.0999394523427918,0.17416220250033587,0.22319314489151232,0
2.5544415352193626e-05,0.0,0.0,0.0,2
1.2772207676096813e-05,0.0,0.0,0.0,2
2.5544415352193626e-05,0.0,0.0,0.0,2
7.663324605658088e-05,0.1724937415936649,0.21079024100200228,0.22319314489151232,0
1.2772207676096813e-05,0.0,0.0,0.0,2
3.831662302829044e-05,0.0999394523427918,0.17416220250033587,0.22319314489151232,0
0.000753560252889712,0.4367977432495725,0.45585718658235647,0.22319314489151232,3
7.663324605658088e-05,0.1724937415936649,0.21079024100200228,0.22319314489151232,0
7.663324605658088e-05,0.1724937415936649,0.21079024100200228,0.22319314489151232,0
1.2772207676096813e-05,0.0,0.0,0.0,2
0.00011494986908487132,0.21493528007190177,0.23221627000044784,0.22319314489151232,0
3.831662302829044e-05,0.0999394523427918,0.17416220250033587,0.22319314489151232,0
1.2772207676096813e-05,0.0,0.0,0.0,2
1.2772207676096813e-05,0.0,0.0,0.0,2
1.2772207676096813e-05,0.0,0.0,0.0,2
3.831662302829044e-05,0.0999394523427918,0.17416220250033587,0.22319314489151232,0
0.00011494986908487132,0.21493528007190177,0.23221627000044784,0.22319314489151232,0
3.831662302829044e-05,0.0999394523427918,0.17416220250033587,0.22319314489151232,0
0.00015326649211316176,0.24504803084453805,0.24741827950366868,0.22319314489151232,0
0.00022989973816974263,0.19075051698827744,0.26884430850211427,0.22319314489151232,0
3.831662302829044e-05,0.0999394523427918,0.17416220250033587,0.22319314489151232,0
0.00045979947633948526,0.5384655878563248,0.5314645975090039,0.22319314489151232,3
3.831662302829044e-05,0.0999394523427918,0.17416220250033587,0.22319314489151232,0
2.5544415352193626e-05,0.0,0.0,0.0,2
3.831662302829044e-05,0.0999394523427918,0.17416220250033587,0.22319314489151232,0
3.831662302829044e-05,0.0999394523427918,0.17416220250033587,0.22319314489151232,0
1.2772207676096813e-05,0.0,0.0,0.0,2
3.831662302829044e-05,0.0999394523427918,0.17416220250033587,0.22319314489151232,0
3.831662302829044e-05,0.0999394523427918,0.17416220250033587,0.22319314489151232,0
0.00015326649211316176,0.20877088621910148,0.24741827950366868,0.22319314489151232,0
7.663324605658088e-05,0.1724937415936649,0.21079024100200228,0.22319314489151232,0
0.0009323711603550673,0.09943512230992431,0.34888807688315926,0.22319314489151232,0
3.831662302829044e-05,0.0999394523427918,0.17416220250033587,0.22319314489151232,0
0.00012772207676096814,0.14098697004050512,0.29080164662680424,0.8878835087673463,1
3.831662302829044e-05,0.0999394523427918,0.17416220250033587,0.22319314489151232,0
0.0008429657066223897,0.34796559775413344,0.42424308893581714,0.22319314489151232,4
1.2772207676096813e-05,0.0,0.0,0.0,2
3.831662302829044e-05,0.0999394523427918,0.17416220250033587,0.22319314489151232,0
1.2772207676096813e-05,0.0,0.0,0.0,2
0.00011494986908487132,0.16656575390465303,0.23221627000044784,0.22319314489151232,0
5.108883070438725e-05,0.0999394523427918,0.17416220250033587,0.0,2
3.831662302829044e-05,0.0999394523427918,0.17416220250033587,0.22319314489151232,0
0.00016603869978925858,0.33574089240812943,0.3756164142595011,0.0,4
6.386103838048407e-05,0.21766286775261934,0.21976823100999837,0.0,4
2.5544415352193626e-05,0.0,0.0,0.0,2
0.0005492049300721629,0.5816711878050141,0.5872974535954315,0.0,3
3.831662302829044e-05,0.0999394523427918,0.17416220250033587,0.22319314489151232,0
0.00045979947633948526,0.544511778627231,0.4826272128401153,0.22319314489151232,3
6.386103838048407e-05,0.16563361682323194,0.21118936877090597,0.22319314489151232,0
3.831662302829044e-05,0.0999394523427918,0.17416220250033587,0.22319314489151232,0
0.00015326649211316176,0.0,0.0,0.0,2
1.2772207676096813e-05,0.0,0.0,0.0,2
2.5544415352193626e-05,0.0,0.10988411550499919,0.0,2
2.5544415352193626e-05,0.0,0.10988411550499919,0.0,2
3.831662302829044e-05,0.0999394523427918,0.17416220250033587,0.22319314489151232,0
7.663324605658088e-05,0.1724937415936649,0.21079024100200228,0.22319314489151232,0
3.831662302829044e-05,0.0999394523427918,0.17416220250033587,0.22319314489151232,0
7.663324605658088e-05,0.1724937415936649,0.21079024100200228,0.22319314489151232,0
2.5544415352193626e-05,0.0,0.0,0.0,2
1.2772207676096813e-05,0.0,0.10988411550499919,0.669579434674537,1
1.2772207676096813e-05,0.0,0.0,0.0,2
3.831662302829044e-05,0.0999394523427918,0.17416220250033587,0.22319314489151232,0
5.108883070438725e-05,0.0,0.10988411550499919,0.3537527650710707,0
1.2772207676096813e-05,0.0,0.0,0.0,2
3.831662302829044e-05,0.0999394523427918,0.17416220250033587,0.22319314489151232,0
3.831662302829044e-05,0.0,0.0,0.0,2
0.0003193051919024203,0.467657304696499,0.46171560730400363,0.0,3
3.831662302829044e-05,0.0999394523427918,0.17416220250033587,0.22319314489151232,0
7.663324605658088e-05,0.1724937415936649,0.21079024100200228,0.22319314489151232,0
8.94054537326777e-05,0.0,0.0,0.0,2
2.5544415352193626e-05,0.0,0.0,0.0,2
1.2772207676096813e-05,0.0,0.0,0.0,2
7.663324605658088e-05,0.1724937415936649,0.21079024100200228,0.22319314489151232,0
3.831662302829044e-05,0.0999394523427918,0.17416220250033587,0.22319314489151232,0
3.831662302829044e-05,0.0999394523427918,0.17416220250033587,0.22319314489151232,0
7.663324605658088e-05,0.1724937415936649,0.21079024100200228,0.22319314489151232,0
3.831662302829044e-05,0.0999394523427918,0.17416220250033587,0.22319314489151232,0
3.831662302829044e-05,0.0999394523427918,0.17416220250033587,0.22319314489151232,0
7.663324605658088e-05,0.1724937415936649,0.21079024100200228,0.22319314489151232,0
3.831662302829044e-05,0.0999394523427918,0.17416220250033587,0.22319314489151232,0
0.00016603869978925858,0.38598086297871015,0.4066195454075025,0.22319314489151232,3
3.831662302829044e-05,0.0999394523427918,0.17416220250033587,0.22319314489151232,0
7.663324605658088e-05,0.0999394523427918,0.21079024100200228,0.22319314489151232,0
1.2772207676096813e-05,0.0,0.0,0.0,2
1.2772207676096813e-05,0.0,0.10988411550499919,0.669579434674537,1
0.0017242480362730697,0.4735027223957972,0.506356521999714,0.8839397504605042,1
3.831662302829044e-05,0.0999394523427918,0.17416220250033587,0.22319314489151232,0
3.831662302829044e-05,0.0999394523427918,0.17416220250033587,0.22319314489151232,0
0.0003831662302829044,0.5340239393942542,0.5025612944765743,0.0,3
1.2772207676096813e-05,0.0,0.0,0.0,2
0.00045979947633948526,0.5445117786272309,0.5204467599861001,0.22319314489151232,3
2.5544415352193626e-05,0.10883143387630967,0.10988411550499919,0.0,2
1.2772207676096813e-05,0.0,0.0,0.0,2
0.00011494986908487132,0.21493528007190177,0.23221627000044784,0.22319314489151232,0
3.831662302829044e-05,0.0,0.0,0.0,2
3.831662302829044e-05,0.0999394523427918,0.17416220250033587,0.22319314489151232,0
1.2772207676096813e-05,0.0,0.0,0.0,2
3.831662302829044e-05,0.0999394523427918,0.17416220250033587,0.22319314489151232,0
1.2772207676096813e-05,0.0,0.0,0.0,2
3.831662302829044e-05,0.0999394523427918,0.17416220250033587,0.22319314489151232,0
3.831662302829044e-05,0.0999394523427918,0.17416220250033587,0.22319314489151232,0
3.831662302829044e-05,0.0999394523427918,0.17416220250033587,0.22319314489151232,0
3.831662302829044e-05,0.0999394523427918,0.17416220250033587,0.22319314489151232,0
1.2772207676096813e-05,0.0,0.0,0.0,2
1.2772207676096813e-05,0.0,0.0,0.0,2
7.663324605658088e-05,0.1724937415936649,0.21079024100200228,0.22319314489151232,0
3.831662302829044e-05,0.0999394523427918,0.17416220250033587,0.22319314489151232,0
0.00011494986908487132,0.21493528007190177,0.23221627000044784,0.22319314489151232,0
3.831662302829044e-05,0.0999394523427918,0.17416220250033587,0.22319314489151232,0
0.000204355322817549,0.2352911853038197,0.27137755709365735,0.22319314489151232,0
3.831662302829044e-05,0.0999394523427918,0.17416220250033587,0.22319314489151232,0
7.663324605658088e-05,0.1724937415936649,0.21079024100200228,0.22319314489151232,0
3.831662302829044e-05,0.0999394523427918,0.17416220250033587,0.22319314489151232,0
1.2772207676096813e-05,0.0,0.0,0.0,2
3.831662302829044e-05,0.0999394523427918,0.17416220250033587,0.22319314489151232,0
0.00042148285331119486,0.5423928005696529,0.502654000972444,0.22319314489151232,3
2.5544415352193626e-05,0.0,0.0,0.0,2
2.5544415352193626e-05,0.0,0.0,0.0,2
1.2772207676096813e-05,0.0,0.0,0.0,2
2.5544415352193626e-05,0.0,0.0,0.0,2
5.108883070438725e-05,0.0999394523427918,0.10090612549700308,0.6909602789038798,1
2.5544415352193626e-05,0.0,0.0,0.0,2
3.831662302829044e-05,0.0999394523427918,0.17416220250033587,0.22319314489151232,0
0.0001021776614087745,0.15005498460108796,0.24569278937319197,0.22319314489151232,0
1.2772207676096813e-05,0.0,0.0,0.0,2
3.831662302829044e-05,0.0,0.0,0.0,2
5.108883070438725e-05,0.0,0.10988411550499919,0.3537527650710707,0
7.663324605658088e-05,0.0,0.0,0.0,2
3.831662302829044e-05,0.0999394523427918,0.17416220250033587,0.22319314489151232,0
3.831662302829044e-05,0.0999394523427918,0.17416220250033587,0.22319314489151232,0
3.831662302829044e-05,0.0999394523427918,0.17416220250033587,0.22319314489151232,0
3.831662302829044e-05,0.0999394523427918,0.17416220250033587,0.22319314489151232,0
0.00042148285331119486,0.5423928005696529,0.4822032036812218,0.22319314489151232,3
3.831662302829044e-05,0.0999394523427918,0.17416220250033587,0.22319314489151232,0
3.831662302829044e-05,0.0999394523427918,0.17416220250033587,0.22319314489151232,0
1.2772207676096813e-05,0.0,0.0,0.0,2
3.831662302829044e-05,0.0999394523427918,0.17416220250033587,0.22319314489151232,0
7.663324605658088e-05,0.1724937415936649,0.21079024100200228,0.22319314489151232,0
3.831662302829044e-05,0.0999394523427918,0.17416220250033587,0.22319314489151232,0
0.0024139472507822978,0.6804933918463203,0.6982335209476033,0.0,3
3.831662302829044e-05,0.0999394523427918,0.17416220250033587,0.22319314489151232,0
1.2772207676096813e-05,0.0,0.0,0.0,2
0.00015326649211316176,0.0,0.0,0.0,2
3.831662302829044e-05,0.0999394523427918,0.17416220250033587,0.22319314489151232,0
2.5544415352193626e-05,0.0,0.0,0.0,2
3.831662302829044e-05,0.0999394523427918,0.17416220250033587,0.22319314489151232,0
1.2772207676096813e-05,0.0,0.0,0.0,2
1.2772207676096813e-05,0.0,0.0,0.0,2
1.2772207676096813e-05,0.0,0.0,0.0,2
2.5544415352193626e-05,0.0,0.0,0.0,2
1.2772207676096813e-05,0.0,0.0,0.0,2
3.831662302829044e-05,0.0999394523427918,0.17416220250033587,0.22319314489151232,0
3.831662302829044e-05,0.0999394523427918,0.17416220250033587,0.22319314489151232,0
3.831662302829044e-05,0.0999394523427918,0.17416220250033587,0.22319314489151232,0
3.831662302829044e-05,0.0999394523427918,0.17416220250033587,0.22319314489151232,0
3.831662302829044e-05,0.0999394523427918,0.17416220250033587,0.22319314489151232,0
0.000817421291270196,0.3633657979420518,0.41857017329851043,0.22319314489151232,4
3.831662302829044e-05,0.0999394523427918,0.17416220250033587,0.22319314489151232,0
3.831662302829044e-05,0.0999394523427918,0.17416220250033587,0.22319314489151232,0
0.005747493454243566,0.08960902308116482,0.0904757742485671,0.0,2
3.831662302829044e-05,0.0999394523427918,0.17416220250033587,0.22319314489151232,0
1.2772207676096813e-05,0.0,0.0,0.0,2
1.2772207676096813e-05,0.0,0.0,0.0,2
3.831662302829044e-05,0.0999394523427918,0.17416220250033587,0.22319314489151232,0
0.0001915831151414522,0.10883143387630967,0.32418144330533416,0.0,4
1.2772207676096813e-05,0.0,0.0,0.0,2
3.831662302829044e-05,0.0999394523427918,0.17416220250033587,0.22319314489151232,0
0.002592758158247653,0.4701932866139796,0.5777973663314352,0.0,3
0.0017242480362730697,0.0,0.5766638730490983,0.0,4
0.0012899929752857781,0.326494301628929,0.32965234651499753,0.0,4
2.5544415352193626e-05,0.0,0.0,0.0,2
0.0032569129574046875,0.5417541533974838,0.5670646403057436,0.0,3
0.0036528513953636883,0.43192055492163633,0.5356873449401122,0.0,3
0.0012772207676096812,0.10883143387630967,0.10988411550499919,0.0,2
0.0022862251740213297,0.4004923350835443,0.4793543045043,0.0,3
0.0020946420588798774,0.44344390606992345,0.5364530633846502,0.0,3
0.0013155373906379717,0.10883143387630967,0.10988411550499919,0.0,2
0.0018775145283862315,0.6580580489689168,0.74835787314708,0.0,3
0.0009323711603550673,0.38363423574183925,0.5093136443363834,0.0,3
0.0006641547991570343,0.2111542336664311,0.4477444922412934,0.0,4
6.386103838048407e-05,0.0,0.0,0.0,2
5.108883070438725e-05,0.0,0.0,0.0,2
2.5544415352193626e-05,0.10883143387630967,0.10988411550499919,0.0,2
1.2772207676096813e-05,0.0,0.0,0.0,2
0.00042148285331119486,0.5423928005696529,0.5210005692446262,0.22319314489151232,3
8.94054537326777e-05,0.0,0.0,0.0,2
1.2772207676096813e-05,0.0,0.0,0.0,2
1.2772207676096813e-05,0.0,0.0,0.0,2
2.5544415352193626e-05,0.0,0.0,0.0,2
3.831662302829044e-05,0.0999394523427918,0.17416220250033587,0.0,2
1.2772207676096813e-05,0.0,0.0,0.0,2
0.00011494986908487132,0.0,0.0,0.0,2
0.0010090044064116482,0.11683529879945041,0.11796539851649002,0.0,2
0.0005619771377482598,0.18269629616122937,0.18446344217546937,0.0,4
0.0005747493454243566,0.13769386086981675,0.15368233423166378,0.0,2
0.0003831662302829044,0.5267685104691668,0.5025612944765743,0.0,3
0.0010090044064116482,0.34191638278181957,0.5772185089094273,0.0,3
0.00496838878600166,0.40768697777517454,0.674259349094097,0.0,3
0.00042148285331119486,0.5423928005696529,0.5156407534926706,0.22319314489151232,3
3.831662302829044e-05,0.0999394523427918,0.17416220250033587,0.22319314489151232,0
3.831662302829044e-05,0.0999394523427918,0.17416220250033587,0.22319314489151232,0
2.5544415352193626e-05,0.0,0.10988411550499919,0.0,2
2.5544415352193626e-05,0.0,0.0,0.0,2
1.2772207676096813e-05,0.0,0.0,0.0,2
1.2772207676096813e-05,0.0,0.0,0.0,2
1.2772207676096813e-05,0.0,0.0,0.0,2
6.386103838048407e-05,0.21766286775261934,0.21976823100999837,0.0,4
7.663324605658088e-05,0.1724937415936649,0.21079024100200228,0.22319314489151232,0
1.2772207676096813e-05,0.0,0.0,0.0,2
3.831662302829044e-05,0.0999394523427918,0.17416220250033587,0.22319314489151232,0
2.5544415352193626e-05,0.0,0.0,0.0,2
7.663324605658088e-05,0.1724937415936649,0.21079024100200228,0.22319314489151232,0
3.831662302829044e-05,0.0999394523427918,0.17416220250033587,0.22319314489151232,0
0.0024011750431062007,0.0,0.5751745360599514,0.0,4
0.001570981544159908,0.0,0.5450054996272096,0.0,4
0.0008301934989462928,0.34287585008807575,0.0,0.0,2
0.0014049428443706495,0.6101894832682216,0.6160915947830441,0.0,3
0.0004853438916916789,0.20748078074355106,0.5724361753466785,0.0,4
0.00043425506098729164,0.0,0.5590313544753438,0.0,4
2.5544415352193626e-05,0.0,0.0,0.0,2
0.00022989973816974263,0.3040037627953614,0.37963010364499133,0.0,4
0.0019413755667667155,0.37876913083593616,0.6088405697936765,0.0,3
1.2772207676096813e-05,0.0,0.0,0.0,2
1.2772207676096813e-05,0.0,0.0,0.0,2
1.2772207676096813e-05,0.0,0.0,0.0,2
1.2772207676096813e-05,0.0,0.0,0.0,2
1.2772207676096813e-05,0.0,0.0,0.0,2
1.2772207676096813e-05,0.0,0.0,0.0,2
1.2772207676096813e-05,0.0,0.0,0.0,2
1.2772207676096813e-05,0.0,0.0,0.0,2
1.2772207676096813e-05,0.0,0.0,0.0,2
1.2772207676096813e-05,0.0,0.0,0.0,2
1.2772207676096813e-05,0.0,0.0,0.0,2
2.5544415352193626e-05,0.0,0.0,0.0,2
1.2772207676096813e-05,0.0,0.0,0.0,2
7.663324605658088e-05,0.1724937415936649,0.21079024100200228,0.22319314489151232,0
0.00045979947633948526,0.5445117786272309,0.5253599244253928,0.22319314489151232,3
0.00011494986908487132,0.16656575390465303,0.23221627000044784,0.22319314489151232,0
3.831662302829044e-05,0.0999394523427918,0.17416220250033587,0.22319314489151232,0
3.831662302829044e-05,0.0999394523427918,0.17416220250033587,0.22319314489151232,0
2.5544415352193626e-05,0.10883143387630967,0.10988411550499919,0.0,2
1.2772207676096813e-05,0.0,0.0,0.0,2
2.5544415352193626e-05,0.0,0.0,0.0,2
1.2772207676096813e-05,0.0,0.0,0.0,2
1.2772207676096813e-05,0.0,0.0,0.0,2
1.2772207676096813e-05,0.0,0.0,0.0,2
1.2772207676096813e-05,0.0,0.0,0.0,2
3.831662302829044e-05,0.0999394523427918,0.17416220250033587,0.22319314489151232,0
3.831662302829044e-05,0.0999394523427918,0.17416220250033587,0.22319314489151232,0
1.2772207676096813e-05,0.0,0.0,0.0,2
1.2772207676096813e-05,0.0,0.0,0.0,2
3.831662302829044e-05,0.0999394523427918,0.17416220250033587,0.22319314489151232,0
1.2772207676096813e-05,0.0,0.0,0.0,2
2.5544415352193626e-05,0.10883143387630967,0.10988411550499919,0.0,2
0.00011494986908487132,0.21493528007190177,0.23221627000044784,0.22319314489151232,0
3.831662302829044e-05,0.0999394523427918,0.17416220250033587,0.22319314489151232,0
3.831662302829044e-05,0.0999394523427918,0.17416220250033587,0.22319314489151232,0
2.5544415352193626e-05,0.0,0.0,0.0,2
2.5544415352193626e-05,0.10883143387630967,0.10988411550499919,0.0,2
1.2772207676096813e-05,0.0,0.0,0.0,2
0.0002937607765502267,0.49230573390600885,0.4970676044733889,0.0,3
3.831662302829044e-05,0.0999394523427918,0.17416220250033587,0.22319314489151232,0
1.2772207676096813e-05,0.0,0.0,0.0,2
0.0008812823296506801,0.0,0.0,0.0,2
1.2772207676096813e-05,0.0,0.0,0.0,2
1.2772207676096813e-05,0.0,0.0,0.0,2
1.2772207676096813e-05,0.0,0.0,0.0,2
0.0001915831151414522,0.10566994541755685,0.2551430149729056,0.0,4
1.2772207676096813e-05,0.0,0.0,0.0,2
0.000204355322817549,0.23697188047194487,0.34157022311355784,0.0,4
0.0002809885688741299,0.2977595809287889,0.35129481272693924,0.0,4
0.000753560252889712,0.2942889882626144,0.4579755282121639,0.0,4
0.0009323711603550673,0.308269468470568,0.43203185836473385,0.0,4
0.0001915831151414522,0.2744788846969949,0.30236033725616834,0.0,4
0.0017242480362730697,0.10201393790805349,0.7639918743734615,0.0274783427129655,4
0.0002554441535219363,0.2512124246973383,0.27345264991772594,0.0,4
1.2772207676096813e-05,0.0,0.0,0.22319314489151232,0
0.000408710645635098,0.26778024954746,0.2862430751186876,0.0,4
2.5544415352193626e-05,0.0,0.0,0.0,2
0.000817421291270196,0.2776755122104205,0.4418668525332738,0.0,4
0.0007791046682419056,0.3064202584116492,0.45715353800292297,0.0,4
0.0001788109074653554,0.07856846972218419,0.21118936877090597,0.0,2
2.5544415352193626e-05,0.0,0.0,0.0,2
0.000817421291270196,0.3230128550614502,0.45516743700614287,0.0,4
0.000817421291270196,0.3644441002157956,0.0,0.0,2
0.0003831662302829044,0.3052651627065944,0.3659965373256726,0.0,4
0.0003831662302829044,0.27870343507595186,0.34401971422467276,0.0,4
0.0008557379142984865,0.3085783079939143,0.46502502133968243,0.0,4
0.04795963982374353,0.629115628973096,0.7308056362785494,0.0,3
1.2772207676096813e-05,0.0,0.0,0.0,2
2.5544415352193626e-05,0.10883143387630967,0.10988411550499919,0.0,2
3.831662302829044e-05,0.0999394523427918,0.17416220250033587,0.22319314489151232,0
3.831662302829044e-05,0.0999394523427918,0.17416220250033587,0.22319314489151232,0
7.663324605658088e-05,0.1724937415936649,0.21079024100200228,0.22319314489151232,0
0.0003831662302829044,0.5195130815440796,0.4346920114780391,0.0,3
1.2772207676096813e-05,0.0,0.0,0.0,2
3.831662302829044e-05,0.0999394523427918,0.17416220250033587,0.22319314489151232,0
3.831662302829044e-05,0.0999394523427918,0.17416220250033587,0.22319314489151232,0
1.2772207676096813e-05,0.0,0.0,0.0,2
3.831662302829044e-05,0.10883143387630967,0.10988411550499919,0.22319314489151232,0
3.831662302829044e-05,0.0999394523427918,0.17416220250033587,0.22319314489151232,0
7.663324605658088e-05,0.1724937415936649,0.21079024100200228,0.22319314489151232,0
0.0003831662302829044,0.5267685104691668,0.5025612944765743,0.0,3
7.663324605658088e-05,0.1724937415936649,0.21079024100200228,0.22319314489151232,0
7.663324605658088e-05,0.1724937415936649,0.21079024100200228,0.22319314489151232,0
3.831662302829044e-05,0.0999394523427918,0.17416220250033587,0.22319314489151232,0
0.00042148285331119486,0.5423928005696529,0.502654000972444,0.22319314489151232,3
3.831662302829044e-05,0.0999394523427918,0.17416220250033587,0.22319314489151232,0
3.831662302829044e-05,0.0999394523427918,0.17416220250033587,0.22319314489151232,0
7.663324605658088e-05,0.0999394523427918,0.21079024100200228,0.22319314489151232,0
3.831662302829044e-05,0.0999394523427918,0.17416220250033587,0.22319314489151232,0
1.2772207676096813e-05,0.0,0.0,0.0,2
7.663324605658088e-05,0.1724937415936649,0.21079024100200228,0.22319314489151232,0
3.831662302829044e-05,0.0999394523427918,0.17416220250033587,0.22319314489151232,0
3.831662302829044e-05,0.0999394523427918,0.17416220250033587,0.22319314489151232,0
3.831662302829044e-05,0.0999394523427918,0.17416220250033587,0.22319314489151232,0
1.2772207676096813e-05,0.0,0.0,0.0,2
1.2772207676096813e-05,0.0,0.0,0.0,2
1.2772207676096813e-05,0.0,0.0,0.0,2
1.2772207676096813e-05,0.0,0.0,0.0,2
2.5544415352193626e-05,0.0,0.0,0.0,2
2.5544415352193626e-05,0.0,0.0,0.0,2
1.2772207676096813e-05,0.0,0.0,0.0,2
1.2772207676096813e-05,0.0,0.0,0.0,2
1.2772207676096813e-05,0.0,0.0,0.0,2
1.2772207676096813e-05,0.0,0.0,0.0,2
1.2772207676096813e-05,0.0,0.0,0.0,2
1.2772207676096813e-05,0.0,0.0,0.0,2
1.2772207676096813e-05,0.0,0.0,0.0,2
1.2772207676096813e-05,0.0,0.0,0.0,2
1.2772207676096813e-05,0.0,0.0,0.0,2
1.2772207676096813e-05,0.0,0.0,0.0,2
1.2772207676096813e-05,0.0,0.0,0.0,2
1.2772207676096813e-05,0.0,0.0,0.0,2
1.2772207676096813e-05,0.0,0.0,0.0,2
1.2772207676096813e-05,0.0,0.0,0.0,2
1.2772207676096813e-05,0.0,0.0,0.0,2
1.2772207676096813e-05,0.0,0.0,0.0,2
1.2772207676096813e-05,0.0,0.0,0.0,2
1.2772207676096813e-05,0.0,0.0,0.0,2
1.2772207676096813e-05,0.0,0.0,0.0,2
1.2772207676096813e-05,0.0,0.0,0.0,2
2.5544415352193626e-05,0.0,0.0,0.0,2
1.2772207676096813e-05,0.0,0.0,0.0,2
1.2772207676096813e-05,0.0,0.0,0.0,2
1.2772207676096813e-05,0.0,0.0,0.0,2
1.2772207676096813e-05,0.0,0.0,0.0,2
1.2772207676096813e-05,0.0,0.0,0.0,2
3.831662302829044e-05,0.0,0.0,0.0,2
1.2772207676096813e-05,0.0,0.0,0.0,2
1.2772207676096813e-05,0.0,0.0,0.0,2
2.5544415352193626e-05,0.0,0.0,0.0,2
1.2772207676096813e-05,0.0,0.0,0.0,2
1.2772207676096813e-05,0.0,0.0,0.0,2
2.5544415352193626e-05,0.0,0.0,0.0,2
1.2772207676096813e-05,0.0,0.0,0.0,2
2.5544415352193626e-05,0.0,0.0,0.0,2
2.5544415352193626e-05,0.0,0.0,0.0,2
1.2772207676096813e-05,0.0,0.0,0.0,2
1.2772207676096813e-05,0.0,0.0,0.0,2
1.2772207676096813e-05,0.0,0.0,0.0,2
1.2772207676096813e-05,0.0,0.0,0.0,2
2.5544415352193626e-05,0.0,0.0,0.0,2
1.2772207676096813e-05,0.0,0.0,0.0,2
1.2772207676096813e-05,0.0,0.0,0.0,2
3.831662302829044e-05,0.0,0.0,0.0,2
1.2772207676096813e-05,0.0,0.0,0.0,2
2.5544415352193626e-05,0.0,0.0,0.0,2
1.2772207676096813e-05,0.0,0.0,0.0,2
1.2772207676096813e-05,0.0,0.0,0.0,2
1.2772207676096813e-05,0.0,0.0,0.0,2
1.2772207676096813e-05,0.0,0.0,0.0,2
1.2772207676096813e-05,0.0,0.0,0.0,2
2.5544415352193626e-05,0.0,0.0,0.0,2
2.5544415352193626e-05,0.0,0.0,0.0,2
1.2772207676096813e-05,0.0,0.0,0.0,2
1.2772207676096813e-05,0.0,0.0,0.0,2
1.2772207676096813e-05,0.0,0.0,0.0,2
1.2772207676096813e-05,0.0,0.0,0.0,2
1.2772207676096813e-05,0.0,0.0,0.0,2
2.5544415352193626e-05,0.0,0.0,0.0,2
1.2772207676096813e-05,0.0,0.0,0.0,2
1.2772207676096813e-05,0.0,0.0,0.0,2
1.2772207676096813e-05,0.0,0.0,0.0,2
1.2772207676096813e-05,0.0,0.0,0.0,2
1.2772207676096813e-05,0.0,0.0,0.0,2
1.2772207676096813e-05,0.0,0.0,0.0,2
1.2772207676096813e-05,0.0,0.0,0.0,2
1.2772207676096813e-05,0.0,0.0,0.0,2
1.2772207676096813e-05,0.0,0.0,0.0,2
1.2772207676096813e-05,0.0,0.0,0.0,2
1.2772207676096813e-05,0.0,0.0,0.0,2
1.2772207676096813e-05,0.0,0.0,0.0,2
1.2772207676096813e-05,0.0,0.0,0.0,2
1.2772207676096813e-05,0.0,0.0,0.0,2
1.2772207676096813e-05,0.0,0.0,0.0,2
1.2772207676096813e-05,0.0,0.0,0.0,2
0.0004981160993677757,0.539624756045872,0.5314472315221458,0.22319314489151232,3
0.00011494986908487132,0.21493528007190177,0.23221627000044784,0.22319314489151232,0
3.831662302829044e-05,0.0999394523427918,0.17416220250033587,0.22319314489151232,0
2.5544415352193626e-05,0.10883143387630967,0.10988411550499919,0.0,2
1.2772207676096813e-05,0.0,0.0,0.0,2
2.5544415352193626e-05,0.0,0.0,0.0,2
1.2772207676096813e-05,0.0,0.0,0.0,2
1.2772207676096813e-05,0.0,0.0,0.0,2
1.2772207676096813e-05,0.0,0.0,0.0,2
1.2772207676096813e-05,0.0,0.0,0.0,2
1.2772207676096813e-05,0.0,0.0,0.0,2
1.2772207676096813e-05,0.0,0.0,0.0,2
3.831662302829044e-05,0.0999394523427918,0.17416220250033587,0.22319314489151232,0
0.0008429657066223897,0.36510573259455503,0.42424308893581714,0.22319314489151232,4
3.831662302829044e-05,0.0999394523427918,0.17416220250033587,0.22319314489151232,0
1.2772207676096813e-05,0.0,0.0,0.0,2
1.2772207676096813e-05,0.0,0.0,0.0,2
1.2772207676096813e-05,0.0,0.0,0.0,2
0.0010728654447921323,0.5215475126806446,0.6283668101548179,0.0,3
0.0001788109074653554,0.21766286775261934,0.21976823100999837,0.0,4
1.2772207676096813e-05,0.0,0.0,0.0,2
0.0003831662302829044,0.4438601355273569,0.4752379010245438,0.0,3
2.5544415352193626e-05,0.0,0.0,0.0,2
0.0008429657066223897,0.12155834045383387,0.6608530798873524,0.0,4
2.5544415352193626e-05,0.10883143387630967,0.10988411550499919,0.0,2
3.831662302829044e-05,0.0999394523427918,0.17416220250033587,0.22319314489151232,0
3.831662302829044e-05,0.0999394523427918,0.17416220250033587,0.22319314489151232,0
7.663324605658088e-05,0.1724937415936649,0.21079024100200228,0.22319314489151232,0
3.831662302829044e-05,0.0999394523427918,0.17416220250033587,0.22319314489151232,0
1.2772207676096813e-05,0.0,0.0,0.0,2
3.831662302829044e-05,0.0999394523427918,0.17416220250033587,0.22319314489151232,0
1.2772207676096813e-05,0.0,0.0,0.0,2
1.2772207676096813e-05,0.0,0.0,0.0,2
1.2772207676096813e-05,0.0,0.0,0.0,2
1.2772207676096813e-05,0.0,0.0,0.0,2
1.2772207676096813e-05,0.0,0.0,0.0,2
1.2772207676096813e-05,0.0,0.0,0.0,2
1.2772207676096813e-05,0.0,0.0,0.0,2
1.2772207676096813e-05,0.0,0.0,0.0,2
1.2772207676096813e-05,0.0,0.0,0.0,2
1.2772207676096813e-05,0.0,0.0,0.0,2
1.2772207676096813e-05,0.0,0.0,0.0,2
1.2772207676096813e-05,0.0,0.0,0.0,2
1.2772207676096813e-05,0.0,0.0,0.0,2
1.2772207676096813e-05,0.0,0.0,0.0,2
1.2772207676096813e-05,0.0,0.0,0.0,2
2.5544415352193626e-05,0.0,0.0,0.0,2
1.2772207676096813e-05,0.0,0.0,0.0,2
1.2772207676096813e-05,0.0,0.0,0.0,2
1.2772207676096813e-05,0.0,0.0,0.0,2
1.2772207676096813e-05,0.0,0.0,0.0,2
1.2772207676096813e-05,0.0,0.0,0.0,2
1.2772207676096813e-05,0.0,0.0,0.0,2
1.2772207676096813e-05,0.0,0.0,0.0,2
1.2772207676096813e-05,0.0,0.0,0.0,2
1.2772207676096813e-05,0.0,0.0,0.0,2
1.2772207676096813e-05,0.0,0.0,0.0,2
1.2772207676096813e-05,0.0,0.0,0.0,2
1.2772207676096813e-05,0.0,0.0,0.0,2
1.2772207676096813e-05,0.0,0.0,0.0,2
1.2772207676096813e-05,0.0,0.0,0.0,2
1.2772207676096813e-05,0.0,0.0,0.0,2
1.2772207676096813e-05,0.0,0.0,0.0,2
1.2772207676096813e-05,0.0,0.0,0.0,2
1.2772207676096813e-05,0.0,0.0,0.0,2
1.2772207676096813e-05,0.0,0.0,0.0,2
1.2772207676096813e-05,0.0,0.0,0.0,2
3.831662302829044e-05,0.0999394523427918,0.17416220250033587,0.22319314489151232,0
3.831662302829044e-05,0.0999394523427918,0.17416220250033587,0.22319314489151232,0
3.831662302829044e-05,0.0999394523427918,0.17416220250033587,0.22319314489151232,0
3.831662302829044e-05,0.0999394523427918,0.17416220250033587,0.22319314489151232,0
3.831662302829044e-05,0.0999394523427918,0.17416220250033587,0.22319314489151232,0
1.2772207676096813e-05,0.0,0.0,0.0,2
1.2772207676096813e-05,0.0,0.0,0.0,2
1.2772207676096813e-05,0.0,0.0,0.0,2
1.2772207676096813e-05,0.0,0.0,0.0,2
1.2772207676096813e-05,0.0,0.0,0.0,2
1.2772207676096813e-05,0.0,0.0,0.0,2
1.2772207676096813e-05,0.0,0.0,0.0,2
1.2772207676096813e-05,0.0,0.0,0.0,2
1.2772207676096813e-05,0.0,0.0,0.0,2
3.831662302829044e-05,0.0999394523427918,0.17416220250033587,0.22319314489151232,0
2.5544415352193626e-05,0.10883143387630967,0.10988411550499919,0.0,2
3.831662302829044e-05,0.0999394523427918,0.17416220250033587,0.22319314489151232,0
1.2772207676096813e-05,0.0,0.0,0.0,2
1.2772207676096813e-05,0.0,0.0,0.0,2
1.2772207676096813e-05,0.0,0.0,0.0,2
1.2772207676096813e-05,0.0,0.0,0.0,2
1.2772207676096813e-05,0.0,0.0,0.0,2
1.2772207676096813e-05,0.0,0.0,0.0,2
1.2772207676096813e-05,0.0,0.0,0.0,2
1.2772207676096813e-05,0.0,0.0,0.0,2
1.2772207676096813e-05,0.0,0.0,0.0,2
1.2772207676096813e-05,0.0,0.0,0.0,2
1.2772207676096813e-05,0.0,0.0,0.0,2
1.2772207676096813e-05,0.0,0.0,0.0,2
1.2772207676096813e-05,0.0,0.0,0.0,2
1.2772207676096813e-05,0.0,0.0,0.0,2
1.2772207676096813e-05,0.0,0.0,0.0,2
1.2772207676096813e-05,0.0,0.0,0.0,2
1.2772207676096813e-05,0.0,0.0,0.0,2
1.2772207676096813e-05,0.0,0.0,0.0,2
1.2772207676096813e-05,0.0,0.0,0.0,2
1.2772207676096813e-05,0.0,0.0,0.0,2
1.2772207676096813e-05,0.0,0.0,0.0,2
1.2772207676096813e-05,0.0,0.0,0.0,2
1.2772207676096813e-05,0.0,0.0,0.0,2
1.2772207676096813e-05,0.0,0.0,0.0,2
1.2772207676096813e-05,0.0,0.0,0.0,2
1.2772207676096813e-05,0.0,0.0,0.0,2
1.2772207676096813e-05,0.0,0.0,0.0,2
1.2772207676096813e-05,0.0,0.0,0.0,2
3.831662302829044e-05,0.0999394523427918,0.17416220250033587,0.22319314489151232,0
1.2772207676096813e-05,0.0,0.0,0.0,2
1.2772207676096813e-05,0.0,0.0,0.0,2
1.2772207676096813e-05,0.0,0.0,0.0,2
1.2772207676096813e-05,0.0,0.0,0.0,2
1.2772207676096813e-05,0.0,0.0,0.0,2
1.2772207676096813e-05,0.0,0.0,0.0,2
1.2772207676096813e-05,0.0,0.0,0.0,2
1.2772207676096813e-05,0.0,0.0,0.0,2
3.831662302829044e-05,0.0999394523427918,0.17416220250033587,0.22319314489151232,0
1.2772207676096813e-05,0.0,0.0,0.0,2
1.2772207676096813e-05,0.0,0.0,0.0,2
1.2772207676096813e-05,0.0,0.0,0.0,2
1.2772207676096813e-05,0.0,0.0,0.0,2
3.831662302829044e-05,0.0999394523427918,0.17416220250033587,0.22319314489151232,0
3.831662302829044e-05,0.0999394523427918,0.17416220250033587,0.22319314489151232,0
3.831662302829044e-05,0.0999394523427918,0.17416220250033587,0.22319314489151232,0
3.831662302829044e-05,0.0999394523427918,0.17416220250033587,0.22319314489151232,0
3.831662302829044e-05,0.0999394523427918,0.17416220250033587,0.22319314489151232,0
3.831662302829044e-05,0.0999394523427918,0.17416220250033587,0.22319314489151232,0
3.831662302829044e-05,0.0999394523427918,0.17416220250033587,0.22319314489151232,0
1.2772207676096813e-05,0.0,0.0,0.0,2
3.831662302829044e-05,0.0999394523427918,0.17416220250033587,0.22319314489151232,0
3.831662302829044e-05,0.0999394523427918,0.17416220250033587,0.22319314489151232,0
1.2772207676096813e-05,0.0,0.0,0.0,2
7.663324605658088e-05,0.0999394523427918,0.21079024100200228,0.22319314489151232,0
3.831662302829044e-05,0.0999394523427918,0.17416220250033587,0.22319314489151232,0
3.831662302829044e-05,0.0999394523427918,0.17416220250033587,0.22319314489151232,0
1.2772207676096813e-05,0.0,0.0,0.0,2
3.831662302829044e-05,0.0,0.0,0.0,2
1.2772207676096813e-05,0.0,0.0,0.0,2
7.663324605658088e-05,0.1724937415936649,0.21079024100200228,0.22319314489151232,0
3.831662302829044e-05,0.0,0.0,0.0,2
3.831662302829044e-05,0.0999394523427918,0.17416220250033587,0.22319314489151232,0
1.2772207676096813e-05,0.0,0.0,0.0,2
3.831662302829044e-05,0.0999394523427918,0.17416220250033587,0.22319314489151232,0
1.2772207676096813e-05,0.0,0.0,0.0,2
1.2772207676096813e-05,0.0,0.0,0.0,2
3.831662302829044e-05,0.0999394523427918,0.17416220250033587,0.22319314489151232,0
2.5544415352193626e-05,0.0,0.0,0.0,2
1.2772207676096813e-05,0.0,0.0,0.0,2
7.663324605658088e-05,0.16563361682323194,0.21118936877090597,0.22319314489151232,0
7.663324605658088e-05,0.0,0.0,0.0,2
3.831662302829044e-05,0.0999394523427918,0.17416220250033587,0.22319314489151232,0
3.831662302829044e-05,0.0999394523427918,0.17416220250033587,0.22319314489151232,0
3.831662302829044e-05,0.0999394523427918,0.17416220250033587,0.22319314489151232,0
7.663324605658088e-05,0.1724937415936649,0.21079024100200228,0.22319314489151232,0
7.663324605658088e-05,0.1724937415936649,0.21079024100200228,0.22319314489151232,0
0.00011494986908487132,0.21493528007190177,0.23221627000044784,0.22319314489151232,0
3.831662302829044e-05,0.0999394523427918,0.17416220250033587,0.22319314489151232,0
0.0003831662302829044,0.5340239393942542,0.495235686776241,0.0,3
0.00011494986908487132,0.21493528007190177,0.23221627000044784,0.22319314489151232,0
2.5544415352193626e-05,0.0,0.0,0.0,2
3.831662302829044e-05,0.0999394523427918,0.17416220250033587,0.22319314489151232,0
6.386103838048407e-05,0.1632471508144645,0.21976823100999837,0.22319314489151232,0
2.5544415352193626e-05,0.0,0.0,0.0,2
3.831662302829044e-05,0.0999394523427918,0.17416220250033587,0.22319314489151232,0
2.5544415352193626e-05,0.0,0.0,0.0,2
3.831662302829044e-05,0.0999394523427918,0.17416220250033587,0.22319314489151232,0
3.831662302829044e-05,0.0999394523427918,0.17416220250033587,0.22319314489151232,0
0.00045979947633948526,0.5445117786272309,0.5352650998848092,0.22319314489151232,3
3.831662302829044e-05,0.0999394523427918,0.17416220250033587,0.22319314489151232,0
7.663324605658088e-05,0.1724937415936649,0.21079024100200228,0.22319314489151232,0
3.831662302829044e-05,0.0999394523427918,0.17416220250033587,0.22319314489151232,0
1.2772207676096813e-05,0.0,0.0,0.0,2
1.2772207676096813e-05,0.0,0.0,0.0,2
2.5544415352193626e-05,0.0,0.0,0.0,2
0.0003831662302829044,0.5195130815440796,0.5318637252779074,0.0,3
3.831662302829044e-05,0.0999394523427918,0.17416220250033587,0.22319314489151232,0
2.5544415352193626e-05,0.0,0.0,0.0,2
3.831662302829044e-05,0.0,0.0,0.9481083009966558,1
2.5544415352193626e-05,0.0,0.0,0.0,2
3.831662302829044e-05,0.0999394523427918,0.17416220250033587,0.22319314489151232,0
3.831662302829044e-05,0.0999394523427918,0.17416220250033587,0.22319314489151232,0
3.831662302829044e-05,0.0999394523427918,0.17416220250033587,0.22319314489151232,0
3.831662302829044e-05,0.0999394523427918,0.17416220250033587,0.22319314489151232,0
1.2772207676096813e-05,0.0,0.0,0.0,2
3.831662302829044e-05,0.0999394523427918,0.17416220250033587,0.22319314489151232,0
1.2772207676096813e-05,0.0,0.0,0.0,2
2.5544415352193626e-05,0.10883143387630967,0.10988411550499919,0.0,2
5.108883070438725e-05,0.0999394523427918,0.17416220250033587,0.22319314489151232,0
3.831662302829044e-05,0.0999394523427918,0.17416220250033587,0.22319314489151232,0
3.831662302829044e-05,0.0999394523427918,0.17416220250033587,0.22319314489151232,0
7.663324605658088e-05,0.1724937415936649,0.21079024100200228,0.22319314489151232,0
0.02412670030014688,1.0,0.0,0.0,3
3.831662302829044e-05,0.0999394523427918,0.17416220250033587,0.22319314489151232,0
1.2772207676096813e-05,0.0,0.0,0.0,2
7.663324605658088e-05,0.0999394523427918,0.21079024100200228,0.22319314489151232,0
3.831662302829044e-05,0.0,0.0,0.0,2
2.5544415352193626e-05,0.0,0.0,0.0,2
5.108883070438725e-05,0.0,0.16482617325749876,0.0,2
1.2772207676096813e-05,0.0,0.10988411550499919,0.7075055301421415,1
3.831662302829044e-05,0.0999394523427918,0.17416220250033587,0.22319314489151232,0
5.108883070438725e-05,0.0,0.0,0.9646247234928927,1
5.108883070438725e-05,0.0,0.0,0.0,2
2.5544415352193626e-05,0.0,0.0,0.0,2
6.386103838048407e-05,0.0,0.10988411550499919,0.0,2
3.831662302829044e-05,0.0,0.0,0.0,2
1.2772207676096813e-05,0.0,0.0,0.0,2
1.2772207676096813e-05,0.0,0.0,0.0,2
3.831662302829044e-05,0.0,0.0,0.9646247234928927,1
3.831662302829044e-05,0.0,0.0,0.0,2
2.5544415352193626e-05,0.0,0.0,0.0,2
5.108883070438725e-05,0.0,0.0,0.0,2
1.2772207676096813e-05,0.0,0.0,0.0,2
3.831662302829044e-05,0.0,0.10988411550499919,0.22319314489151232,0
6.386103838048407e-05,0.0,0.0,0.0,2
6.386103838048407e-05,0.0,0.0,0.0,2
1.2772207676096813e-05,0.0,0.0,0.0,2
3.831662302829044e-05,0.1724937415936649,0.17416220250033587,0.0,4
6.386103838048407e-05,0.0,0.0,0.0,2
1.2772207676096813e-05,0.0,0.0,0.0,2
3.831662302829044e-05,0.0999394523427918,0.17416220250033587,0.22319314489151232,0
1.2772207676096813e-05,0.0,0.0,0.0,2
1.2772207676096813e-05,0.0,0.0,0.0,2
1.2772207676096813e-05,0.0,0.0,0.0,2
1.2772207676096813e-05,0.0,0.0,0.0,2
1.2772207676096813e-05,0.0,0.0,0.0,2
1.2772207676096813e-05,0.0,0.0,0.0,2
1.2772207676096813e-05,0.0,0.0,0.0,2
1.2772207676096813e-05,0.0,0.0,0.0,2
1.2772207676096813e-05,0.0,0.0,0.0,2
1.2772207676096813e-05,0.0,0.0,0.0,2
2.5544415352193626e-05,0.0,0.0,0.0,2
1.2772207676096813e-05,0.0,0.0,0.0,2
1.2772207676096813e-05,0.0,0.0,0.0,2
1.2772207676096813e-05,0.0,0.0,0.0,2
2.5544415352193626e-05,0.0,0.0,0.0,2
1.2772207676096813e-05,0.0,0.0,0.0,2
1.2772207676096813e-05,0.0,0.0,0.0,2
1.2772207676096813e-05,0.0,0.0,0.0,2
1.2772207676096813e-05,0.0,0.0,0.0,2
1.2772207676096813e-05,0.0,0.0,0.0,2
1.2772207676096813e-05,0.0,0.0,0.0,2
1.2772207676096813e-05,0.0,0.0,0.0,2
1.2772207676096813e-05,0.0,0.0,0.0,2
1.2772207676096813e-05,0.0,0.0,0.0,2
1.2772207676096813e-05,0.0,0.0,0.0,2
1.2772207676096813e-05,0.0,0.0,0.0,2
2.5544415352193626e-05,0.0,0.0,0.0,2
1.2772207676096813e-05,0.0,0.0,0.0,2
1.2772207676096813e-05,0.0,0.0,0.0,2
1.2772207676096813e-05,0.0,0.0,0.0,2
1.2772207676096813e-05,0.0,0.0,0.0,2
1.2772207676096813e-05,0.0,0.0,0.0,2
1.2772207676096813e-05,0.0,0.0,0.0,2
1.2772207676096813e-05,0.0,0.0,0.0,2
1.2772207676096813e-05,0.0,0.0,0.0,2
2.5544415352193626e-05,0.0,0.0,0.0,2
1.2772207676096813e-05,0.0,0.0,0.0,2
1.2772207676096813e-05,0.0,0.0,0.0,2
1.2772207676096813e-05,0.0,0.0,0.0,2
2.5544415352193626e-05,0.0,0.0,0.0,2
1.2772207676096813e-05,0.0,0.0,0.0,2
1.2772207676096813e-05,0.0,0.0,0.0,2
1.2772207676096813e-05,0.0,0.0,0.0,2
1.2772207676096813e-05,0.0,0.0,0.0,2
1.2772207676096813e-05,0.0,0.0,0.0,2
1.2772207676096813e-05,0.0,0.0,0.0,2
1.2772207676096813e-05,0.0,0.0,0.0,2
1.2772207676096813e-05,0.0,0.0,0.0,2
1.2772207676096813e-05,0.0,0.0,0.0,2
2.5544415352193626e-05,0.0,0.0,0.0,2
1.2772207676096813e-05,0.0,0.0,0.0,2
1.2772207676096813e-05,0.0,0.0,0.0,2
1.2772207676096813e-05,0.0,0.0,0.0,2
1.2772207676096813e-05,0.0,0.0,0.0,2
1.2772207676096813e-05,0.0,0.0,0.0,2
1.2772207676096813e-05,0.0,0.0,0.0,2
1.2772207676096813e-05,0.0,0.0,0.0,2
3.831662302829044e-05,0.0,0.0,0.0,2
1.2772207676096813e-05,0.0,0.0,0.0,2
1.2772207676096813e-05,0.0,0.0,0.0,2
3.831662302829044e-05,0.0,0.0,0.0,2
1.2772207676096813e-05,0.0,0.0,0.0,2
1.2772207676096813e-05,0.0,0.0,0.0,2
2.5544415352193626e-05,0.0,0.0,0.0,2
1.2772207676096813e-05,0.0,0.0,0.0,2
3.831662302829044e-05,0.0,0.0,0.0,2
2.5544415352193626e-05,0.0,0.0,0.0,2
1.2772207676096813e-05,0.0,0.0,0.0,2
2.5544415352193626e-05,0.0,0.0,0.0,2
1.2772207676096813e-05,0.0,0.0,0.0,2
3.831662302829044e-05,0.0999394523427918,0.17416220250033587,0.22319314489151232,0
7.663324605658088e-05,0.1724937415936649,0.21079024100200228,0.22319314489151232,0
1.2772207676096813e-05,0.0,0.0,0.0,2
1.2772207676096813e-05,0.0,0.0,0.0,2
1.2772207676096813e-05,0.0,0.0,0.0,2
1.2772207676096813e-05,0.0,0.0,0.0,2
1.2772207676096813e-05,0.0,0.0,0.0,2
1.2772207676096813e-05,0.0,0.0,0.0,2
1.2772207676096813e-05,0.0,0.0,0.0,2
1.2772207676096813e-05,0.0,0.0,0.0,2
1.2772207676096813e-05,0.0,0.0,0.0,2
1.2772207676096813e-05,0.0,0.0,0.0,2
1.2772207676096813e-05,0.0,0.0,0.0,2
1.2772207676096813e-05,0.0,0.0,0.0,2
3.831662302829044e-05,0.0999394523427918,0.17416220250033587,0.22319314489151232,0
3.831662302829044e-05,0.0999394523427918,0.17416220250033587,0.22319314489151232,0
7.663324605658088e-05,0.1724937415936649,0.21079024100200228,0.22319314489151232,0
7.663324605658088e-05,0.1724937415936649,0.21079024100200228,0.22319314489151232,0
1.2772207676096813e-05,0.0,0.0,0.0,2
3.831662302829044e-05,0.0999394523427918,0.17416220250033587,0.22319314489151232,0
3.831662302829044e-05,0.0999394523427918,0.17416220250033587,0.22319314489151232,0
3.831662302829044e-05,0.0999394523427918,0.17416220250033587,0.22319314489151232,0
1.2772207676096813e-05,0.0,0.0,0.0,2
1.2772207676096813e-05,0.0,0.0,0.0,2
3.831662302829044e-05,0.0999394523427918,0.17416220250033587,0.22319314489151232,0
2.5544415352193626e-05,0.0,0.0,0.0,2
3.831662302829044e-05,0.0999394523427918,0.17416220250033587,0.22319314489151232,0
7.663324605658088e-05,0.0999394523427918,0.21079024100200228,0.22319314489151232,0
3.831662302829044e-05,0.0999394523427918,0.17416220250033587,0.22319314489151232,0
3.831662302829044e-05,0.10883143387630967,0.10988411550499919,0.0,2
2.5544415352193626e-05,0.0,0.0,0.0,2
1.2772207676096813e-05,0.0,0.0,0.0,2
7.663324605658088e-05,0.0999394523427918,0.21079024100200228,0.22319314489151232,0
7.663324605658088e-05,0.1724937415936649,0.17416220250033587,0.22319314489151232,0
3.831662302829044e-05,0.0999394523427918,0.17416220250033587,0.22319314489151232,0
3.831662302829044e-05,0.0999394523427918,0.17416220250033587,0.22319314489151232,0
0.0006769270068331311,0.43856970093789843,0.43701907202589585,0.22319314489151232,3
2.5544415352193626e-05,0.0,0.0,0.0,2
1.2772207676096813e-05,0.0,0.0,0.0,2
1.2772207676096813e-05,0.0,0.0,0.0,2
2.5544415352193626e-05,0.10883143387630967,0.10988411550499919,0.0,2
7.663324605658088e-05,0.1724937415936649,0.21079024100200228,0.22319314489151232,0
3.831662302829044e-05,0.0999394523427918,0.17416220250033587,0.22319314489151232,0
7.663324605658088e-05,0.1724937415936649,0.21079024100200228,0.22319314489151232,0
0.006002937607765502,0.6287159424182267,0.7309912360745473,0.0,3
0.003001468803882751,0.6287159424182267,0.7309912360745471,0.0,3
1.2772207676096813e-05,0.0,0.0,0.0,2
1.2772207676096813e-05,0.0,0.0,0.0,2
3.831662302829044e-05,0.0999394523427918,0.17416220250033587,0.22319314489151232,0
0.003001468803882751,0.6287159424182268,0.7309912360745474,0.0,3
0.003001468803882751,0.6287159424182267,0.7309912360745473,0.0,3
1.2772207676096813e-05,0.0,0.0,0.0,2
1.2772207676096813e-05,0.0,0.0,0.0,2
0.00030653298422632353,0.0999394523427918,0.17416220250033587,0.0,2
0.00011494986908487132,0.16656575390465303,0.23221627000044784,0.22319314489151232,0
2.5544415352193626e-05,0.0,0.0,0.0,2
0.003001468803882751,0.6287159424182268,0.7309912360745472,0.0,3
0.003001468803882751,0.6287159424182265,0.7309912360745472,0.0,3
0.006002937607765502,0.6287159424182267,0.7309912360745471,0.0,3
0.003001468803882751,0.6287159424182267,0.7309912360745471,0.0,3
0.0003831662302829044,0.5340239393942542,0.5144475050278738,0.0,3
3.831662302829044e-05,0.0999394523427918,0.17416220250033587,0.22319314489151232,0
0.00045979947633948526,0.544511778627231,0.5253599244253928,0.22319314489151232,3
1.2772207676096813e-05,0.0,0.0,0.0,2
3.831662302829044e-05,0.0999394523427918,0.17416220250033587,0.22319314489151232,0
3.831662302829044e-05,0.0,0.0,0.9481083009966558,1
1.2772207676096813e-05,0.0,0.0,0.0,2
3.831662302829044e-05,0.0,0.17416220250033587,0.0,2
1.2772207676096813e-05,0.0,0.10988411550499919,0.669579434674537,1
1.2772207676096813e-05,0.0,0.10988411550499919,0.7075055301421415,1
7.663324605658088e-05,0.0999394523427918,0.21079024100200228,0.22319314489151232,0
5.108883070438725e-05,0.21766286775261934,0.21976823100999837,0.0,4
1.2772207676096813e-05,0.0,0.0,0.0,2
3.831662302829044e-05,0.0999394523427918,0.17416220250033587,0.22319314489151232,0
7.663324605658088e-05,0.1724937415936649,0.21079024100200228,0.22319314489151232,0
0.00011494986908487132,0.21493528007190177,0.23221627000044784,0.22319314489151232,0
7.663324605658088e-05,0.1724937415936649,0.21079024100200228,0.22319314489151232,0
3.831662302829044e-05,0.0999394523427918,0.17416220250033587,0.22319314489151232,0
0.00011494986908487132,0.21493528007190177,0.23221627000044784,0.22319314489151232,0
3.831662302829044e-05,0.0999394523427918,0.17416220250033587,0.22319314489151232,0
1.2772207676096813e-05,0.0,0.0,0.0,2
1.2772207676096813e-05,0.0,0.10988411550499919,0.669579434674537,1
1.2772207676096813e-05,0.0,0.0,0.0,2
1.2772207676096813e-05,0.0,0.0,0.0,2
1.2772207676096813e-05,0.0,0.0,0.0,2
1.2772207676096813e-05,0.0,0.0,0.0,2
1.2772207676096813e-05,0.0,0.0,0.0,2
1.2772207676096813e-05,0.0,0.10988411550499919,0.669579434674537,1
2.5544415352193626e-05,0.10883143387630967,0.10988411550499919,0.0,2
1.2772207676096813e-05,0.0,0.0,0.0,2
1.2772207676096813e-05,0.0,0.0,0.0,2
1.2772207676096813e-05,0.0,0.10988411550499919,0.7075055301421415,1
5.108883070438725e-05,0.0,0.0,0.0,2
3.831662302829044e-05,0.0,0.0,0.0,2
1.2772207676096813e-05,0.0,0.0,0.0,2
3.831662302829044e-05,0.0999394523427918,0.17416220250033587,0.22319314489151232,0
3.831662302829044e-05,0.0999394523427918,0.17416220250033587,0.22319314489151232,0
1.2772207676096813e-05,0.0,0.0,0.0,2
1.2772207676096813e-05,0.0,0.0,0.0,2
0.0003831662302829044,0.5267685104691668,0.5025612944765743,0.0,3
1.2772207676096813e-05,0.0,0.0,0.0,2
1.2772207676096813e-05,0.0,0.0,0.0,2
1.2772207676096813e-05,0.0,0.0,0.0,2
3.831662302829044e-05,0.0999394523427918,0.17416220250033587,0.22319314489151232,0
1.2772207676096813e-05,0.0,0.10988411550499919,0.669579434674537,1
1.2772207676096813e-05,0.0,0.0,0.0,2
1.2772207676096813e-05,0.0,0.0,0.0,2
1.2772207676096813e-05,0.0,0.0,0.0,2
1.2772207676096813e-05,0.0,0.10988411550499919,0.669579434674537,1
3.831662302829044e-05,0.1724937415936649,0.17416220250033587,0.0,4
3.831662302829044e-05,0.0999394523427918,0.17416220250033587,0.22319314489151232,0
6.386103838048407e-05,0.16563361682323194,0.21118936877090597,0.22319314489151232,0
3.831662302829044e-05,0.0999394523427918,0.17416220250033587,0.22319314489151232,0
1.2772207676096813e-05,0.0,0.0,0.0,2
3.831662302829044e-05,0.0999394523427918,0.17416220250033587,0.22319314489151232,0
0.00015326649211316176,0.24504803084453805,0.24741827950366868,0.22319314489151232,0
3.831662302829044e-05,0.0999394523427918,0.17416220250033587,0.22319314489151232,0
7.663324605658088e-05,0.1724937415936649,0.21079024100200228,0.22319314489151232,0
3.831662302829044e-05,0.0999394523427918,0.17416220250033587,0.22319314489151232,0
7.663324605658088e-05,0.1724937415936649,0.21079024100200228,0.22319314489151232,0
3.831662302829044e-05,0.0999394523427918,0.17416220250033587,0.22319314489151232,0
1.2772207676096813e-05,0.0,0.0,0.0,2
3.831662302829044e-05,0.0999394523427918,0.17416220250033587,0.22319314489151232,0
3.831662302829044e-05,0.0999394523427918,0.17416220250033587,0.22319314489151232,0
0.0004981160993677757,0.5396247560458719,0.5102881293685041,0.22319314489151232,3
0.0003576218149307108,0.523191329319864,0.489007616562833,0.0,3
1.2772207676096813e-05,0.0,0.0,0.0,2
3.831662302829044e-05,0.0999394523427918,0.17416220250033587,0.22319314489151232,0
1.2772207676096813e-05,0.0,0.0,0.0,2
1.2772207676096813e-05,0.0,0.0,0.0,2
0.0003831662302829044,0.5340239393942542,0.47505446167684046,0.0,3
3.831662302829044e-05,0.0999394523427918,0.17416220250033587,0.22319314489151232,0
2.5544415352193626e-05,0.10883143387630967,0.10988411550499919,0.0,2
3.831662302829044e-05,0.0,0.0,0.0,2
1.2772207676096813e-05,0.0,0.0,0.0,2
1.2772207676096813e-05,0.0,0.0,0.0,2
1.2772207676096813e-05,0.0,0.0,0.0,2
2.5544415352193626e-05,0.0,0.0,0.0,2
2.5544415352193626e-05,0.0,0.0,0.0,2
1.2772207676096813e-05,0.0,0.0,0.0,2
1.2772207676096813e-05,0.0,0.0,0.0,2
1.2772207676096813e-05,0.0,0.0,0.0,2
0.0003831662302829044,0.5340239393942542,0.521773112728207,0.0,3
7.663324605658088e-05,0.1724937415936649,0.21079024100200228,0.22319314489151232,0
1.2772207676096813e-05,0.0,0.0,0.0,2
2.5544415352193626e-05,0.0,0.0,0.0,2
2.5544415352193626e-05,0.0,0.0,0.0,2
3.831662302829044e-05,0.0999394523427918,0.17416220250033587,0.22319314489151232,0
3.831662302829044e-05,0.0999394523427918,0.17416220250033587,0.22319314489151232,0
3.831662302829044e-05,0.0999394523427918,0.17416220250033587,0.22319314489151232,0
3.831662302829044e-05,0.0999394523427918,0.17416220250033587,0.22319314489151232,0
2.5544415352193626e-05,0.0,0.10988411550499919,0.0,2
1.2772207676096813e-05,0.0,0.0,0.0,2
2.5544415352193626e-05,0.0,0.0,0.0,2
6.386103838048407e-05,0.0,0.0,0.0,2
1.2772207676096813e-05,0.0,0.0,0.0,2
3.831662302829044e-05,0.0999394523427918,0.17416220250033587,0.22319314489151232,0
3.831662302829044e-05,0.0999394523427918,0.17416220250033587,0.22319314489151232,0
1.2772207676096813e-05,0.0,0.0,0.0,2
7.663324605658088e-05,0.1724937415936649,0.21079024100200228,0.22319314489151232,0
3.831662302829044e-05,0.0999394523427918,0.17416220250033587,0.22319314489151232,0
1.2772207676096813e-05,0.0,0.0,0.0,2
3.831662302829044e-05,0.0999394523427918,0.17416220250033587,0.22319314489151232,0
7.663324605658088e-05,0.1724937415936649,0.21079024100200228,0.22319314489151232,0
1.2772207676096813e-05,0.0,0.0,0.0,2
1.2772207676096813e-05,0.0,0.0,0.0,2
1.2772207676096813e-05,0.0,0.0,0.0,2
3.831662302829044e-05,0.0999394523427918,0.17416220250033587,0.22319314489151232,0
3.831662302829044e-05,0.0999394523427918,0.17416220250033587,0.22319314489151232,0
5.108883070438725e-05,0.0,0.10988411550499919,0.22319314489151232,0
3.831662302829044e-05,0.0999394523427918,0.17416220250033587,0.22319314489151232,0
2.5544415352193626e-05,0.0,0.0,0.0,2
1.2772207676096813e-05,0.0,0.0,0.0,2
6.386103838048407e-05,0.0999394523427918,0.17416220250033587,0.22319314489151232,0
1.2772207676096813e-05,0.0,0.0,0.0,2
5.108883070438725e-05,0.0,0.10988411550499919,0.0,2
2.5544415352193626e-05,0.0,0.0,0.0,2
1.2772207676096813e-05,0.0,0.0,0.0,2
3.831662302829044e-05,0.0999394523427918,0.17416220250033587,0.22319314489151232,0
7.663324605658088e-05,0.1724937415936649,0.21079024100200228,0.22319314489151232,0
1.2772207676096813e-05,0.0,0.0,0.0,2
1.2772207676096813e-05,0.0,0.10988411550499919,0.669579434674537,1
3.831662302829044e-05,0.0999394523427918,0.17416220250033587,0.22319314489151232,0
3.831662302829044e-05,0.0,0.0,0.0,2
2.5544415352193626e-05,0.0,0.0,0.0,2
1.2772207676096813e-05,0.0,0.0,0.0,2
3.831662302829044e-05,0.10883143387630967,0.10988411550499919,0.22319314489151232,0
1.2772207676096813e-05,0.0,0.0,0.0,2
7.663324605658088e-05,0.1724937415936649,0.21079024100200228,0.22319314489151232,0
2.5544415352193626e-05,0.0,0.0,0.0,2
2.5544415352193626e-05,0.0,0.0,0.0,2
5.108883070438725e-05,0.0999394523427918,0.17416220250033587,0.22319314489151232,0
8.94054537326777e-05,0.1724937415936649,0.21079024100200228,0.22319314489151232,0
1.2772207676096813e-05,0.0,0.0,0.0,2
3.831662302829044e-05,0.0,0.10988411550499919,0.22319314489151232,0
1.2772207676096813e-05,0.0,0.0,0.0,2
3.831662302829044e-05,0.0999394523427918,0.17416220250033587,0.22319314489151232,0
3.831662302829044e-05,0.0999394523427918,0.17416220250033587,0.22319314489151232,0
7.663324605658088e-05,0.16563361682323194,0.21118936877090597,0.22319314489151232,0
1.2772207676096813e-05,0.0,0.0,0.0,2
0.00043425506098729164,0.459478488289268,0.4309575997809043,0.22319314489151232,3
1.2772207676096813e-05,0.0,0.0,0.0,2
1.2772207676096813e-05,0.0,0.0,0.0,2
5.108883070438725e-05,0.0,0.10988411550499919,0.7075055301421415,1
1.2772207676096813e-05,0.0,0.0,0.0,2
3.831662302829044e-05,0.0,0.0,0.9646247234928927,1
0.0024778082891627816,0.0,0.0,0.0,2
0.003627306980011495,0.0,0.0,0.0,2
0.0033080017881090746,0.0,0.0,0.0,2
0.00015326649211316176,0.0,0.0,0.0,2
0.00043425506098729164,0.0,0.23431725315730706,0.3537527650710707,0
0.0003193051919024203,0.0,0.2753854241142652,0.0,4
0.00034484960725461393,0.0,0.23902024591277435,0.0,2
1.2772207676096813e-05,0.0,0.0,0.0,2
0.003422951657193946,0.0,0.0,0.0,2
3.831662302829044e-05,0.0,0.0,0.0,2
6.386103838048407e-05,0.0,0.0,0.0,2
0.0001021776614087745,0.0,0.0,0.0,2
8.94054537326777e-05,0.0,0.0,0.0,2
5.108883070438725e-05,0.0,0.0,0.0,2
2.5544415352193626e-05,0.0,0.0,0.0,2
7.663324605658088e-05,0.0,0.0,0.0,2
6.386103838048407e-05,0.0,0.0,0.0,2
1.2772207676096813e-05,0.0,0.0,0.0,2
1.2772207676096813e-05,0.0,0.0,0.0,2
1.2772207676096813e-05,0.0,0.0,0.0,2
5.108883070438725e-05,0.0,0.0,0.0,2
0.003550673733954914,0.0,0.0,0.0,2
0.003678395810715882,0.0,0.0,0.0,2
0.00348681269557443,0.0,0.0,0.0,2
0.003474040487898333,0.0,0.0,0.0,2
0.0037933456798007535,0.0,0.0,0.0,2
0.003831662302829044,0.0,0.0,0.0,2
0.0036656236030397854,0.0,0.0,0.0,2
0.003678395810715882,0.0,0.0,0.0,2
0.0038444345105051406,0.0,0.0,0.0,2
0.0037933456798007535,0.0,0.0,0.0,2
0.004099878664027077,0.0,0.0,0.0,2
0.0037678012644485597,0.0,0.0,0.0,2
0.003984928794942205,0.0,0.0,0.0,2
0.004036017625646593,0.0,0.0,0.0,2
0.003474040487898333,0.0,0.0,0.0,2
0.0036656236030397854,0.0,0.0,0.0,2
0.003691168018391979,0.0,0.0,0.0,2
0.003691168018391979,0.0,0.0,0.0,2
0.00348681269557443,0.0,0.0,0.0,2
0.0037422568490963664,0.0,0.0,0.0,2
1.2772207676096813e-05,0.0,0.0,0.0,2
1.2772207676096813e-05,0.0,0.0,0.0,2
5.108883070438725e-05,0.0999394523427918,0.17416220250033587,0.22319314489151232,0
2.5544415352193626e-05,0.0,0.0,0.0,2
0.00034484960725461393,0.23319205546651428,0.2821307733890784,0.22319314489151232,0
1.2772207676096813e-05,0.0,0.0,0.0,2
1.2772207676096813e-05,0.0,0.0,0.0,2
1.2772207676096813e-05,0.0,0.0,0.0,2
3.831662302829044e-05,0.0999394523427918,0.17416220250033587,0.22319314489151232,0
2.5544415352193626e-05,0.0,0.0,0.0,2
7.663324605658088e-05,0.10883143387630967,0.10988411550499919,0.9869440379820439,1
7.663324605658088e-05,0.0999394523427918,0.17416220250033587,0.22319314489151232,0
7.663324605658088e-05,0.0999394523427918,0.21079024100200228,0.22319314489151232,0
1.2772207676096813e-05,0.0,0.0,0.0,2
2.5544415352193626e-05,0.0,0.10988411550499919,0.22319314489151232,0
1.2772207676096813e-05,0.0,0.0,0.0,2
1.2772207676096813e-05,0.0,0.0,0.0,2
1.2772207676096813e-05,0.0,0.0,0.0,2
1.2772207676096813e-05,0.0,0.0,0.0,2
2.5544415352193626e-05,0.0,0.0,0.0,2
2.5544415352193626e-05,0.0,0.10988411550499919,0.7075055301421415,1
5.108883070438725e-05,0.0,0.10988411550499919,0.669579434674537,1
3.831662302829044e-05,0.10883143387630967,0.10988411550499919,0.22319314489151232,0
1.2772207676096813e-05,0.0,0.0,0.0,2
1.2772207676096813e-05,0.0,0.0,0.0,2
1.2772207676096813e-05,0.0,0.0,0.0,2
2.5544415352193626e-05,0.0,0.0,0.0,2
8.94054537326777e-05,0.1724937415936649,0.21079024100200228,0.22319314489151232,0
1.2772207676096813e-05,0.0,0.0,0.0,2
1.2772207676096813e-05,0.0,0.0,0.0,2
8.94054537326777e-05,0.1724937415936649,0.21079024100200228,0.22319314489151232,0
5.108883070438725e-05,0.0999394523427918,0.17416220250033587,0.22319314489151232,0
3.831662302829044e-05,0.1724937415936649,0.17416220250033587,0.0,4
1.2772207676096813e-05,0.0,0.0,0.0,2
3.831662302829044e-05,0.0999394523427918,0.17416220250033587,0.22319314489151232,0
2.5544415352193626e-05,0.10883143387630967,0.10988411550499919,0.0,2
1.2772207676096813e-05,0.0,0.10988411550499919,0.669579434674537,1
3.831662302829044e-05,0.0,0.0,0.0,2
1.2772207676096813e-05,0.0,0.0,0.0,2
1.2772207676096813e-05,0.0,0.10988411550499919,0.669579434674537,1
1.2772207676096813e-05,0.0,0.10988411550499919,0.7075055301421415,1
2.5544415352193626e-05,0.0,0.0,0.0,2
2.5544415352193626e-05,0.0,0.0,0.0,2
1.2772207676096813e-05,0.0,0.10988411550499919,0.669579434674537,1
0.0011239542754965196,0.3041943054517138,0.35795635283123506,0.22319314489151232,4
7.663324605658088e-05,0.1724937415936649,0.21079024100200228,0.22319314489151232,0
1.2772207676096813e-05,0.0,0.0,0.0,2
2.5544415352193626e-05,0.0,0.0,0.0,2
2.5544415352193626e-05,0.0,0.0,0.0,2
1.2772207676096813e-05,0.0,0.0,0.0,2
1.2772207676096813e-05,0.0,0.0,0.0,2
1.2772207676096813e-05,0.0,0.0,0.0,2
1.2772207676096813e-05,0.0,0.0,0.0,2
2.5544415352193626e-05,0.0,0.0,0.0,2
7.663324605658088e-05,0.0999394523427918,0.21079024100200228,0.22319314489151232,0
5.108883070438725e-05,0.0999394523427918,0.17416220250033587,0.22319314489151232,0
3.831662302829044e-05,0.0999394523427918,0.17416220250033587,0.22319314489151232,0
5.108883070438725e-05,0.0,0.0,0.9646247234928927,1
1.2772207676096813e-05,0.0,0.0,0.0,2
3.831662302829044e-05,0.10883143387630967,0.10988411550499919,0.22319314489151232,0
7.663324605658088e-05,0.0,0.10988411550499919,0.0,2
2.5544415352193626e-05,0.10883143387630967,0.10988411550499919,0.22319314489151232,0
2.5544415352193626e-05,0.0,0.0,0.0,2
3.831662302829044e-05,0.0999394523427918,0.17416220250033587,0.22319314489151232,0
1.2772207676096813e-05,0.0,0.0,0.0,2
1.2772207676096813e-05,0.0,0.10988411550499919,0.669579434674537,1
1.2772207676096813e-05,0.0,0.0,0.0,2
7.663324605658088e-05,0.1724937415936649,0.21079024100200228,0.22319314489151232,0
7.663324605658088e-05,0.1724937415936649,0.21079024100200228,0.22319314489151232,0
5.108883070438725e-05,0.0,0.0,0.0,2
1.2772207676096813e-05,0.0,0.10988411550499919,0.7075055301421415,1
1.2772207676096813e-05,0.0,0.0,0.0,2
1.2772207676096813e-05,0.0,0.10988411550499919,0.669579434674537,1
3.831662302829044e-05,0.0999394523427918,0.17416220250033587,0.0,2
2.5544415352193626e-05,0.0,0.0,0.0,2
1.2772207676096813e-05,0.0,0.0,0.0,2
1.2772207676096813e-05,0.0,0.0,0.0,2
1.2772207676096813e-05,0.0,0.0,0.0,2
1.2772207676096813e-05,0.0,0.0,0.0,2
1.2772207676096813e-05,0.0,0.0,0.0,2
3.831662302829044e-05,0.0,0.0,0.9646247234928927,1
2.5544415352193626e-05,0.0,0.0,0.0,2
1.2772207676096813e-05,0.0,0.0,0.0,2
1.2772207676096813e-05,0.0,0.0,0.0,2
1.2772207676096813e-05,0.0,0.0,0.0,2
1.2772207676096813e-05,0.0,0.0,0.0,2
2.5544415352193626e-05,0.0,0.0,0.0,2
1.2772207676096813e-05,0.0,0.0,0.0,2
1.2772207676096813e-05,0.0,0.0,0.0,2
2.5544415352193626e-05,0.0,0.0,0.0,2
5.108883070438725e-05,0.0999394523427918,0.17416220250033587,0.22319314489151232,0
1.2772207676096813e-05,0.0,0.0,0.0,2
1.2772207676096813e-05,0.0,0.0,0.0,2
2.5544415352193626e-05,0.0,0.0,0.0,2
1.2772207676096813e-05,0.0,0.0,0.0,2
1.2772207676096813e-05,0.0,0.0,0.0,2
2.5544415352193626e-05,0.0,0.0,0.0,2
0.0003831662302829044,0.5340239393942542,0.443956432873908,0.0,3
2.5544415352193626e-05,0.0,0.0,0.0,2
1.2772207676096813e-05,0.0,0.0,0.0,2
0.00042148285331119486,0.5423928005696529,0.502321466764792,0.22319314489151232,3
3.831662302829044e-05,0.0999394523427918,0.17416220250033587,0.22319314489151232,0
1.2772207676096813e-05,0.0,0.0,0.0,2
1.2772207676096813e-05,0.0,0.0,0.0,2
1.2772207676096813e-05,0.0,0.0,0.0,2
2.5544415352193626e-05,0.10883143387630967,0.10988411550499919,0.0,2
5.108883070438725e-05,0.0,0.10988411550499919,0.22319314489151232,0
5.108883070438725e-05,0.0999394523427918,0.17416220250033587,0.22319314489151232,0
1.2772207676096813e-05,0.0,0.0,0.0,2
3.831662302829044e-05,0.0,0.0,0.9481083009966558,1
3.831662302829044e-05,0.0,0.10988411550499919,0.22319314489151232,0
8.94054537326777e-05,0.08829256155737064,0.21976823100999837,0.9423054090037414,1
0.0007663324605658088,0.3811238164481102,0.40656316554963423,0.7441098690132256,1
2.5544415352193626e-05,0.0,0.0,0.0,2
1.2772207676096813e-05,0.0,0.0,0.0,2
2.5544415352193626e-05,0.0,0.0,0.9481083009966558,1
5.108883070438725e-05,0.0,0.0,0.9646247234928927,1
5.108883070438725e-05,0.0999394523427918,0.17416220250033587,0.22319314489151232,0
6.386103838048407e-05,0.0999394523427918,0.17416220250033587,0.22319314489151232,0
1.2772207676096813e-05,0.0,0.0,0.0,2
1.2772207676096813e-05,0.0,0.0,0.0,2
1.2772207676096813e-05,0.0,0.0,0.0,2
1.2772207676096813e-05,0.0,0.0,0.0,2
1.2772207676096813e-05,0.0,0.0,0.0,2
1.2772207676096813e-05,0.0,0.0,0.0,2
3.831662302829044e-05,0.0,0.0,0.0,2
2.5544415352193626e-05,0.0,0.0,0.0,2
3.831662302829044e-05,0.0999394523427918,0.17416220250033587,0.22319314489151232,0
1.2772207676096813e-05,0.0,0.0,0.0,2
3.831662302829044e-05,0.0999394523427918,0.17416220250033587,0.22319314489151232,0
3.831662302829044e-05,0.0999394523427918,0.17416220250033587,0.22319314489151232,0
3.831662302829044e-05,0.0999394523427918,0.17416220250033587,0.22319314489151232,0
1.2772207676096813e-05,0.0,0.0,0.0,2
3.831662302829044e-05,0.0999394523427918,0.17416220250033587,0.22319314489151232,0
3.831662302829044e-05,0.0999394523427918,0.17416220250033587,0.22319314489151232,0
3.831662302829044e-05,0.0999394523427918,0.17416220250033587,0.22319314489151232,0
1.2772207676096813e-05,0.0,0.0,0.0,2
2.5544415352193626e-05,0.0,0.0,0.22319314489151232,0
1.2772207676096813e-05,0.0,0.0,0.0,2
7.663324605658088e-05,0.1724937415936649,0.21079024100200228,0.22319314489151232,0
3.831662302829044e-05,0.0999394523427918,0.17416220250033587,0.22319314489151232,0
1.2772207676096813e-05,0.0,0.0,0.0,2
3.831662302829044e-05,0.0999394523427918,0.17416220250033587,0.22319314489151232,0
1.2772207676096813e-05,0.0,0.0,0.0,2
1.2772207676096813e-05,0.0,0.0,0.0,2
3.831662302829044e-05,0.0999394523427918,0.17416220250033587,0.22319314489151232,0
3.831662302829044e-05,0.0999394523427918,0.17416220250033587,0.22319314489151232,0
7.663324605658088e-05,0.1724937415936649,0.21079024100200228,0.22319314489151232,0
7.663324605658088e-05,0.1724937415936649,0.21079024100200228,0.22319314489151232,0
1.2772207676096813e-05,0.0,0.0,0.0,2
3.831662302829044e-05,0.0,0.10988411550499919,0.7075055301421415,1
3.831662302829044e-05,0.0999394523427918,0.17416220250033587,0.22319314489151232,0
1.2772207676096813e-05,0.0,0.0,0.0,2
1.2772207676096813e-05,0.0,0.0,0.0,2
0.000408710645635098,0.5211954213141946,0.4746683400695329,0.22319314489151232,3
3.831662302829044e-05,0.0999394523427918,0.17416220250033587,0.22319314489151232,0
5.108883070438725e-05,0.0999394523427918,0.17416220250033587,0.22319314489151232,0
1.2772207676096813e-05,0.0,0.0,0.0,2
1.2772207676096813e-05,0.0,0.0,0.0,2
1.2772207676096813e-05,0.0,0.0,0.0,2
1.2772207676096813e-05,0.0,0.0,0.0,2
3.831662302829044e-05,0.0999394523427918,0.17416220250033587,0.22319314489151232,0
3.831662302829044e-05,0.0999394523427918,0.17416220250033587,0.22319314489151232,0
0.00042148285331119486,0.5423928005696529,0.5089811101287314,0.22319314489151232,3
0.00011494986908487132,0.16656575390465303,0.23221627000044784,0.22319314489151232,0
7.663324605658088e-05,0.1724937415936649,0.21079024100200228,0.22319314489151232,0
0.000753560252889712,0.385364169112494,0.4399341993097623,0.22319314489151232,3
3.831662302829044e-05,0.0999394523427918,0.17416220250033587,0.22319314489151232,0
0.0003831662302829044,0.5340239393942542,0.47505446167684046,0.0,3
0.0001021776614087745,0.0,0.0,0.0,2
3.831662302829044e-05,0.0999394523427918,0.17416220250033587,0.22319314489151232,0
3.831662302829044e-05,0.0999394523427918,0.17416220250033587,0.22319314489151232,0
3.831662302829044e-05,0.0999394523427918,0.17416220250033587,0.22319314489151232,0
3.831662302829044e-05,0.0999394523427918,0.17416220250033587,0.22319314489151232,0
1.2772207676096813e-05,0.0,0.0,0.0,2
1.2772207676096813e-05,0.0,0.0,0.0,2
3.831662302829044e-05,0.0999394523427918,0.17416220250033587,1.0,1
2.5544415352193626e-05,0.10883143387630967,0.10988411550499919,0.0,2
7.663324605658088e-05,0.1724937415936649,0.21079024100200228,0.22319314489151232,0
6.386103838048407e-05,0.0,0.0,0.0,2
5.108883070438725e-05,0.0,0.0,0.0,2
7.663324605658088e-05,0.0,0.0,0.0,2
3.831662302829044e-05,0.0,0.0,0.0,2
7.663324605658088e-05,0.0,0.0,0.0,2
3.831662302829044e-05,0.0,0.0,0.0,2
5.108883070438725e-05,0.0,0.0,0.0,2
1.2772207676096813e-05,0.0,0.0,0.0,2
0.00011494986908487132,0.0,0.0,0.0,2
7.663324605658088e-05,0.0,0.0,0.0,2
6.386103838048407e-05,0.0,0.0,0.0,2
7.663324605658088e-05,0.0,0.0,0.0,2
3.831662302829044e-05,0.0,0.0,0.0,2
7.663324605658088e-05,0.0,0.0,0.0,2
7.663324605658088e-05,0.0,0.0,0.0,2
6.386103838048407e-05,0.0,0.0,0.0,2
5.108883070438725e-05,0.0,0.0,0.0,2
7.663324605658088e-05,0.0,0.0,0.0,2
5.108883070438725e-05,0.0,0.0,0.0,2
3.831662302829044e-05,0.0,0.0,0.0,2
6.386103838048407e-05,0.0,0.0,0.0,2
7.663324605658088e-05,0.0,0.0,0.0,2
2.5544415352193626e-05,0.0,0.0,0.0,2
7.663324605658088e-05,0.0,0.0,0.0,2
2.5544415352193626e-05,0.0,0.10988411550499919,0.0,2
1.2772207676096813e-05,0.0,0.0,0.9481083009966558,1
1.2772207676096813e-05,0.0,0.0,0.0,2
3.831662302829044e-05,0.0999394523427918,0.17416220250033587,0.22319314489151232,0
0.00011494986908487132,0.21493528007190177,0.23221627000044784,0.22319314489151232,0
7.663324605658088e-05,0.1724937415936649,0.21079024100200228,0.22319314489151232,0
7.663324605658088e-05,0.1724937415936649,0.21079024100200228,0.22319314489151232,0
2.5544415352193626e-05,0.0,0.0,0.0,2
3.831662302829044e-05,0.0999394523427918,0.17416220250033587,0.22319314489151232,0
7.663324605658088e-05,0.1724937415936649,0.21079024100200228,0.22319314489151232,0
0.0008046490835940993,0.6401510462901641,0.5428107667162505,0.22319314489151232,3
3.831662302829044e-05,0.0999394523427918,0.17416220250033587,0.22319314489151232,0
3.831662302829044e-05,0.0999394523427918,0.17416220250033587,0.22319314489151232,0
6.386103838048407e-05,0.07856846972218419,0.21118936877090597,0.2049573351433958,0
3.831662302829044e-05,0.0999394523427918,0.17416220250033587,0.22319314489151232,0
1.2772207676096813e-05,0.0,0.0,0.0,2
0.0010600932371160356,0.4941208749589121,0.3833213454854224,0.0,3
3.831662302829044e-05,0.0999394523427918,0.17416220250033587,0.22319314489151232,0
7.663324605658088e-05,0.1724937415936649,0.21079024100200228,0.22319314489151232,0
7.663324605658088e-05,0.1724937415936649,0.21079024100200228,0.22319314489151232,0
3.831662302829044e-05,0.0999394523427918,0.17416220250033587,0.22319314489151232,0
1.2772207676096813e-05,0.0,0.0,0.0,2
3.831662302829044e-05,0.0999394523427918,0.17416220250033587,0.22319314489151232,0
7.663324605658088e-05,0.1724937415936649,0.21079024100200228,0.22319314489151232,0
3.831662302829044e-05,0.0999394523427918,0.17416220250033587,0.22319314489151232,0
3.831662302829044e-05,0.0999394523427918,0.17416220250033587,0.22319314489151232,0
3.831662302829044e-05,0.0999394523427918,0.17416220250033587,0.22319314489151232,0
7.663324605658088e-05,0.1724937415936649,0.21079024100200228,0.22319314489151232,0
7.663324605658088e-05,0.0999394523427918,0.21079024100200228,0.22319314489151232,0
3.831662302829044e-05,0.0999394523427918,0.17416220250033587,0.22319314489151232,0
7.663324605658088e-05,0.1724937415936649,0.21079024100200228,0.22319314489151232,0
0.00011494986908487132,0.21493528007190177,0.23221627000044784,0.22319314489151232,0
2.5544415352193626e-05,0.0,0.0,0.0,2
0.0001021776614087745,0.0,0.0,0.0,2
0.0005364327223960661,0.5453940431795773,0.5329966808435029,0.22319314489151232,3
3.831662302829044e-05,0.0999394523427918,0.17416220250033587,0.22319314489151232,0
7.663324605658088e-05,0.1724937415936649,0.21079024100200228,0.22319314489151232,0
7.663324605658088e-05,0.1724937415936649,0.21079024100200228,0.22319314489151232,0
1.2772207676096813e-05,0.0,0.0,0.0,2
1.2772207676096813e-05,0.0,0.0,0.0,2
1.2772207676096813e-05,0.0,0.0,0.0,2
1.2772207676096813e-05,0.0,0.0,0.0,2
7.663324605658088e-05,0.1724937415936649,0.21079024100200228,0.22319314489151232,0
3.831662302829044e-05,0.0999394523427918,0.17416220250033587,0.22319314489151232,0
0.00011494986908487132,0.21493528007190177,0.23221627000044784,0.22319314489151232,0
3.831662302829044e-05,0.0999394523427918,0.17416220250033587,0.22319314489151232,0
1.2772207676096813e-05,0.0,0.0,0.0,2
2.5544415352193626e-05,0.10883143387630967,0.10988411550499919,0.0,2
8.94054537326777e-05,0.1724937415936649,0.21079024100200228,0.22319314489151232,0
1.2772207676096813e-05,0.0,0.0,0.0,2
2.5544415352193626e-05,0.0,0.0,0.0,2
1.2772207676096813e-05,0.0,0.0,0.0,2
5.108883070438725e-05,0.0,0.0,0.9481083009966558,1
3.831662302829044e-05,0.0,0.0,0.0,2
0.0003831662302829044,0.4143598954435543,0.41836782802390493,0.0,4
3.831662302829044e-05,0.0999394523427918,0.17416220250033587,0.22319314489151232,0
1.2772207676096813e-05,0.0,0.0,0.0,2
0.0007791046682419056,0.419772952664878,0.4382054411776035,0.22319314489151232,3
2.5544415352193626e-05,0.0,0.0,0.0,2
2.5544415352193626e-05,0.0,0.0,0.0,2
0.0006769270068331311,0.3357408924081295,0.31376184438358384,0.9038258762595972,1
3.831662302829044e-05,0.0999394523427918,0.17416220250033587,0.22319314489151232,0
6.386103838048407e-05,0.0999394523427918,0.17416220250033587,0.22319314489151232,0
1.2772207676096813e-05,0.0,0.0,0.0,2
2.5544415352193626e-05,0.0,0.0,0.0,2
2.5544415352193626e-05,0.0,0.0,0.0,2
5.108883070438725e-05,0.0999394523427918,0.17416220250033587,0.22319314489151232,0
1.2772207676096813e-05,0.0,0.0,0.0,2
3.831662302829044e-05,0.10883143387630967,0.10988411550499919,0.3537527650710707,0
2.5544415352193626e-05,0.0,0.0,0.0,2
1.2772207676096813e-05,0.0,0.0,0.0,2
1.2772207676096813e-05,0.0,0.0,0.0,2
7.663324605658088e-05,0.0,0.0,0.0,2
3.831662302829044e-05,0.0999394523427918,0.17416220250033587,0.22319314489151232,0
1.2772207676096813e-05,0.0,0.0,0.0,2
1.2772207676096813e-05,0.0,0.0,0.0,2
8.94054537326777e-05,0.0,0.0,0.9646247234928927,1
5.108883070438725e-05,0.0999394523427918,0.17416220250033587,0.22319314489151232,0
5.108883070438725e-05,0.1632471508144645,0.21976823100999837,0.0,4
1.2772207676096813e-05,0.0,0.0,0.0,2
1.2772207676096813e-05,0.0,0.10988411550499919,0.0,2
2.5544415352193626e-05,0.0,0.0,0.0,2
6.386103838048407e-05,0.0999394523427918,0.17416220250033587,0.22319314489151232,0
2.5544415352193626e-05,0.0,0.0,0.0,2
1.2772207676096813e-05,0.0,0.0,0.0,2
7.663324605658088e-05,0.1724937415936649,0.21079024100200228,0.22319314489151232,0
3.831662302829044e-05,0.0999394523427918,0.17416220250033587,0.0,2
2.5544415352193626e-05,0.0,0.0,0.0,2
0.00012772207676096814,0.1724937415936649,0.21079024100200228,0.22319314489151232,0
1.2772207676096813e-05,0.0,0.0,0.0,2
1.2772207676096813e-05,0.0,0.0,0.0,2
7.663324605658088e-05,0.0,0.10988411550499919,0.22319314489151232,0
1.2772207676096813e-05,0.0,0.0,0.0,2
1.2772207676096813e-05,0.0,0.0,0.0,2
2.5544415352193626e-05,0.0,0.0,0.0,2
0.0007407880452136151,0.33198202961356,0.4249759883195393,0.22319314489151232,4
2.5544415352193626e-05,0.0,0.0,0.0,2
8.94054537326777e-05,0.1724937415936649,0.21079024100200228,0.22319314489151232,0
3.831662302829044e-05,0.0,0.0,0.0,2
2.5544415352193626e-05,0.0,0.0,0.0,2
1.2772207676096813e-05,0.0,0.0,0.0,2
5.108883070438725e-05,0.0999394523427918,0.17416220250033587,0.22319314489151232,0
5.108883070438725e-05,0.10883143387630967,0.10988411550499919,0.22319314489151232,0
1.2772207676096813e-05,0.0,0.0,0.0,2
1.2772207676096813e-05,0.0,0.0,0.0,2
1.2772207676096813e-05,0.0,0.0,0.0,2
2.5544415352193626e-05,0.0,0.0,0.0,2
0.00012772207676096814,0.0,0.0,0.0,2
1.2772207676096813e-05,0.0,0.0,0.0,2
3.831662302829044e-05,0.0999394523427918,0.17416220250033587,0.22319314489151232,0
1.2772207676096813e-05,0.0,0.0,0.0,2
2.5544415352193626e-05,0.0,0.0,0.0,2
7.663324605658088e-05,0.1724937415936649,0.21079024100200228,0.22319314489151232,0
3.831662302829044e-05,0.0999394523427918,0.17416220250033587,0.22319314489151232,0
7.663324605658088e-05,0.0999394523427918,0.21079024100200228,0.22319314489151232,0
3.831662302829044e-05,0.0999394523427918,0.17416220250033587,0.22319314489151232,0
3.831662302829044e-05,0.0999394523427918,0.17416220250033587,0.22319314489151232,0
2.5544415352193626e-05,0.0,0.0,0.0,2
3.831662302829044e-05,0.0999394523427918,0.17416220250033587,0.22319314489151232,0
5.108883070438725e-05,0.0,0.0,0.9481083009966558,1
2.5544415352193626e-05,0.0,0.0,0.0,2
6.386103838048407e-05,0.0999394523427918,0.17416220250033587,0.22319314489151232,0
3.831662302829044e-05,0.0999394523427918,0.17416220250033587,0.22319314489151232,0
2.5544415352193626e-05,0.0,0.0,0.0,2
3.831662302829044e-05,0.1724937415936649,0.17416220250033587,0.0,4
3.831662302829044e-05,0.0999394523427918,0.17416220250033587,0.22319314489151232,0
1.2772207676096813e-05,0.0,0.0,0.0,2
3.831662302829044e-05,0.0,0.17416220250033587,0.0,2
1.2772207676096813e-05,0.0,0.0,0.0,2
7.663324605658088e-05,0.0999394523427918,0.21079024100200228,0.22319314489151232,0
0.00011494986908487132,0.21493528007190177,0.23221627000044784,0.22319314489151232,0
3.831662302829044e-05,0.0999394523427918,0.17416220250033587,0.22319314489151232,0
0.0003576218149307108,0.5154176554715563,0.4511310153991777,0.0,3
3.831662302829044e-05,0.0999394523427918,0.17416220250033587,0.22319314489151232,0
3.831662302829044e-05,0.0999394523427918,0.17416220250033587,0.22319314489151232,0
1.2772207676096813e-05,0.0,0.0,0.0,2
3.831662302829044e-05,0.0999394523427918,0.17416220250033587,0.22319314489151232,0
3.831662302829044e-05,0.0999394523427918,0.17416220250033587,0.22319314489151232,0
3.831662302829044e-05,0.0999394523427918,0.17416220250033587,0.22319314489151232,0
2.5544415352193626e-05,0.0,0.0,0.0,2
5.108883070438725e-05,0.0999394523427918,0.17416220250033587,0.22319314489151232,0
1.2772207676096813e-05,0.0,0.10988411550499919,0.669579434674537,1
3.831662302829044e-05,0.0999394523427918,0.17416220250033587,0.22319314489151232,0
3.831662302829044e-05,0.0999394523427918,0.17416220250033587,0.22319314489151232,0
3.831662302829044e-05,0.0999394523427918,0.17416220250033587,0.22319314489151232,0
1.2772207676096813e-05,0.0,0.0,0.0,2
2.5544415352193626e-05,0.0,0.0,0.0,2
3.831662302829044e-05,0.0999394523427918,0.17416220250033587,0.22319314489151232,0
1.2772207676096813e-05,0.0,0.0,0.0,2
1.2772207676096813e-05,0.0,0.0,0.0,2
1.2772207676096813e-05,0.0,0.0,0.0,2
7.663324605658088e-05,0.1724937415936649,0.21079024100200228,0.22319314489151232,0
3.831662302829044e-05,0.0999394523427918,0.17416220250033587,0.22319314489151232,0
1.2772207676096813e-05,0.0,0.0,0.0,2
1.2772207676096813e-05,0.0,0.0,0.0,2
1.2772207676096813e-05,0.0,0.0,0.0,2
3.831662302829044e-05,0.0999394523427918,0.17416220250033587,0.22319314489151232,0
3.831662302829044e-05,0.0999394523427918,0.17416220250033587,0.22319314489151232,0
1.2772207676096813e-05,0.0,0.10988411550499919,0.669579434674537,1
3.831662302829044e-05,0.0999394523427918,0.17416220250033587,0.22319314489151232,0
3.831662302829044e-05,0.0999394523427918,0.17416220250033587,0.22319314489151232,0
0.0003831662302829044,0.5340239393942542,0.4672098000571626,0.0,3
1.2772207676096813e-05,0.0,0.0,0.0,2
1.2772207676096813e-05,0.0,0.0,0.0,2
3.831662302829044e-05,0.0999394523427918,0.17416220250033587,0.22319314489151232,0
7.663324605658088e-05,0.0,0.0,0.0,2
6.386103838048407e-05,0.0,0.0,0.0,2
1.2772207676096813e-05,0.0,0.0,0.0,2
3.831662302829044e-05,0.0,0.0,0.0,2
1.2772207676096813e-05,0.0,0.10988411550499919,0.5182384337098682,1
2.5544415352193626e-05,0.0,0.0,0.0,2
3.831662302829044e-05,0.0999394523427918,0.17416220250033587,0.22319314489151232,0
7.663324605658088e-05,0.0999394523427918,0.21079024100200228,0.22319314489151232,0
1.2772207676096813e-05,0.0,0.0,0.0,2
1.2772207676096813e-05,0.0,0.0,0.0,2
1.2772207676096813e-05,0.0,0.0,0.0,2
1.2772207676096813e-05,0.0,0.0,0.0,2
5.108883070438725e-05,0.0999394523427918,0.17416220250033587,0.22319314489151232,0
1.2772207676096813e-05,0.0,0.10988411550499919,0.7075055301421415,1
1.2772207676096813e-05,0.0,0.0,0.0,2
1.2772207676096813e-05,0.0,0.0,0.0,2
1.2772207676096813e-05,0.0,0.0,0.0,2
1.2772207676096813e-05,0.0,0.0,0.0,2
1.2772207676096813e-05,0.0,0.0,0.0,2
3.831662302829044e-05,0.0999394523427918,0.17416220250033587,0.22319314489151232,0
1.2772207676096813e-05,0.0,0.0,0.0,2
1.2772207676096813e-05,0.0,0.0,0.0,2
0.0003831662302829044,0.5340239393942542,0.4672098000571626,0.0,3
0.00042148285331119486,0.5357969560923007,0.48886284704516114,0.22319314489151232,3
1.2772207676096813e-05,0.0,0.0,0.0,2
1.2772207676096813e-05,0.0,0.0,0.0,2
1.2772207676096813e-05,0.0,0.0,0.0,2
1.2772207676096813e-05,0.0,0.0,0.0,2
1.2772207676096813e-05,0.0,0.0,0.0,2
1.2772207676096813e-05,0.0,0.0,0.0,2
1.2772207676096813e-05,0.0,0.0,0.0,2
7.663324605658088e-05,0.1724937415936649,0.21079024100200228,0.22319314489151232,0
3.831662302829044e-05,0.0999394523427918,0.17416220250033587,0.22319314489151232,0
7.663324605658088e-05,0.1724937415936649,0.21079024100200228,0.22319314489151232,0
3.831662302829044e-05,0.0999394523427918,0.17416220250033587,0.22319314489151232,0
3.831662302829044e-05,0.0999394523427918,0.17416220250033587,0.22319314489151232,0
3.831662302829044e-05,0.0999394523427918,0.17416220250033587,0.22319314489151232,0
3.831662302829044e-05,0.0999394523427918,0.17416220250033587,0.22319314489151232,0
1.2772207676096813e-05,0.0,0.0,0.0,2
1.2772207676096813e-05,0.0,0.0,0.0,2
3.831662302829044e-05,0.0999394523427918,0.17416220250033587,0.22319314489151232,0
7.663324605658088e-05,0.1724937415936649,0.21079024100200228,0.22319314489151232,0
3.831662302829044e-05,0.0999394523427918,0.17416220250033587,0.22319314489151232,0
1.2772207676096813e-05,0.0,0.0,0.0,2
1.2772207676096813e-05,0.0,0.0,0.0,2
1.2772207676096813e-05,0.0,0.0,0.0,2
5.108883070438725e-05,0.0999394523427918,0.10090612549700308,0.6909602789038798,1
5.108883070438725e-05,0.0999394523427918,0.17416220250033587,0.22319314489151232,0
3.831662302829044e-05,0.0999394523427918,0.17416220250033587,0.22319314489151232,0
3.831662302829044e-05,0.0999394523427918,0.17416220250033587,0.0,2
1.2772207676096813e-05,0.0,0.0,0.0,2
0.0003831662302829044,0.5267685104691668,0.5025612944765743,0.0,3
7.663324605658088e-05,0.1724937415936649,0.21079024100200228,0.22319314489151232,0
3.831662302829044e-05,0.0999394523427918,0.17416220250033587,0.22319314489151232,0
5.108883070438725e-05,0.0,0.0,0.0,2
3.831662302829044e-05,0.0999394523427918,0.17416220250033587,0.22319314489151232,0
1.2772207676096813e-05,0.0,0.0,0.0,2
2.5544415352193626e-05,0.0,0.0,0.0,2
1.2772207676096813e-05,0.0,0.0,0.0,2
6.386103838048407e-05,0.0999394523427918,0.17416220250033587,0.22319314489151232,0
3.831662302829044e-05,0.0999394523427918,0.17416220250033587,0.22319314489151232,0
2.5544415352193626e-05,0.10883143387630967,0.10988411550499919,0.0,2
3.831662302829044e-05,0.0999394523427918,0.17416220250033587,0.22319314489151232,0
1.2772207676096813e-05,0.0,0.0,0.0,2
3.831662302829044e-05,0.0999394523427918,0.17416220250033587,0.22319314489151232,0
2.5544415352193626e-05,0.0,0.0,0.0,2
0.0006386103838048406,0.38165993196742076,0.3853515712712419,0.9562004377105345,1
3.831662302829044e-05,0.0999394523427918,0.17416220250033587,0.22319314489151232,0
1.2772207676096813e-05,0.0,0.0,0.0,2
1.2772207676096813e-05,0.0,0.0,0.0,2
3.831662302829044e-05,0.0,0.0,0.9646247234928927,1
2.5544415352193626e-05,0.0,0.0,0.0,2
1.2772207676096813e-05,0.0,0.0,0.0,2
1.2772207676096813e-05,0.0,0.0,0.0,2
1.2772207676096813e-05,0.0,0.0,0.0,2
1.2772207676096813e-05,0.0,0.0,0.0,2
3.831662302829044e-05,0.0999394523427918,0.17416220250033587,0.22319314489151232,0
3.831662302829044e-05,0.0999394523427918,0.17416220250033587,0.22319314489151232,0
3.831662302829044e-05,0.0999394523427918,0.17416220250033587,0.22319314489151232,0
0.00045979947633948526,0.5384655878563248,0.5253599244253928,0.22319314489151232,3
3.831662302829044e-05,0.0999394523427918,0.17416220250033587,0.22319314489151232,0
3.831662302829044e-05,0.0999394523427918,0.17416220250033587,0.22319314489151232,0
3.831662302829044e-05,0.0999394523427918,0.17416220250033587,0.22319314489151232,0
1.2772207676096813e-05,0.0,0.0,0.0,2
1.2772207676096813e-05,0.0,0.0,0.0,2
3.831662302829044e-05,0.0999394523427918,0.17416220250033587,0.22319314489151232,0
7.663324605658088e-05,0.1724937415936649,0.21079024100200228,0.22319314489151232,0
3.831662302829044e-05,0.0999394523427918,0.17416220250033587,0.22319314489151232,0
3.831662302829044e-05,0.0999394523427918,0.17416220250033587,0.22319314489151232,0
3.831662302829044e-05,0.0999394523427918,0.17416220250033587,0.22319314489151232,0
3.831662302829044e-05,0.0999394523427918,0.17416220250033587,0.22319314489151232,0
5.108883070438725e-05,0.0,0.0,0.0,2
5.108883070438725e-05,0.0999394523427918,0.10090612549700308,0.669579434674537,1
3.831662302829044e-05,0.0999394523427918,0.17416220250033587,0.22319314489151232,0
3.831662302829044e-05,0.0999394523427918,0.17416220250033587,0.22319314489151232,0
2.5544415352193626e-05,0.0,0.0,0.0,2
1.2772207676096813e-05,0.0,0.0,0.0,2
2.5544415352193626e-05,0.0,0.0,0.0,2
1.2772207676096813e-05,0.0,0.0,0.0,2
1.2772207676096813e-05,0.0,0.0,0.0,2
5.108883070438725e-05,0.0999394523427918,0.17416220250033587,0.22319314489151232,0
1.2772207676096813e-05,0.0,0.0,0.0,2
5.108883070438725e-05,0.0999394523427918,0.17416220250033587,0.0,2
3.831662302829044e-05,0.0999394523427918,0.17416220250033587,0.22319314489151232,0
1.2772207676096813e-05,0.0,0.0,0.0,2
1.2772207676096813e-05,0.0,0.0,0.0,2
0.0001021776614087745,0.0,0.0,0.0,2
1.2772207676096813e-05,0.0,0.0,0.0,2
1.2772207676096813e-05,0.0,0.0,0.0,2
0.0003831662302829044,0.5340239393942542,0.4851450742265408,0.0,3
3.831662302829044e-05,0.10883143387630967,0.10988411550499919,0.0,2
3.831662302829044e-05,0.0999394523427918,0.17416220250033587,0.22319314489151232,0
3.831662302829044e-05,0.0999394523427918,0.17416220250033587,0.22319314489151232,0
3.831662302829044e-05,0.0999394523427918,0.17416220250033587,0.22319314489151232,0
7.663324605658088e-05,0.1724937415936649,0.21079024100200228,0.22319314489151232,0
3.831662302829044e-05,0.0999394523427918,0.17416220250033587,0.22319314489151232,0
0.00042148285331119486,0.5423928005696529,0.4526415777002004,0.22319314489151232,3
3.831662302829044e-05,0.0999394523427918,0.17416220250033587,0.22319314489151232,0
3.831662302829044e-05,0.0999394523427918,0.17416220250033587,0.22319314489151232,0
0.00043425506098729164,0.5472740267541714,0.5396400399744616,0.22319314489151232,3
3.831662302829044e-05,0.0999394523427918,0.17416220250033587,0.22319314489151232,0
3.831662302829044e-05,0.0999394523427918,0.17416220250033587,0.22319314489151232,0
1.2772207676096813e-05,0.0,0.0,0.5182384337098682,1
0.0012772207676096812,0.14446014418064174,0.28135815794420904,0.5853048984403877,1
1.2772207676096813e-05,0.0,0.0,0.0,2
3.831662302829044e-05,0.0999394523427918,0.17416220250033587,0.22319314489151232,0
2.5544415352193626e-05,0.10883143387630967,0.10988411550499919,0.0,2
1.2772207676096813e-05,0.0,0.0,0.0,2
2.5544415352193626e-05,0.0,0.0,0.0,2
2.5544415352193626e-05,0.0,0.0,0.0,2
0.00011494986908487132,0.21493528007190177,0.23221627000044784,0.22319314489151232,0
3.831662302829044e-05,0.0999394523427918,0.17416220250033587,0.22319314489151232,0
0.0026949358196564277,0.5611199912418382,0.5665474737736041,0.0,3
0.003090874257615429,0.35734958300410274,0.5314653363361811,0.0,3
0.00380611788747685,0.555955040501867,0.6865568109994538,0.0,3
0.001647614790216489,0.5432587859900555,0.5485135044410304,0.0,3
1.2772207676096813e-05,0.0,0.10988411550499919,0.7075055301421415,1
1.2772207676096813e-05,0.0,0.0,0.0,2
3.831662302829044e-05,0.0999394523427918,0.17416220250033587,0.22319314489151232,0
1.2772207676096813e-05,0.0,0.0,0.0,2
1.2772207676096813e-05,0.0,0.0,0.0,2
1.2772207676096813e-05,0.0,0.0,0.0,2
1.2772207676096813e-05,0.0,0.0,0.0,2
1.2772207676096813e-05,0.0,0.0,0.0,2
1.2772207676096813e-05,0.0,0.0,0.0,2
3.831662302829044e-05,0.0999394523427918,0.17416220250033587,0.22319314489151232,0
3.831662302829044e-05,0.0999394523427918,0.17416220250033587,0.22319314489151232,0
1.2772207676096813e-05,0.0,0.0,0.0,2
0.0002937607765502267,0.48284213096024275,0.4779573235159976,0.0,3
0.0007663324605658088,0.6428553732705637,0.6014569984310736,0.0,3
3.831662302829044e-05,0.0999394523427918,0.17416220250033587,0.22319314489151232,0
2.5544415352193626e-05,0.0,0.0,0.0,2
0.0007280158375375183,0.40251761758090987,0.45837388900704695,0.22319314489151232,3
0.00042148285331119486,0.5423928005696529,0.47438306569705085,0.22319314489151232,3
0.0007791046682419056,0.3742360903484141,0.42408986951785826,0.22319314489151232,3
0.00011494986908487132,0.21493528007190177,0.23221627000044784,0.22319314489151232,0
3.831662302829044e-05,0.0999394523427918,0.17416220250033587,0.22319314489151232,0
3.831662302829044e-05,0.0999394523427918,0.17416220250033587,0.22319314489151232,0
3.831662302829044e-05,0.0999394523427918,0.17416220250033587,0.22319314489151232,0
2.5544415352193626e-05,0.0,0.0,0.0,2
3.831662302829044e-05,0.0999394523427918,0.17416220250033587,0.22319314489151232,0
3.831662302829044e-05,0.0999394523427918,0.17416220250033587,0.22319314489151232,0
2.5544415352193626e-05,0.0,0.0,0.0,2
3.831662302829044e-05,0.0999394523427918,0.17416220250033587,0.22319314489151232,0
0.0003831662302829044,0.5340239393942542,0.49666549714942304,0.0,3
7.663324605658088e-05,0.1724937415936649,0.21079024100200228,0.22319314489151232,0
3.831662302829044e-05,0.0999394523427918,0.17416220250033587,0.22319314489151232,0
0.00016603869978925858,0.0,0.0,0.0,2
0.00011494986908487132,0.0,0.0,0.0,2
0.0006513825914809375,0.4573891514655623,0.4233359851474125,0.22319314489151232,3
2.5544415352193626e-05,0.0,0.0,0.0,2
3.831662302829044e-05,0.0999394523427918,0.17416220250033587,0.22319314489151232,0
3.831662302829044e-05,0.0999394523427918,0.17416220250033587,0.22319314489151232,0
0.00011494986908487132,0.16656575390465303,0.23221627000044784,0.22319314489151232,0
3.831662302829044e-05,0.0999394523427918,0.17416220250033587,0.22319314489151232,0
7.663324605658088e-05,0.1724937415936649,0.21079024100200228,0.22319314489151232,0
3.831662302829044e-05,0.0999394523427918,0.17416220250033587,0.22319314489151232,0
0.00011494986908487132,0.16656575390465303,0.23221627000044784,0.22319314489151232,0
3.831662302829044e-05,0.0999394523427918,0.17416220250033587,0.22319314489151232,0
0.006424420461076697,0.5348621120161977,0.8693336967159037,0.0,3
0.0003831662302829044,0.5340239393942542,0.49666549714942304,0.0,3
3.831662302829044e-05,0.0999394523427918,0.17416220250033587,0.22319314489151232,0
1.2772207676096813e-05,0.0,0.0,0.0,2
3.831662302829044e-05,0.0999394523427918,0.17416220250033587,0.22319314489151232,0
3.831662302829044e-05,0.0999394523427918,0.17416220250033587,0.22319314489151232,0
3.831662302829044e-05,0.0999394523427918,0.17416220250033587,0.22319314489151232,0
3.831662302829044e-05,0.0999394523427918,0.17416220250033587,0.22319314489151232,0
1.2772207676096813e-05,0.0,0.0,0.0,2
0.00015326649211316176,0.0,0.0,0.0,2
1.2772207676096813e-05,0.0,0.0,0.0,2
7.663324605658088e-05,0.0,0.0,0.0,2
3.831662302829044e-05,0.0,0.0,0.0,2
3.831662302829044e-05,0.0,0.0,0.0,2
7.663324605658088e-05,0.0,0.0,0.0,2
1.2772207676096813e-05,0.0,0.0,0.0,2
3.831662302829044e-05,0.0999394523427918,0.17416220250033587,0.22319314489151232,0
3.831662302829044e-05,0.0999394523427918,0.17416220250033587,0.22319314489151232,0
0.0002554441535219363,0.4594784882892679,0.3896973505813034,0.0,3
0.00021712753049364582,0.0,0.0,0.0,2
1.2772207676096813e-05,0.0,0.0,0.0,2
2.5544415352193626e-05,0.0,0.0,0.0,2
1.2772207676096813e-05,0.0,0.0,0.0,2
1.2772207676096813e-05,0.0,0.0,0.0,2
1.2772207676096813e-05,0.0,0.0,0.0,2
1.2772207676096813e-05,0.0,0.0,0.0,2
1.2772207676096813e-05,0.0,0.0,0.0,2
1.2772207676096813e-05,0.0,0.0,0.0,2
1.2772207676096813e-05,0.0,0.0,0.0,2
2.5544415352193626e-05,0.0,0.0,0.0,2
1.2772207676096813e-05,0.0,0.0,0.0,2
3.831662302829044e-05,0.0999394523427918,0.17416220250033587,0.22319314489151232,0
3.831662302829044e-05,0.0999394523427918,0.17416220250033587,0.22319314489151232,0
1.2772207676096813e-05,0.0,0.0,0.0,2
1.2772207676096813e-05,0.0,0.0,0.0,2
3.831662302829044e-05,0.0,0.0,0.0,2
3.831662302829044e-05,0.0999394523427918,0.17416220250033587,0.22319314489151232,0
2.5544415352193626e-05,0.0,0.0,0.0,2
1.2772207676096813e-05,0.0,0.0,0.0,2
2.5544415352193626e-05,0.0,0.0,0.0,2
0.00042148285331119486,0.5423928005696529,0.502654000972444,0.22319314489151232,3
1.2772207676096813e-05,0.0,0.0,0.0,2
2.5544415352193626e-05,0.0,0.0,0.0,2
0.0003831662302829044,0.5340239393942542,0.45128204057424137,0.0,3
0.0005364327223960661,0.3524942679398455,0.3897142968682719,0.0,4
3.831662302829044e-05,0.0999394523427918,0.17416220250033587,0.22319314489151232,0
3.831662302829044e-05,0.0999394523427918,0.17416220250033587,0.22319314489151232,0
3.831662302829044e-05,0.0999394523427918,0.17416220250033587,0.22319314489151232,0
2.5544415352193626e-05,0.10883143387630967,0.10988411550499919,0.0,2
1.2772207676096813e-05,0.0,0.0,0.0,2
0.00011494986908487132,0.16656575390465303,0.23221627000044784,0.22319314489151232,0
1.2772207676096813e-05,0.0,0.0,0.0,2
3.831662302829044e-05,0.0999394523427918,0.17416220250033587,0.22319314489151232,0
0.0005108883070438726,0.3736476631940018,0.3563623388224505,0.29952948972998633,4
0.00011494986908487132,0.16656575390465303,0.23221627000044784,0.22319314489151232,0
1.2772207676096813e-05,0.0,0.0,0.0,2
1.2772207676096813e-05,0.0,0.0,0.0,2
3.831662302829044e-05,0.0999394523427918,0.17416220250033587,0.22319314489151232,0
3.831662302829044e-05,0.0999394523427918,0.17416220250033587,0.22319314489151232,0
0.0004981160993677757,0.5452058552190161,0.5258121486757353,0.22319314489151232,3
7.663324605658088e-05,0.1724937415936649,0.21079024100200228,0.22319314489151232,0
1.2772207676096813e-05,0.0,0.0,0.0,2
5.108883070438725e-05,0.0,0.0,0.0,2
2.5544415352193626e-05,0.0,0.0,0.0,2
5.108883070438725e-05,0.0,0.0,0.0,2
1.2772207676096813e-05,0.0,0.0,0.0,2
0.0003193051919024203,0.0,0.0,0.0,2
0.00015326649211316176,0.0,0.0,0.0,2
2.5544415352193626e-05,0.0,0.10988411550499919,0.669579434674537,1
7.663324605658088e-05,0.0999394523427918,0.21079024100200228,0.22319314489151232,0
2.5544415352193626e-05,0.10883143387630967,0.10988411550499919,0.0,2
1.2772207676096813e-05,0.0,0.0,0.0,2
1.2772207676096813e-05,0.0,0.0,0.0,2
1.2772207676096813e-05,0.0,0.0,0.0,2
2.5544415352193626e-05,0.0,0.0,0.0,2
1.2772207676096813e-05,0.0,0.0,0.0,2
1.2772207676096813e-05,0.0,0.0,0.0,2
1.2772207676096813e-05,0.0,0.0,0.0,2
3.831662302829044e-05,0.0999394523427918,0.17416220250033587,0.22319314489151232,0
1.2772207676096813e-05,0.0,0.0,0.0,2
1.2772207676096813e-05,0.0,0.10988411550499919,0.0,2
3.831662302829044e-05,0.0999394523427918,0.17416220250033587,0.22319314489151232,0
1.2772207676096813e-05,0.0,0.0,0.0,2
1.2772207676096813e-05,0.0,0.0,0.0,2
1.2772207676096813e-05,0.0,0.0,0.0,2
1.2772207676096813e-05,0.0,0.0,0.0,2
1.2772207676096813e-05,0.0,0.0,0.0,2
1.2772207676096813e-05,0.0,0.0,0.0,2
3.831662302829044e-05,0.0999394523427918,0.17416220250033587,0.22319314489151232,0
3.831662302829044e-05,0.0999394523427918,0.17416220250033587,0.22319314489151232,0
2.5544415352193626e-05,0.0,0.0,0.0,2
1.2772207676096813e-05,0.0,0.0,0.0,2
5.108883070438725e-05,0.0,0.0,0.0,2
5.108883070438725e-05,0.0,0.0,0.0,2
0.0001021776614087745,0.0,0.0,0.0,2
3.831662302829044e-05,0.0999394523427918,0.17416220250033587,0.22319314489151232,0
0.0001788109074653554,0.0,0.0,0.0,2
1.2772207676096813e-05,0.0,0.0,0.0,2
1.2772207676096813e-05,0.0,0.0,0.0,2
3.831662302829044e-05,0.0999394523427918,0.17416220250033587,0.22319314489151232,0
3.831662302829044e-05,0.0999394523427918,0.17416220250033587,0.22319314489151232,0
1.2772207676096813e-05,0.0,0.0,0.9481083009966558,1
1.2772207676096813e-05,0.0,0.0,0.0,2
0.00024267194584583944,0.0,0.0,0.0,2
2.5544415352193626e-05,0.0,0.0,0.0,2
1.2772207676096813e-05,0.0,0.0,0.0,2
1.2772207676096813e-05,0.0,0.0,0.0,2
1.2772207676096813e-05,0.0,0.0,0.0,2
1.2772207676096813e-05,0.0,0.0,0.0,2
1.2772207676096813e-05,0.0,0.0,0.0,2
1.2772207676096813e-05,0.0,0.0,0.0,2
1.2772207676096813e-05,0.0,0.0,0.0,2
1.2772207676096813e-05,0.0,0.0,0.0,2
1.2772207676096813e-05,0.0,0.0,0.0,2
1.2772207676096813e-05,0.0,0.0,0.0,2
1.2772207676096813e-05,0.0,0.0,0.0,2
1.2772207676096813e-05,0.0,0.0,0.0,2
1.2772207676096813e-05,0.0,0.0,0.0,2
2.5544415352193626e-05,0.10883143387630967,0.10988411550499919,0.0,2
1.2772207676096813e-05,0.0,0.0,0.0,2
1.2772207676096813e-05,0.0,0.0,0.0,2
3.831662302829044e-05,0.0999394523427918,0.17416220250033587,0.22319314489151232,0
3.831662302829044e-05,0.0999394523427918,0.17416220250033587,0.22319314489151232,0
3.831662302829044e-05,0.0999394523427918,0.17416220250033587,0.22319314489151232,0
1.2772207676096813e-05,0.0,0.0,0.0,2
7.663324605658088e-05,0.1724937415936649,0.21079024100200228,0.22319314489151232,0
5.108883070438725e-05,0.10883143387630967,0.10988411550499919,0.22319314489151232,0
1.2772207676096813e-05,0.0,0.0,0.0,2
1.2772207676096813e-05,0.0,0.0,0.0,2
7.663324605658088e-05,0.0999394523427918,0.21079024100200228,0.22319314489151232,0
3.831662302829044e-05,0.0999394523427918,0.17416220250033587,0.22319314489151232,0
3.831662302829044e-05,0.0999394523427918,0.17416220250033587,0.22319314489151232,0
0.00015326649211316176,0.24504803084453805,0.24741827950366868,0.22319314489151232,0
3.831662302829044e-05,0.0999394523427918,0.17416220250033587,0.22319314489151232,0
1.2772207676096813e-05,0.0,0.0,0.0,2
3.831662302829044e-05,0.0999394523427918,0.17416220250033587,0.22319314489151232,0
7.663324605658088e-05,0.1724937415936649,0.17416220250033587,0.9853454341620317,1
1.2772207676096813e-05,0.0,0.0,0.0,2
3.831662302829044e-05,0.0,0.10988411550499919,0.22319314489151232,0
1.2772207676096813e-05,0.0,0.0,0.0,2
1.2772207676096813e-05,0.0,0.0,0.0,2
1.2772207676096813e-05,0.0,0.0,0.0,2
1.2772207676096813e-05,0.0,0.0,0.0,2
1.2772207676096813e-05,0.0,0.0,0.0,2
2.5544415352193626e-05,0.0,0.0,0.0,2
1.2772207676096813e-05,0.0,0.0,0.0,2
3.831662302829044e-05,0.10883143387630967,0.10988411550499919,0.22319314489151232,0
2.5544415352193626e-05,0.0,0.0,0.0,2
2.5544415352193626e-05,0.0,0.0,0.0,2
3.831662302829044e-05,0.0999394523427918,0.17416220250033587,0.22319314489151232,0
2.5544415352193626e-05,0.0,0.0,0.0,2
1.2772207676096813e-05,0.0,0.10988411550499919,0.669579434674537,1
3.831662302829044e-05,0.0999394523427918,0.17416220250033587,0.22319314489151232,0
0.0006769270068331311,0.3799565172207665,0.43482098482826476,0.9245706351652759,1
3.831662302829044e-05,0.0999394523427918,0.17416220250033587,0.22319314489151232,0
0.0003831662302829044,0.5267685104691668,0.521773112728207,0.0,3
0.00011494986908487132,0.21493528007190177,0.23221627000044784,0.22319314489151232,0
1.2772207676096813e-05,0.0,0.0,0.0,2
3.831662302829044e-05,0.0999394523427918,0.17416220250033587,0.22319314489151232,0
3.831662302829044e-05,0.0999394523427918,0.17416220250033587,0.22319314489151232,0
1.2772207676096813e-05,0.0,0.0,0.9646247234928927,1
3.831662302829044e-05,0.0999394523427918,0.17416220250033587,0.22319314489151232,0
3.831662302829044e-05,0.0,0.0,0.0,2
1.2772207676096813e-05,0.0,0.10988411550499919,0.7075055301421415,1
3.831662302829044e-05,0.0999394523427918,0.17416220250033587,0.22319314489151232,0
3.831662302829044e-05,0.0999394523427918,0.17416220250033587,0.22319314489151232,0
1.2772207676096813e-05,0.0,0.0,0.0,2
1.2772207676096813e-05,0.0,0.0,0.0,2
3.831662302829044e-05,0.0999394523427918,0.17416220250033587,0.22319314489151232,0
3.831662302829044e-05,0.0999394523427918,0.17416220250033587,0.22319314489151232,0
3.831662302829044e-05,0.0,0.0,0.0,2
3.831662302829044e-05,0.0999394523427918,0.17416220250033587,0.22319314489151232,0
0.000204355322817549,0.0,0.0,0.0,2
1.2772207676096813e-05,0.0,0.0,0.0,2
0.0011750431062009068,0.566698646048381,0.5580575680473948,0.22319314489151232,3
7.663324605658088e-05,0.1724937415936649,0.21079024100200228,0.22319314489151232,0
3.831662302829044e-05,0.0999394523427918,0.17416220250033587,0.22319314489151232,0
3.831662302829044e-05,0.0999394523427918,0.17416220250033587,0.22319314489151232,0
3.831662302829044e-05,0.0999394523427918,0.17416220250033587,0.22319314489151232,0
3.831662302829044e-05,0.0999394523427918,0.17416220250033587,0.22319314489151232,0
3.831662302829044e-05,0.0999394523427918,0.17416220250033587,0.22319314489151232,0
3.831662302829044e-05,0.0999394523427918,0.17416220250033587,0.22319314489151232,0
3.831662302829044e-05,0.0999394523427918,0.17416220250033587,0.22319314489151232,0
3.831662302829044e-05,0.0999394523427918,0.17416220250033587,0.22319314489151232,0
3.831662302829044e-05,0.0999394523427918,0.17416220250033587,0.22319314489151232,0
3.831662302829044e-05,0.0999394523427918,0.17416220250033587,0.22319314489151232,0
3.831662302829044e-05,0.0999394523427918,0.17416220250033587,0.22319314489151232,0
3.831662302829044e-05,0.0999394523427918,0.17416220250033587,0.22319314489151232,0
3.831662302829044e-05,0.0999394523427918,0.17416220250033587,0.22319314489151232,0
7.663324605658088e-05,0.1724937415936649,0.21079024100200228,0.22319314489151232,0
7.663324605658088e-05,0.1724937415936649,0.21079024100200228,0.22319314489151232,0
0.00011494986908487132,0.21493528007190177,0.23221627000044784,0.22319314489151232,0
3.831662302829044e-05,0.0999394523427918,0.17416220250033587,0.22319314489151232,0
0.00011494986908487132,0.16656575390465303,0.23221627000044784,0.22319314489151232,0
3.831662302829044e-05,0.0999394523427918,0.17416220250033587,0.22319314489151232,0
7.663324605658088e-05,0.1724937415936649,0.21079024100200228,0.22319314489151232,0
3.831662302829044e-05,0.0999394523427918,0.17416220250033587,0.22319314489151232,0
0.00011494986908487132,0.21493528007190177,0.23221627000044784,0.22319314489151232,0
0.00011494986908487132,0.16656575390465303,0.23221627000044784,0.22319314489151232,0
3.831662302829044e-05,0.0999394523427918,0.17416220250033587,0.22319314489151232,0
0.0004981160993677757,0.5396247560458719,0.5078798274625164,0.22319314489151232,3
7.663324605658088e-05,0.0999394523427918,0.21079024100200228,0.22319314489151232,0
3.831662302829044e-05,0.0999394523427918,0.17416220250033587,0.22319314489151232,0
3.831662302829044e-05,0.0999394523427918,0.17416220250033587,0.22319314489151232,0
0.0005236605147199693,0.4915012569464479,0.46335672056962246,0.0,3
3.831662302829044e-05,0.0999394523427918,0.17416220250033587,0.22319314489151232,0
3.831662302829044e-05,0.0999394523427918,0.17416220250033587,0.22319314489151232,0
1.2772207676096813e-05,0.0,0.0,0.0,2
1.2772207676096813e-05,0.0,0.0,0.0,2
3.831662302829044e-05,0.0999394523427918,0.17416220250033587,0.22319314489151232,0
7.663324605658088e-05,0.0999394523427918,0.21079024100200228,0.22319314489151232,0
0.00015326649211316176,0.24504803084453805,0.24741827950366868,0.22319314489151232,0
6.386103838048407e-05,0.0,0.0,0.0,2
7.663324605658088e-05,0.0,0.0,0.0,2
1.2772207676096813e-05,0.0,0.0,0.0,2
3.831662302829044e-05,0.0999394523427918,0.17416220250033587,0.22319314489151232,0
3.831662302829044e-05,0.0,0.0,0.6265823738807034,1
1.2772207676096813e-05,0.0,0.0,0.0,2
7.663324605658088e-05,0.0,0.0,0.0,2
3.831662302829044e-05,0.0999394523427918,0.17416220250033587,0.22319314489151232,0
3.831662302829044e-05,0.0999394523427918,0.17416220250033587,0.22319314489151232,0
3.831662302829044e-05,0.0999394523427918,0.17416220250033587,0.22319314489151232,0
0.0003831662302829044,0.5267685104691668,0.45128204057424137,0.0,3
3.831662302829044e-05,0.0999394523427918,0.17416220250033587,0.22319314489151232,0
7.663324605658088e-05,0.1724937415936649,0.21079024100200228,0.22319314489151232,0
0.0001021776614087745,0.0,0.0,0.0,2
3.831662302829044e-05,0.0999394523427918,0.17416220250033587,0.22319314489151232,0
3.831662302829044e-05,0.0999394523427918,0.17416220250033587,0.22319314489151232,0
3.831662302829044e-05,0.0999394523427918,0.17416220250033587,0.22319314489151232,0
3.831662302829044e-05,0.0999394523427918,0.17416220250033587,0.22319314489151232,0
0.00011494986908487132,0.16656575390465303,0.23221627000044784,0.22319314489151232,0
3.831662302829044e-05,0.0999394523427918,0.17416220250033587,0.22319314489151232,0
3.831662302829044e-05,0.0999394523427918,0.17416220250033587,0.22319314489151232,0
3.831662302829044e-05,0.0999394523427918,0.17416220250033587,0.22319314489151232,0
0.00011494986908487132,0.21493528007190177,0.23221627000044784,0.22319314489151232,0
3.831662302829044e-05,0.0999394523427918,0.17416220250033587,0.22319314489151232,0
1.2772207676096813e-05,0.0,0.0,0.0,2
1.2772207676096813e-05,0.0,0.0,0.0,2
0.0003831662302829044,0.5340239393942542,0.5144475050278738,0.0,3
3.831662302829044e-05,0.0999394523427918,0.17416220250033587,0.22319314489151232,0
1.2772207676096813e-05,0.0,0.10988411550499919,0.669579434674537,1
1.2772207676096813e-05,0.0,0.0,0.0,2
1.2772207676096813e-05,0.0,0.0,0.0,2
1.2772207676096813e-05,0.0,0.0,0.0,2
3.831662302829044e-05,0.0999394523427918,0.17416220250033587,0.22319314489151232,0
1.2772207676096813e-05,0.0,0.0,0.0,2
0.00042148285331119486,0.523191329319864,0.4748418254619568,0.9481083009966558,1
1.2772207676096813e-05,0.0,0.0,0.0,2
5.108883070438725e-05,0.0,0.10988411550499919,0.22319314489151232,0
0.006347787215020116,0.0,0.0,0.0,2
5.108883070438725e-05,0.0999394523427918,0.17416220250033587,0.22319314489151232,0
2.5544415352193626e-05,0.0,0.0,0.0,2
1.2772207676096813e-05,0.0,0.0,0.0,2
2.5544415352193626e-05,0.0,0.0,0.3537527650710707,0
5.108883070438725e-05,0.0,0.0,0.0,2
7.663324605658088e-05,0.1724937415936649,0.17416220250033587,0.9547339955938489,1
1.2772207676096813e-05,0.0,0.0,0.0,2
2.5544415352193626e-05,0.0,0.10988411550499919,0.0,2
2.5544415352193626e-05,0.0,0.0,0.0,2
1.2772207676096813e-05,0.0,0.0,0.0,2
1.2772207676096813e-05,0.0,0.0,0.0,2
5.108883070438725e-05,0.0999394523427918,0.17416220250033587,0.22319314489151232,0
2.5544415352193626e-05,0.0,0.10988411550499919,0.22319314489151232,0
1.2772207676096813e-05,0.0,0.0,0.0,2
1.2772207676096813e-05,0.0,0.0,0.0,2
1.2772207676096813e-05,0.0,0.0,0.0,2
2.5544415352193626e-05,0.10883143387630967,0.10988411550499919,0.0,2
1.2772207676096813e-05,0.0,0.0,0.0,2
1.2772207676096813e-05,0.0,0.10988411550499919,0.7075055301421415,1
3.831662302829044e-05,0.0999394523427918,0.17416220250033587,0.22319314489151232,0
1.2772207676096813e-05,0.0,0.0,0.0,2
1.2772207676096813e-05,0.0,0.0,0.0,2
3.831662302829044e-05,0.0999394523427918,0.17416220250033587,0.22319314489151232,0
3.831662302829044e-05,0.0,0.10988411550499919,0.22319314489151232,0
2.5544415352193626e-05,0.0,0.0,0.0,2
5.108883070438725e-05,0.0,0.0,0.0,2
2.5544415352193626e-05,0.0,0.0,0.0,2
7.663324605658088e-05,0.16563361682323194,0.21118936877090597,0.22319314489151232,0
1.2772207676096813e-05,0.0,0.0,0.0,2
3.831662302829044e-05,0.0999394523427918,0.17416220250033587,0.22319314489151232,0
3.831662302829044e-05,0.0999394523427918,0.17416220250033587,0.22319314489151232,0
3.831662302829044e-05,0.0999394523427918,0.17416220250033587,0.22319314489151232,0
1.2772207676096813e-05,0.0,0.0,0.0,2
1.2772207676096813e-05,0.0,0.0,0.0,2
1.2772207676096813e-05,0.0,0.0,0.0,2
1.2772207676096813e-05,0.0,0.0,0.0,2
3.831662302829044e-05,0.0999394523427918,0.17416220250033587,0.22319314489151232,0
1.2772207676096813e-05,0.0,0.0,0.0,2
1.2772207676096813e-05,0.0,0.0,0.0,2
1.2772207676096813e-05,0.0,0.0,0.0,2
2.5544415352193626e-05,0.0,0.0,0.0,2
2.5544415352193626e-05,0.0,0.0,0.0,2
1.2772207676096813e-05,0.0,0.0,0.0,2
3.831662302829044e-05,0.0999394523427918,0.17416220250033587,0.22319314489151232,0
0.0001021776614087745,0.0,0.0,0.0,2
8.94054537326777e-05,0.0,0.0,0.0,2
1.2772207676096813e-05,0.0,0.0,0.0,2
1.2772207676096813e-05,0.0,0.0,0.0,2
1.2772207676096813e-05,0.0,0.0,0.0,2
2.5544415352193626e-05,0.0,0.0,0.0,2
3.831662302829044e-05,0.0999394523427918,0.17416220250033587,0.22319314489151232,0
1.2772207676096813e-05,0.0,0.10988411550499919,0.7075055301421415,1
2.5544415352193626e-05,0.10883143387630967,0.10988411550499919,0.0,2
1.2772207676096813e-05,0.0,0.0,0.0,2
1.2772207676096813e-05,0.0,0.0,0.0,2
3.831662302829044e-05,0.0999394523427918,0.17416220250033587,0.22319314489151232,0
3.831662302829044e-05,0.0999394523427918,0.17416220250033587,0.22319314489151232,0
0.00011494986908487132,0.16656575390465303,0.23221627000044784,0.22319314489151232,0
1.2772207676096813e-05,0.0,0.0,0.0,2
1.2772207676096813e-05,0.0,0.0,0.0,2
1.2772207676096813e-05,0.0,0.0,0.0,2
2.5544415352193626e-05,0.0,0.0,0.0,2
1.2772207676096813e-05,0.0,0.0,0.0,2
0.00015326649211316176,0.0,0.0,0.0,2
1.2772207676096813e-05,0.0,0.0,0.0,2
2.5544415352193626e-05,0.0,0.0,0.0,2
1.2772207676096813e-05,0.0,0.0,0.0,2
0.0003959384379590012,0.4353257355052387,0.35980426984096375,0.0,4
5.108883070438725e-05,0.0,0.0,0.0,2
6.386103838048407e-05,0.0,0.10090612549700308,0.0,2
1.2772207676096813e-05,0.0,0.0,0.0,2
1.2772207676096813e-05,0.0,0.0,0.0,2
2.5544415352193626e-05,0.0,0.0,0.0,2
7.663324605658088e-05,0.1632471508144645,0.21976823100999837,0.9378221589724379,1
1.2772207676096813e-05,0.0,0.0,0.0,2
1.2772207676096813e-05,0.0,0.0,0.0,2
1.2772207676096813e-05,0.0,0.0,0.0,2
0.0001021776614087745,0.16563361682323194,0.21118936877090597,0.22319314489151232,0
3.831662302829044e-05,0.0,0.0,0.9481083009966558,1
1.2772207676096813e-05,0.0,0.0,0.0,2
3.831662302829044e-05,0.0999394523427918,0.17416220250033587,0.22319314489151232,0
1.2772207676096813e-05,0.0,0.0,0.0,2
1.2772207676096813e-05,0.0,0.0,0.0,2
0.00011494986908487132,0.16656575390465303,0.23221627000044784,0.22319314489151232,0
1.2772207676096813e-05,0.0,0.10988411550499919,0.669579434674537,1
2.5544415352193626e-05,0.10883143387630967,0.10988411550499919,0.0,2
3.831662302829044e-05,0.0999394523427918,0.17416220250033587,0.22319314489151232,0
1.2772207676096813e-05,0.0,0.0,0.0,2
2.5544415352193626e-05,0.0,0.0,0.0,2
1.2772207676096813e-05,0.0,0.0,0.0,2
7.663324605658088e-05,0.1724937415936649,0.21079024100200228,0.22319314489151232,0
0.00011494986908487132,0.21493528007190177,0.23221627000044784,0.22319314489151232,0
1.2772207676096813e-05,0.0,0.0,0.0,2
1.2772207676096813e-05,0.0,0.0,0.0,2
3.831662302829044e-05,0.0999394523427918,0.17416220250033587,0.22319314489151232,0
1.2772207676096813e-05,0.0,0.0,0.0,2
3.831662302829044e-05,0.0999394523427918,0.17416220250033587,0.22319314489151232,0
3.831662302829044e-05,0.1724937415936649,0.17416220250033587,0.0,4
3.831662302829044e-05,0.0999394523427918,0.17416220250033587,0.22319314489151232,0
1.2772207676096813e-05,0.0,0.0,0.0,2
3.831662302829044e-05,0.0999394523427918,0.17416220250033587,0.22319314489151232,0
3.831662302829044e-05,0.0999394523427918,0.17416220250033587,0.22319314489151232,0
7.663324605658088e-05,0.1724937415936649,0.21079024100200228,0.22319314489151232,0
0.00015326649211316176,0.20877088621910148,0.24741827950366868,0.22319314489151232,0
5.108883070438725e-05,0.08829256155737064,0.21976823100999837,0.0,4
7.663324605658088e-05,0.0999394523427918,0.21079024100200228,0.22319314489151232,0
2.5544415352193626e-05,0.0,0.0,0.0,2
2.5544415352193626e-05,0.0,0.0,0.0,2
3.831662302829044e-05,0.0999394523427918,0.17416220250033587,0.22319314489151232,0
0.00024267194584583944,0.44172653552182745,0.44599917433844893,0.0,3
0.00015326649211316176,0.24504803084453805,0.24741827950366868,0.22319314489151232,0
7.663324605658088e-05,0.0999394523427918,0.21079024100200228,0.22319314489151232,0
1.2772207676096813e-05,0.0,0.0,0.0,2
0.00045979947633948526,0.544511778627231,0.4897956726589386,0.22319314489151232,3
7.663324605658088e-05,0.0,0.0,0.0,2
0.0001021776614087745,0.0999394523427918,0.17416220250033587,0.0,2
3.831662302829044e-05,0.0999394523427918,0.17416220250033587,0.22319314489151232,0
2.5544415352193626e-05,0.0,0.0,0.0,2
1.2772207676096813e-05,0.0,0.0,0.0,2
1.2772207676096813e-05,0.0,0.0,0.0,2
1.2772207676096813e-05,0.0,0.0,0.0,2
0.00011494986908487132,0.21493528007190177,0.23221627000044784,0.22319314489151232,0
7.663324605658088e-05,0.1724937415936649,0.21079024100200228,0.22319314489151232,0
3.831662302829044e-05,0.0999394523427918,0.17416220250033587,0.22319314489151232,0
0.00011494986908487132,0.21493528007190177,0.23221627000044784,0.22319314489151232,0
3.831662302829044e-05,0.0999394523427918,0.17416220250033587,0.22319314489151232,0
5.108883070438725e-05,0.0,0.0,0.0,2
7.663324605658088e-05,0.1724937415936649,0.21079024100200228,0.22319314489151232,0
3.831662302829044e-05,0.0999394523427918,0.17416220250033587,0.22319314489151232,0
1.2772207676096813e-05,0.0,0.0,0.0,2
3.831662302829044e-05,0.0999394523427918,0.17416220250033587,0.22319314489151232,0
7.663324605658088e-05,0.0999394523427918,0.21079024100200228,0.22319314489151232,0
0.00260553036592375,0.1423601624872045,0.8422986573085951,0.0,3
0.002873746727121783,0.20727752130722582,0.8538664886120977,0.0,3
1.2772207676096813e-05,0.0,0.0,0.0,2
1.2772207676096813e-05,0.0,0.0,0.0,2
7.663324605658088e-05,0.1724937415936649,0.21079024100200228,0.22319314489151232,0
3.831662302829044e-05,0.0999394523427918,0.17416220250033587,0.22319314489151232,0
1.2772207676096813e-05,0.0,0.0,0.0,2
1.2772207676096813e-05,0.0,0.0,0.0,2
1.2772207676096813e-05,0.0,0.0,0.0,2
1.2772207676096813e-05,0.0,0.0,0.0,2
1.2772207676096813e-05,0.0,0.0,0.0,2
1.2772207676096813e-05,0.0,0.0,0.0,2
1.2772207676096813e-05,0.0,0.0,0.0,2
1.2772207676096813e-05,0.0,0.0,0.0,2
1.2772207676096813e-05,0.0,0.0,0.0,2
1.2772207676096813e-05,0.0,0.0,0.0,2
2.5544415352193626e-05,0.0,0.0,0.0,2
1.2772207676096813e-05,0.0,0.0,0.0,2
1.2772207676096813e-05,0.0,0.0,0.0,2
1.2772207676096813e-05,0.0,0.0,0.0,2
1.2772207676096813e-05,0.0,0.0,0.0,2
1.2772207676096813e-05,0.0,0.0,0.0,2
1.2772207676096813e-05,0.0,0.0,0.0,2
1.2772207676096813e-05,0.0,0.0,0.0,2
1.2772207676096813e-05,0.0,0.0,0.0,2
1.2772207676096813e-05,0.0,0.0,0.0,2
1.2772207676096813e-05,0.0,0.0,0.0,2
1.2772207676096813e-05,0.0,0.0,0.0,2
1.2772207676096813e-05,0.0,0.0,0.0,2
1.2772207676096813e-05,0.0,0.0,0.0,2
1.2772207676096813e-05,0.0,0.0,0.0,2
1.2772207676096813e-05,0.0,0.0,0.0,2
1.2772207676096813e-05,0.0,0.0,0.0,2
1.2772207676096813e-05,0.0,0.0,0.0,2
2.5544415352193626e-05,0.0,0.0,0.0,2
1.2772207676096813e-05,0.0,0.0,0.0,2
1.2772207676096813e-05,0.0,0.0,0.0,2
1.2772207676096813e-05,0.0,0.0,0.0,2
1.2772207676096813e-05,0.0,0.0,0.0,2
1.2772207676096813e-05,0.0,0.0,0.0,2
1.2772207676096813e-05,0.0,0.0,0.0,2
1.2772207676096813e-05,0.0,0.0,0.0,2
1.2772207676096813e-05,0.0,0.0,0.0,2
1.2772207676096813e-05,0.0,0.0,0.0,2
1.2772207676096813e-05,0.0,0.0,0.0,2
1.2772207676096813e-05,0.0,0.0,0.0,2
1.2772207676096813e-05,0.0,0.0,0.0,2
1.2772207676096813e-05,0.0,0.0,0.0,2
1.2772207676096813e-05,0.0,0.0,0.0,2
1.2772207676096813e-05,0.0,0.0,0.0,2
1.2772207676096813e-05,0.0,0.0,0.0,2
1.2772207676096813e-05,0.0,0.0,0.0,2
1.2772207676096813e-05,0.0,0.0,0.0,2
1.2772207676096813e-05,0.0,0.0,0.0,2
1.2772207676096813e-05,0.0,0.0,0.0,2
1.2772207676096813e-05,0.0,0.0,0.0,2
1.2772207676096813e-05,0.0,0.0,0.0,2
1.2772207676096813e-05,0.0,0.0,0.0,2
1.2772207676096813e-05,0.0,0.0,0.0,2
1.2772207676096813e-05,0.0,0.0,0.0,2
1.2772207676096813e-05,0.0,0.0,0.0,2
1.2772207676096813e-05,0.0,0.0,0.0,2
1.2772207676096813e-05,0.0,0.0,0.0,2
1.2772207676096813e-05,0.0,0.0,0.0,2
1.2772207676096813e-05,0.0,0.0,0.0,2
1.2772207676096813e-05,0.0,0.0,0.0,2
1.2772207676096813e-05,0.0,0.0,0.0,2
1.2772207676096813e-05,0.0,0.0,0.0,2
1.2772207676096813e-05,0.0,0.0,0.0,2
1.2772207676096813e-05,0.0,0.0,0.0,2
1.2772207676096813e-05,0.0,0.0,0.0,2
1.2772207676096813e-05,0.0,0.0,0.0,2
1.2772207676096813e-05,0.0,0.0,0.0,2
1.2772207676096813e-05,0.0,0.0,0.0,2
1.2772207676096813e-05,0.0,0.0,0.0,2
1.2772207676096813e-05,0.0,0.0,0.0,2
1.2772207676096813e-05,0.0,0.0,0.0,2
3.831662302829044e-05,0.0999394523427918,0.17416220250033587,0.22319314489151232,0
3.831662302829044e-05,0.0999394523427918,0.17416220250033587,0.22319314489151232,0
2.5544415352193626e-05,0.10883143387630967,0.10988411550499919,0.0,2
1.2772207676096813e-05,0.0,0.0,0.0,2
1.2772207676096813e-05,0.0,0.0,0.0,2
1.2772207676096813e-05,0.0,0.0,0.0,2
1.2772207676096813e-05,0.0,0.0,0.0,2
1.2772207676096813e-05,0.0,0.0,0.0,2
1.2772207676096813e-05,0.0,0.0,0.0,2
1.2772207676096813e-05,0.0,0.0,0.0,2
2.5544415352193626e-05,0.0,0.10988411550499919,0.0,2
1.2772207676096813e-05,0.0,0.0,0.0,2
1.2772207676096813e-05,0.0,0.0,0.0,2
1.2772207676096813e-05,0.0,0.0,0.0,2
1.2772207676096813e-05,0.0,0.0,0.0,2
1.2772207676096813e-05,0.0,0.0,0.0,2
1.2772207676096813e-05,0.0,0.0,0.0,2
2.5544415352193626e-05,0.10883143387630967,0.10988411550499919,0.0,2
1.2772207676096813e-05,0.0,0.0,0.0,2
1.2772207676096813e-05,0.0,0.0,0.0,2
1.2772207676096813e-05,0.0,0.0,0.0,2
1.2772207676096813e-05,0.0,0.0,0.0,2
2.5544415352193626e-05,0.10883143387630967,0.10988411550499919,0.0,2
1.2772207676096813e-05,0.0,0.0,0.0,2
1.2772207676096813e-05,0.0,0.0,0.0,2
3.831662302829044e-05,0.0999394523427918,0.17416220250033587,0.0,2
1.2772207676096813e-05,0.0,0.0,0.0,2
1.2772207676096813e-05,0.0,0.0,0.0,2
1.2772207676096813e-05,0.0,0.0,0.0,2
1.2772207676096813e-05,0.0,0.0,0.0,2
3.831662302829044e-05,0.0999394523427918,0.17416220250033587,0.22319314489151232,0
3.831662302829044e-05,0.0999394523427918,0.17416220250033587,0.22319314489151232,0
1.2772207676096813e-05,0.0,0.0,0.0,2
1.2772207676096813e-05,0.0,0.0,0.0,2
1.2772207676096813e-05,0.0,0.0,0.0,2
1.2772207676096813e-05,0.0,0.0,0.0,2
1.2772207676096813e-05,0.0,0.0,0.0,2
1.2772207676096813e-05,0.0,0.0,0.0,2
2.5544415352193626e-05,0.0,0.0,0.0,2
1.2772207676096813e-05,0.0,0.0,0.0,2
1.2772207676096813e-05,0.0,0.0,0.0,2
1.2772207676096813e-05,0.0,0.0,0.0,2
1.2772207676096813e-05,0.0,0.0,0.0,2
1.2772207676096813e-05,0.0,0.0,0.0,2
1.2772207676096813e-05,0.0,0.0,0.0,2
1.2772207676096813e-05,0.0,0.0,0.0,2
1.2772207676096813e-05,0.0,0.0,0.0,2
1.2772207676096813e-05,0.0,0.0,0.0,2
1.2772207676096813e-05,0.0,0.0,0.0,2
1.2772207676096813e-05,0.0,0.0,0.0,2
2.5544415352193626e-05,0.0,0.0,0.0,2
2.5544415352193626e-05,0.0,0.0,0.0,2
1.2772207676096813e-05,0.0,0.0,0.0,2
1.2772207676096813e-05,0.0,0.0,0.0,2
1.2772207676096813e-05,0.0,0.0,0.0,2
1.2772207676096813e-05,0.0,0.0,0.0,2
1.2772207676096813e-05,0.0,0.0,0.0,2
2.5544415352193626e-05,0.0,0.0,0.0,2
1.2772207676096813e-05,0.0,0.0,0.0,2
1.2772207676096813e-05,0.0,0.0,0.0,2
1.2772207676096813e-05,0.0,0.0,0.0,2
1.2772207676096813e-05,0.0,0.0,0.0,2
1.2772207676096813e-05,0.0,0.0,0.0,2
0.0003831662302829044,0.5340239393942542,0.443956432873908,0.0,3
1.2772207676096813e-05,0.0,0.0,0.0,2
1.2772207676096813e-05,0.0,0.0,0.0,2
3.831662302829044e-05,0.0,0.0,0.0,2
1.2772207676096813e-05,0.0,0.0,0.0,2
3.831662302829044e-05,0.0999394523427918,0.17416220250033587,0.22319314489151232,0
3.831662302829044e-05,0.0,0.0,0.0,2
6.386103838048407e-05,0.0,0.0,0.0,2
2.5544415352193626e-05,0.0,0.0,0.0,2
2.5544415352193626e-05,0.0,0.0,0.0,2
3.831662302829044e-05,0.0,0.0,0.0,2
3.831662302829044e-05,0.0,0.10988411550499919,0.669579434674537,1
5.108883070438725e-05,0.0,0.0,0.0,2
7.663324605658088e-05,0.0999394523427918,0.17416220250033587,0.9590786489621057,1
1.2772207676096813e-05,0.0,0.0,0.0,2
1.2772207676096813e-05,0.0,0.0,0.0,2
7.663324605658088e-05,0.1724937415936649,0.21079024100200228,0.22319314489151232,0
3.831662302829044e-05,0.0999394523427918,0.17416220250033587,0.22319314489151232,0
7.663324605658088e-05,0.1724937415936649,0.21079024100200228,0.22319314489151232,0
3.831662302829044e-05,0.0999394523427918,0.17416220250033587,0.22319314489151232,0
1.2772207676096813e-05,0.0,0.0,0.0,2
1.2772207676096813e-05,0.0,0.0,0.0,2
1.2772207676096813e-05,0.0,0.0,0.0,2
7.663324605658088e-05,0.0,0.17416220250033587,0.0,2
0.0010217766140877451,0.4947430939577802,0.6254133037682817,0.0,3
0.00011494986908487132,0.21493528007190177,0.23221627000044784,0.22319314489151232,0
1.2772207676096813e-05,0.0,0.0,0.0,2
1.2772207676096813e-05,0.0,0.0,0.0,2
1.2772207676096813e-05,0.0,0.0,0.0,2
0.0012133597292291972,0.3766649845361212,0.5445260754378339,0.0,3
3.831662302829044e-05,0.0999394523427918,0.17416220250033587,0.22319314489151232,0
2.5544415352193626e-05,0.0,0.0,0.0,2
2.5544415352193626e-05,0.0,0.0,0.0,2
3.831662302829044e-05,0.0999394523427918,0.17416220250033587,0.22319314489151232,0
3.831662302829044e-05,0.0999394523427918,0.17416220250033587,0.22319314489151232,0
3.831662302829044e-05,0.0999394523427918,0.17416220250033587,0.22319314489151232,0
3.831662302829044e-05,0.0999394523427918,0.17416220250033587,0.22319314489151232,0
3.831662302829044e-05,0.0999394523427918,0.17416220250033587,0.22319314489151232,0
0.0003831662302829044,0.5340239393942542,0.49666549714942304,0.0,3
3.831662302829044e-05,0.0999394523427918,0.17416220250033587,0.22319314489151232,0
1.2772207676096813e-05,0.0,0.0,0.0,2
1.2772207676096813e-05,0.0,0.0,0.0,2
1.2772207676096813e-05,0.0,0.0,0.0,2
2.5544415352193626e-05,0.0,0.10988411550499919,0.0,2
3.831662302829044e-05,0.0999394523427918,0.17416220250033587,0.0,2
3.831662302829044e-05,0.1724937415936649,0.17416220250033587,0.0,4
2.5544415352193626e-05,0.0,0.0,0.0,2
7.663324605658088e-05,0.0999394523427918,0.21079024100200228,0.22319314489151232,0
3.831662302829044e-05,0.0999394523427918,0.17416220250033587,0.22319314489151232,0
1.2772207676096813e-05,0.0,0.0,0.0,2
2.5544415352193626e-05,0.0,0.0,0.0,2
2.5544415352193626e-05,0.0,0.0,0.0,2
2.5544415352193626e-05,0.0,0.0,0.0,2
2.5544415352193626e-05,0.0,0.0,0.0,2
1.2772207676096813e-05,0.0,0.0,0.0,2
1.2772207676096813e-05,0.0,0.0,0.0,2
1.2772207676096813e-05,0.0,0.0,0.0,2
2.5544415352193626e-05,0.0,0.0,0.0,2
1.2772207676096813e-05,0.0,0.0,0.0,2
2.5544415352193626e-05,0.0,0.0,0.0,2
5.108883070438725e-05,0.21766286775261934,0.21976823100999837,0.0,4
5.108883070438725e-05,0.0,0.0,0.0,2
7.663324605658088e-05,0.1724937415936649,0.21079024100200228,0.22319314489151232,0
1.2772207676096813e-05,0.0,0.0,0.0,2
3.831662302829044e-05,0.0999394523427918,0.17416220250033587,0.22319314489151232,0
0.00042148285331119486,0.5423928005696529,0.46888391695334314,0.22319314489151232,3
1.2772207676096813e-05,0.0,0.0,0.0,2
2.5544415352193626e-05,0.10883143387630967,0.10988411550499919,0.0,2
1.2772207676096813e-05,0.0,0.0,0.0,2
3.831662302829044e-05,0.0999394523427918,0.17416220250033587,0.22319314489151232,0
3.831662302829044e-05,0.0,0.0,0.0,2
2.5544415352193626e-05,0.0,0.0,0.0,2
1.2772207676096813e-05,0.0,0.0,0.0,2
0.0003831662302829044,0.5340239393942542,0.452558584656496,0.0,3
3.831662302829044e-05,0.0999394523427918,0.17416220250033587,0.22319314489151232,0
1.2772207676096813e-05,0.0,0.0,0.0,2
1.2772207676096813e-05,0.0,0.0,0.0,2
1.2772207676096813e-05,0.0,0.0,0.0,2
1.2772207676096813e-05,0.0,0.0,0.0,2
1.2772207676096813e-05,0.0,0.0,0.0,2
2.5544415352193626e-05,0.0,0.0,0.0,2
1.2772207676096813e-05,0.0,0.0,0.0,2
1.2772207676096813e-05,0.0,0.0,0.0,2
1.2772207676096813e-05,0.0,0.0,0.0,2
1.2772207676096813e-05,0.0,0.10988411550499919,0.669579434674537,1
5.108883070438725e-05,0.0,0.10988411550499919,0.7075055301421415,1
3.831662302829044e-05,0.0999394523427918,0.17416220250033587,0.22319314489151232,0
0.0007663324605658088,0.6283445154203896,0.6046350988573563,0.0,3
7.663324605658088e-05,0.1724937415936649,0.21079024100200228,0.22319314489151232,0
2.5544415352193626e-05,0.0,0.10988411550499919,0.0,2
1.2772207676096813e-05,0.0,0.0,0.0,2
1.2772207676096813e-05,0.0,0.0,0.0,2
0.0003831662302829044,0.5340239393942542,0.452558584656496,0.0,3
1.2772207676096813e-05,0.0,0.0,0.0,2
5.108883070438725e-05,0.0,0.10988411550499919,0.3537527650710707,0
3.831662302829044e-05,0.0999394523427918,0.17416220250033587,0.22319314489151232,0
3.831662302829044e-05,0.0999394523427918,0.17416220250033587,0.22319314489151232,0
1.2772207676096813e-05,0.0,0.0,0.0,2
0.0003831662302829044,0.5340239393942542,0.49666549714942304,0.0,3
3.831662302829044e-05,0.0999394523427918,0.17416220250033587,0.22319314489151232,0
1.2772207676096813e-05,0.0,0.0,0.0,2
3.831662302829044e-05,0.0999394523427918,0.17416220250033587,0.22319314489151232,0
3.831662302829044e-05,0.0999394523427918,0.17416220250033587,0.22319314489151232,0
1.2772207676096813e-05,0.0,0.0,0.0,2
1.2772207676096813e-05,0.0,0.0,0.0,2
1.2772207676096813e-05,0.0,0.0,0.0,2
0.00042148285331119486,0.5357969560923007,0.47554356031728245,0.22319314489151232,3
5.108883070438725e-05,0.0,0.10988411550499919,0.3537527650710707,0
3.831662302829044e-05,0.0999394523427918,0.17416220250033587,0.22319314489151232,0
3.831662302829044e-05,0.0999394523427918,0.17416220250033587,0.22319314489151232,0
3.831662302829044e-05,0.0999394523427918,0.17416220250033587,0.22319314489151232,0
7.663324605658088e-05,0.1724937415936649,0.21079024100200228,0.22319314489151232,0
3.831662302829044e-05,0.0999394523427918,0.17416220250033587,0.22319314489151232,0
7.663324605658088e-05,0.1724937415936649,0.21079024100200228,0.22319314489151232,0
3.831662302829044e-05,0.0999394523427918,0.17416220250033587,0.22319314489151232,0
1.2772207676096813e-05,0.0,0.0,0.0,2
1.2772207676096813e-05,0.0,0.0,0.0,2
7.663324605658088e-05,0.1724937415936649,0.21079024100200228,0.22319314489151232,0
6.386103838048407e-05,0.0,0.0,0.0,2
5.108883070438725e-05,0.0,0.0,0.0,2
1.2772207676096813e-05,0.0,0.0,0.0,2
3.831662302829044e-05,0.0,0.0,0.0,2
7.663324605658088e-05,0.0,0.0,0.0,2
5.108883070438725e-05,0.0,0.0,0.0,2
0.00015326649211316176,0.0,0.0,0.0,2
3.831662302829044e-05,0.0,0.0,0.0,2
1.2772207676096813e-05,0.0,0.10988411550499919,0.0,2
1.2772207676096813e-05,0.0,0.0,0.0,2
0.00037039402260680756,0.42519250551794463,0.4293052174732416,0.0,3
0.00011494986908487132,0.21493528007190177,0.23221627000044784,0.22319314489151232,0
5.108883070438725e-05,0.0,0.0,0.0,2
3.831662302829044e-05,0.10883143387630967,0.10988411550499919,0.22319314489151232,0
1.2772207676096813e-05,0.0,0.0,0.0,2
1.2772207676096813e-05,0.0,0.0,0.0,2
3.831662302829044e-05,0.0999394523427918,0.17416220250033587,0.22319314489151232,0
2.5544415352193626e-05,0.10883143387630967,0.10988411550499919,0.22319314489151232,0
1.2772207676096813e-05,0.0,0.0,0.0,2
3.831662302829044e-05,0.0999394523427918,0.17416220250033587,0.22319314489151232,0
3.831662302829044e-05,0.0999394523427918,0.17416220250033587,0.22319314489151232,0
3.831662302829044e-05,0.0999394523427918,0.17416220250033587,0.22319314489151232,0
5.108883070438725e-05,0.0,0.0,0.0,2
7.663324605658088e-05,0.0,0.0,0.0,2
3.831662302829044e-05,0.0999394523427918,0.17416220250033587,0.22319314489151232,0
1.2772207676096813e-05,0.0,0.0,0.0,2
1.2772207676096813e-05,0.0,0.0,0.0,2
2.5544415352193626e-05,0.0,0.10988411550499919,0.22319314489151232,0
3.831662302829044e-05,0.0999394523427918,0.17416220250033587,0.22319314489151232,0
3.831662302829044e-05,0.0999394523427918,0.17416220250033587,0.22319314489151232,0
3.831662302829044e-05,0.0999394523427918,0.17416220250033587,0.22319314489151232,0
3.831662302829044e-05,0.0999394523427918,0.17416220250033587,0.22319314489151232,0
0.00033207739957851715,0.0,0.10988411550499919,0.0,2
3.831662302829044e-05,0.0999394523427918,0.17416220250033587,0.22319314489151232,0
1.2772207676096813e-05,0.0,0.0,0.0,2
1.2772207676096813e-05,0.0,0.0,0.0,2
0.00011494986908487132,0.21493528007190177,0.23221627000044784,0.22319314489151232,0
3.831662302829044e-05,0.0999394523427918,0.17416220250033587,0.22319314489151232,0
0.0003831662302829044,0.5267685104691668,0.44395643287390796,0.0,3
1.2772207676096813e-05,0.0,0.0,0.0,2
6.386103838048407e-05,0.14920251896808073,0.2551430149729056,0.0,4
3.831662302829044e-05,0.1724937415936649,0.10090612549700308,0.0,2
1.2772207676096813e-05,0.0,0.0,0.0,2
2.5544415352193626e-05,0.0,0.0,0.0,2
7.663324605658088e-05,0.0,0.0,0.0,2
0.009796283287566255,0.0,0.0,0.0,2
2.5544415352193626e-05,0.0,0.10988411550499919,0.0,2
6.386103838048407e-05,0.0,0.0,0.0,2
0.00022989973816974263,0.0,0.0,0.0,2
0.004240372948464142,0.5911077362017738,0.9047165560075083,0.0,3
0.0018902867360623284,0.0,0.0,0.0,2
0.001903058943738425,0.0,0.0,0.0,2
0.0012899929752857781,0.0,0.0,0.0,2
1.2772207676096813e-05,0.0,0.0,0.0,2
0.0017625646593013601,0.0,0.0,0.0,2
3.831662302829044e-05,0.0999394523427918,0.17416220250033587,0.22319314489151232,0
1.2772207676096813e-05,0.0,0.0,0.0,2
1.2772207676096813e-05,0.0,0.0,0.0,2
0.00022989973816974263,0.2299916554582199,0.26884430850211427,0.22319314489151232,0
3.831662302829044e-05,0.0,0.10988411550499919,0.669579434674537,1
0.00011494986908487132,0.21493528007190177,0.23221627000044784,0.22319314489151232,0
3.831662302829044e-05,0.0999394523427918,0.17416220250033587,0.22319314489151232,0
7.663324605658088e-05,0.1724937415936649,0.21079024100200228,0.22319314489151232,0
7.663324605658088e-05,0.1724937415936649,0.21079024100200228,0.22319314489151232,0
1.2772207676096813e-05,0.0,0.0,0.0,2
7.663324605658088e-05,0.1724937415936649,0.21079024100200228,0.22319314489151232,0
3.831662302829044e-05,0.0999394523427918,0.17416220250033587,0.22319314489151232,0
1.2772207676096813e-05,0.0,0.0,0.0,2
3.831662302829044e-05,0.0999394523427918,0.17416220250033587,0.22319314489151232,0
3.831662302829044e-05,0.0999394523427918,0.17416220250033587,0.22319314489151232,0
0.0003831662302829044,0.5340239393942542,0.49666549714942304,0.0,3
3.831662302829044e-05,0.0999394523427918,0.17416220250033587,0.22319314489151232,0
1.2772207676096813e-05,0.0,0.0,0.0,2
1.2772207676096813e-05,0.0,0.0,0.0,2
3.831662302829044e-05,0.0999394523427918,0.17416220250033587,0.22319314489151232,0
3.831662302829044e-05,0.0999394523427918,0.17416220250033587,0.22319314489151232,0
1.2772207676096813e-05,0.0,0.0,0.0,2
0.00011494986908487132,0.16656575390465303,0.23221627000044784,0.22319314489151232,0
3.831662302829044e-05,0.0999394523427918,0.17416220250033587,0.22319314489151232,0
1.2772207676096813e-05,0.0,0.0,0.0,2
2.5544415352193626e-05,0.0,0.10988411550499919,0.0,2
5.108883070438725e-05,0.0,0.10988411550499919,0.3537527650710707,0
1.2772207676096813e-05,0.0,0.0,0.0,2
5.108883070438725e-05,0.0,0.10988411550499919,0.3537527650710707,0
1.2772207676096813e-05,0.0,0.0,0.0,2
1.2772207676096813e-05,0.0,0.0,0.0,2
1.2772207676096813e-05,0.0,0.0,0.0,2
3.831662302829044e-05,0.0999394523427918,0.17416220250033587,0.22319314489151232,0
0.00042148285331119486,0.526711551333865,0.5384658585642923,0.22319314489151232,3
7.663324605658088e-05,0.0999394523427918,0.21079024100200228,0.22319314489151232,0
6.386103838048407e-05,0.0,0.0,0.0,2
0.00012772207676096814,0.0,0.0,0.0,2
1.2772207676096813e-05,0.0,0.0,0.0,2
1.2772207676096813e-05,0.0,0.0,0.0,2
3.831662302829044e-05,0.0999394523427918,0.17416220250033587,0.22319314489151232,0
7.663324605658088e-05,0.1724937415936649,0.21079024100200228,0.22319314489151232,0
1.2772207676096813e-05,0.0,0.0,0.0,2
1.2772207676096813e-05,0.0,0.10988411550499919,0.7075055301421415,1
1.2772207676096813e-05,0.0,0.0,0.0,2
1.2772207676096813e-05,0.0,0.10988411550499919,0.7075055301421415,1
3.831662302829044e-05,0.0999394523427918,0.17416220250033587,0.22319314489151232,0
3.831662302829044e-05,0.0999394523427918,0.17416220250033587,0.22319314489151232,0
8.94054537326777e-05,0.0,0.10988411550499919,0.3347897173372685,0
0.00011494986908487132,0.21493528007190177,0.23221627000044784,0.22319314489151232,0
3.831662302829044e-05,0.0999394523427918,0.17416220250033587,0.22319314489151232,0
1.2772207676096813e-05,0.0,0.0,0.0,2
1.2772207676096813e-05,0.0,0.0,0.0,2
1.2772207676096813e-05,0.0,0.0,0.0,2
3.831662302829044e-05,0.0999394523427918,0.17416220250033587,0.22319314489151232,0
1.2772207676096813e-05,0.0,0.0,0.0,2
1.2772207676096813e-05,0.0,0.0,0.0,2
1.2772207676096813e-05,0.0,0.0,0.0,2
7.663324605658088e-05,0.1724937415936649,0.21079024100200228,0.22319314489151232,0
3.831662302829044e-05,0.0999394523427918,0.17416220250033587,0.22319314489151232,0
3.831662302829044e-05,0.0999394523427918,0.17416220250033587,0.22319314489151232,0
7.663324605658088e-05,0.1724937415936649,0.21079024100200228,0.22319314489151232,0
3.831662302829044e-05,0.0999394523427918,0.17416220250033587,0.22319314489151232,0
3.831662302829044e-05,0.0999394523427918,0.17416220250033587,0.22319314489151232,0
3.831662302829044e-05,0.0999394523427918,0.17416220250033587,0.22319314489151232,0
0.00011494986908487132,0.0999394523427918,0.23221627000044784,0.22319314489151232,0
0.0008429657066223897,0.6400856875893923,0.5742126181134426,0.22319314489151232,3
3.831662302829044e-05,0.0999394523427918,0.17416220250033587,0.22319314489151232,0
1.2772207676096813e-05,0.0,0.0,0.0,2
3.831662302829044e-05,0.0999394523427918,0.17416220250033587,0.22319314489151232,0
2.5544415352193626e-05,0.10883143387630967,0.10988411550499919,0.0,2
3.831662302829044e-05,0.0999394523427918,0.17416220250033587,0.22319314489151232,0
1.2772207676096813e-05,0.0,0.0,0.0,2
2.5544415352193626e-05,0.0,0.0,0.0,2
2.5544415352193626e-05,0.10883143387630967,0.10988411550499919,0.0,2
0.0008301934989462928,0.3408014512352534,0.4335208951215975,0.22319314489151232,4
7.663324605658088e-05,0.15880116004770561,0.16033717825350075,0.2049573351433958,0
3.831662302829044e-05,0.0999394523427918,0.17416220250033587,0.22319314489151232,0
7.663324605658088e-05,0.1724937415936649,0.21079024100200228,0.22319314489151232,0
2.5544415352193626e-05,0.0,0.0,0.0,2
2.5544415352193626e-05,0.0,0.0,0.0,2
2.5544415352193626e-05,0.0,0.0,0.0,2
2.5544415352193626e-05,0.0,0.0,0.0,2
2.5544415352193626e-05,0.0,0.0,0.0,2
2.5544415352193626e-05,0.0,0.0,0.0,2
2.5544415352193626e-05,0.0,0.0,0.0,2
2.5544415352193626e-05,0.0,0.0,0.0,2
3.831662302829044e-05,0.0999394523427918,0.17416220250033587,0.22319314489151232,0
7.663324605658088e-05,0.1724937415936649,0.21079024100200228,0.22319314489151232,0
3.831662302829044e-05,0.0999394523427918,0.17416220250033587,0.22319314489151232,0
2.5544415352193626e-05,0.10883143387630967,0.10988411550499919,0.22319314489151232,0
3.831662302829044e-05,0.0999394523427918,0.17416220250033587,0.22319314489151232,0
3.831662302829044e-05,0.0999394523427918,0.17416220250033587,0.22319314489151232,0
0.0003831662302829044,0.5267685104691668,0.5098869021769076,0.0,3
5.108883070438725e-05,0.0,0.10988411550499919,0.3537527650710707,0
0.0003831662302829044,0.5340239393942542,0.521773112728207,0.0,3
1.2772207676096813e-05,0.0,0.0,0.0,2
0.00045979947633948526,0.5445117786272309,0.5108464075503648,0.22319314489151232,3
3.831662302829044e-05,0.0999394523427918,0.17416220250033587,0.22319314489151232,0
0.00016603869978925858,0.042579598024649085,0.042991452936424625,0.0,2
0.00015326649211316176,0.0,0.0,0.0,2
1.2772207676096813e-05,0.0,0.0,0.0,2
0.002528897119867169,0.0,0.0,0.0,2
3.831662302829044e-05,0.0,0.0,0.0,2
2.5544415352193626e-05,0.0,0.0,0.0,2
2.5544415352193626e-05,0.10883143387630967,0.10988411550499919,0.22319314489151232,0
1.2772207676096813e-05,0.0,0.0,0.0,2
1.2772207676096813e-05,0.0,0.0,0.0,2
1.2772207676096813e-05,0.0,0.0,0.0,2
2.5544415352193626e-05,0.10883143387630967,0.10988411550499919,0.0,2
3.831662302829044e-05,0.0999394523427918,0.17416220250033587,0.22319314489151232,0
5.108883070438725e-05,0.0,0.10988411550499919,0.0,2
1.2772207676096813e-05,0.0,0.0,0.0,2
1.2772207676096813e-05,0.0,0.0,0.0,2
0.00011494986908487132,0.16656575390465303,0.23221627000044784,0.22319314489151232,0
1.2772207676096813e-05,0.0,0.10988411550499919,0.669579434674537,1
2.5544415352193626e-05,0.0,0.0,0.0,2
3.831662302829044e-05,0.0999394523427918,0.17416220250033587,0.22319314489151232,0
7.663324605658088e-05,0.1724937415936649,0.21079024100200228,0.22319314489151232,0
1.2772207676096813e-05,0.0,0.10988411550499919,0.669579434674537,1
2.5544415352193626e-05,0.0,0.0,0.0,2
3.831662302829044e-05,0.0999394523427918,0.17416220250033587,0.22319314489151232,0
2.5544415352193626e-05,0.10883143387630967,0.10988411550499919,0.0,2
3.831662302829044e-05,0.0999394523427918,0.17416220250033587,0.22319314489151232,0
3.831662302829044e-05,0.0999394523427918,0.17416220250033587,0.22319314489151232,0
3.831662302829044e-05,0.0999394523427918,0.17416220250033587,0.22319314489151232,0
1.2772207676096813e-05,0.0,0.0,0.0,2
1.2772207676096813e-05,0.0,0.0,0.0,2
1.2772207676096813e-05,0.0,0.0,0.0,2
2.5544415352193626e-05,0.0,0.0,0.0,2
2.5544415352193626e-05,0.0,0.10988411550499919,0.0,2
3.831662302829044e-05,0.0999394523427918,0.17416220250033587,0.22319314489151232,0
1.2772207676096813e-05,0.0,0.0,0.0,2
1.2772207676096813e-05,0.0,0.0,0.0,2
1.2772207676096813e-05,0.0,0.0,0.0,2
1.2772207676096813e-05,0.0,0.0,0.0,2
1.2772207676096813e-05,0.0,0.0,0.0,2
1.2772207676096813e-05,0.0,0.0,0.0,2
1.2772207676096813e-05,0.0,0.0,0.0,2
1.2772207676096813e-05,0.0,0.0,0.0,2
1.2772207676096813e-05,0.0,0.0,0.0,2
1.2772207676096813e-05,0.0,0.0,0.0,2
1.2772207676096813e-05,0.0,0.0,0.0,2
1.2772207676096813e-05,0.0,0.0,0.0,2
2.5544415352193626e-05,0.0,0.0,0.0,2
1.2772207676096813e-05,0.0,0.0,0.0,2
1.2772207676096813e-05,0.0,0.0,0.0,2
1.2772207676096813e-05,0.0,0.0,0.0,2
1.2772207676096813e-05,0.0,0.0,0.0,2
1.2772207676096813e-05,0.0,0.0,0.0,2
1.2772207676096813e-05,0.0,0.0,0.0,2
1.2772207676096813e-05,0.0,0.0,0.0,2
3.831662302829044e-05,0.0999394523427918,0.17416220250033587,0.22319314489151232,0
0.0003831662302829044,0.5267685104691668,0.5098869021769076,0.0,3
0.00011494986908487132,0.21493528007190177,0.23221627000044784,0.22319314489151232,0
1.2772207676096813e-05,0.0,0.0,0.0,2
3.831662302829044e-05,0.0999394523427918,0.17416220250033587,0.22319314489151232,0
7.663324605658088e-05,0.1724937415936649,0.21079024100200228,0.22319314489151232,0
1.2772207676096813e-05,0.0,0.0,0.0,2
1.2772207676096813e-05,0.0,0.0,0.0,2
1.2772207676096813e-05,0.0,0.0,0.0,2
3.831662302829044e-05,0.0999394523427918,0.17416220250033587,0.22319314489151232,0
3.831662302829044e-05,0.0999394523427918,0.17416220250033587,0.22319314489151232,0
0.00022989973816974263,0.25269876392427965,0.2551430149729056,0.0,4
0.00034484960725461393,0.4287382769912911,0.43032014573114685,0.0,3
8.94054537326777e-05,0.0,0.0,0.0,2
0.0009834599910594547,0.39379039267601823,0.4914644638853806,0.0,3
0.0017625646593013601,0.4217218062707,0.43953646201999674,0.0,3
0.003269685165080784,0.4963746099067575,0.5164825397324658,0.0,3
0.0015198927134555207,0.25269876392427965,0.2551430149729056,0.0,4
0.0011111820678204227,0.4769981588064653,0.5307450915988864,0.0,3
0.0010473210294399387,0.5705109213509321,0.5760292384812147,0.0,3
0.0037294846414202693,0.19897228886536336,0.8619267365977736,0.0,3
0.0005364327223960661,0.5752179020918069,0.580781747907838,0.0,3
1.2772207676096813e-05,0.0,0.0,0.0,2
3.831662302829044e-05,0.0999394523427918,0.17416220250033587,0.22319314489151232,0
0.00042148285331119486,0.5423928005696529,0.5318062152003531,0.22319314489151232,3
3.831662302829044e-05,0.0999394523427918,0.17416220250033587,0.22319314489151232,0
3.831662302829044e-05,0.0999394523427918,0.17416220250033587,0.22319314489151232,0
3.831662302829044e-05,0.0999394523427918,0.17416220250033587,0.22319314489151232,0
0.00011494986908487132,0.0999394523427918,0.23221627000044784,0.22319314489151232,0
3.831662302829044e-05,0.0999394523427918,0.17416220250033587,0.22319314489151232,0
1.2772207676096813e-05,0.0,0.10988411550499919,0.669579434674537,1
1.2772207676096813e-05,0.0,0.0,0.0,2
3.831662302829044e-05,0.0999394523427918,0.17416220250033587,0.22319314489151232,0
5.108883070438725e-05,0.0,0.0,0.0,2
2.5544415352193626e-05,0.0,0.0,0.0,2
1.2772207676096813e-05,0.0,0.0,0.0,2
5.108883070438725e-05,0.1632471508144645,0.10988411550499919,0.0,2
0.0009323711603550673,0.2024977752879235,0.21348377166768018,0.0,4
0.0009195989526789705,0.2347184561345673,0.0,0.0,2
7.663324605658088e-05,0.14920251896808073,0.10669204727070444,0.0,2
0.008723417842774124,0.0,0.0,0.0,2
0.0005875215531004534,0.0,0.0,0.0,2
3.831662302829044e-05,0.0999394523427918,0.17416220250033587,0.22319314489151232,0
1.2772207676096813e-05,0.0,0.10988411550499919,0.669579434674537,1
2.5544415352193626e-05,0.10883143387630967,0.10988411550499919,0.0,2
3.831662302829044e-05,0.0999394523427918,0.17416220250033587,0.22319314489151232,0
3.831662302829044e-05,0.0999394523427918,0.17416220250033587,0.22319314489151232,0
0.000204355322817549,0.4353257355052387,0.4068810490511838,0.0,3
1.2772207676096813e-05,0.0,0.0,0.0,2
1.2772207676096813e-05,0.0,0.0,0.0,2
0.007803818890095153,0.38247698120060336,0.6665924236039192,0.0,3
2.5544415352193626e-05,0.0,0.0,0.0,2
3.831662302829044e-05,0.0999394523427918,0.17416220250033587,0.22319314489151232,0
2.5544415352193626e-05,0.0,0.0,0.0,2
0.00042148285331119486,0.5333073958112171,0.5210005692446262,0.22319314489151232,3
0.00015326649211316176,0.0,0.0,0.0,2
0.0003831662302829044,0.5340239393942542,0.42736640377770585,0.0,3
2.5544415352193626e-05,0.10883143387630967,0.10988411550499919,0.0,2
1.2772207676096813e-05,0.0,0.0,0.0,2
7.663324605658088e-05,0.1724937415936649,0.21079024100200228,0.22319314489151232,0
3.831662302829044e-05,0.0999394523427918,0.17416220250033587,0.22319314489151232,0
1.2772207676096813e-05,0.0,0.0,0.0,2
3.831662302829044e-05,0.0999394523427918,0.17416220250033587,0.22319314489151232,0
7.663324605658088e-05,0.1724937415936649,0.21079024100200228,0.22319314489151232,0
7.663324605658088e-05,0.1724937415936649,0.21079024100200228,0.22319314489151232,0
3.831662302829044e-05,0.0999394523427918,0.17416220250033587,0.22319314489151232,0
1.2772207676096813e-05,0.0,0.10988411550499919,0.669579434674537,1
5.108883070438725e-05,0.0,0.10988411550499919,0.3537527650710707,0
3.831662302829044e-05,0.0999394523427918,0.17416220250033587,0.22319314489151232,0
1.2772207676096813e-05,0.0,0.10988411550499919,0.669579434674537,1
3.831662302829044e-05,0.0999394523427918,0.17416220250033587,0.22319314489151232,0
3.831662302829044e-05,0.0999394523427918,0.17416220250033587,0.22319314489151232,0
2.5544415352193626e-05,0.10883143387630967,0.10988411550499919,0.0,2
2.5544415352193626e-05,0.0,0.0,0.0,2
0.0003831662302829044,0.5340239393942542,0.5144475050278738,0.0,3
0.0023628584200779106,0.6764025183212967,0.6960073468984621,0.0,3
1.2772207676096813e-05,0.0,0.0,0.0,2
7.663324605658088e-05,0.1724937415936649,0.21079024100200228,0.22319314489151232,0
1.2772207676096813e-05,0.0,0.0,0.0,2
1.2772207676096813e-05,0.0,0.0,0.0,2
7.663324605658088e-05,0.0999394523427918,0.21079024100200228,0.22319314489151232,0
1.2772207676096813e-05,0.0,0.0,0.0,2
3.831662302829044e-05,0.0999394523427918,0.17416220250033587,0.22319314489151232,0
1.2772207676096813e-05,0.0,0.0,0.0,2
1.2772207676096813e-05,0.0,0.0,0.0,2
0.0001915831151414522,0.23938357925862905,0.2592098741579711,0.22319314489151232,0
1.2772207676096813e-05,0.0,0.0,0.0,2
7.663324605658088e-05,0.1724937415936649,0.21079024100200228,0.22319314489151232,0
0.00011494986908487132,0.16656575390465303,0.23221627000044784,0.22319314489151232,0
0.00011494986908487132,0.21493528007190177,0.23221627000044784,0.22319314489151232,0
1.2772207676096813e-05,0.0,0.0,0.0,2
3.831662302829044e-05,0.0999394523427918,0.17416220250033587,0.22319314489151232,0
3.831662302829044e-05,0.0999394523427918,0.17416220250033587,0.22319314489151232,0
1.2772207676096813e-05,0.0,0.0,0.0,2
3.831662302829044e-05,0.0999394523427918,0.17416220250033587,0.22319314489151232,0
3.831662302829044e-05,0.0999394523427918,0.17416220250033587,0.22319314489151232,0
0.00015326649211316176,0.15880116004770561,0.24741827950366868,0.22319314489151232,0
0.00042148285331119486,0.5423928005696529,0.5276602126085655,0.22319314489151232,3
3.831662302829044e-05,0.0999394523427918,0.17416220250033587,0.22319314489151232,0
3.831662302829044e-05,0.0999394523427918,0.17416220250033587,0.22319314489151232,0
0.00042148285331119486,0.5423928005696529,0.534319855972505,0.22319314489151232,3
3.831662302829044e-05,0.0999394523427918,0.17416220250033587,0.22319314489151232,0
3.831662302829044e-05,0.0999394523427918,0.17416220250033587,0.22319314489151232,0
1.2772207676096813e-05,0.0,0.0,0.0,2
5.108883070438725e-05,0.0,0.10988411550499919,0.6265823738807034,1
2.5544415352193626e-05,0.0,0.10988411550499919,0.669579434674537,1
2.5544415352193626e-05,0.0,0.0,0.0,2
1.2772207676096813e-05,0.0,0.0,0.0,2
0.0004981160993677757,0.5284625576995838,0.4873485257372137,0.22319314489151232,3
8.94054537326777e-05,0.0,0.0,0.0,2
3.831662302829044e-05,0.0999394523427918,0.17416220250033587,0.22319314489151232,0
1.2772207676096813e-05,0.0,0.0,0.0,2
3.831662302829044e-05,0.0999394523427918,0.17416220250033587,0.22319314489151232,0
