total_sessions,username_entropy,password_entropy,command_entropy,cluster_k3,cluster_k5
3.0,0.9182958340544894,1.584962500721156,1.0,1,1
1.0,0.0,0.0,0.0,1,1
3.0,0.0,0.0,4.247927513443585,1,1
3.0,0.9182958340544894,1.584962500721156,1.0,1,1
1.0,0.0,0.0,0.0,1,1
2.0,0.0,0.0,0.0,1,1
1.0,0.0,0.0,0.0,1,1
7.0,0.0,0.0,0.0,1,1
1.0,0.0,0.0,0.0,1,1
1.0,0.0,0.0,0.0,1,1
1.0,0.0,0.0,0.0,1,1
1.0,0.0,0.0,0.0,1,1
1.0,0.0,0.0,0.0,1,1
4.0,1.5,2.0,0.9182958340544894,1,1
1.0,0.0,0.0,0.0,1,1
2.0,1.0,1.0,0.0,1,1
1.0,0.0,0.0,0.0,1,1
1.0,0.0,0.0,0.0,1,1
3.0,0.9182958340544894,1.584962500721156,1.0,1,1
6.0,1.584962500721156,1.9182958340544896,1.0,1,1
2.0,1.0,1.0,4.247927513443585,1,1
4.0,0.0,0.0,4.321928094887362,1,1
1.0,0.0,0.0,0.0,1,1
1.0,0.0,0.0,0.0,1,1
2.0,0.0,0.0,0.0,1,1
1.0,0.0,0.0,0.0,1,1
2.0,0.0,0.0,0.0,1,1
1.0,0.0,0.0,0.0,1,1
1.0,0.0,0.0,0.0,1,1
1.0,0.0,0.0,0.0,1,1
3.0,0.0,0.0,4.247927513443585,1,1
3.0,0.9182958340544894,1.584962500721156,1.0,1,1
3.0,0.9182958340544894,1.584962500721156,1.0,1,1
6.0,1.584962500721156,1.9182958340544896,1.0,1,1
3.0,0.9182958340544894,1.584962500721156,1.0,1,1
52.0,3.2960831968752062,4.324796793869523,0.0,1,1
4.0,0.0,0.0,4.321928094887362,1,1
2.0,0.0,0.0,0.0,1,1
2.0,0.0,0.0,0.0,1,1
1.0,0.0,0.0,0.0,1,1
4.0,0.0,0.0,0.0,1,1
2.0,0.0,0.0,0.0,1,1
2.0,0.0,0.0,0.0,1,1
1.0,0.0,0.0,0.0,1,1
2.0,0.0,0.0,0.0,1,1
1.0,0.0,0.0,0.0,1,1
1.0,0.0,0.0,0.0,1,1
5.0,0.9182958340544894,1.584962500721156,1.0,1,1
3.0,0.0,1.0,1.0,1,1
2.0,0.0,0.0,0.0,1,1
3.0,1.0,1.0,1.0,1,1
3.0,0.0,0.0,4.321928094887362,1,1
1.0,0.0,0.0,0.0,1,1
2.0,0.0,0.0,0.0,1,1
1.0,0.0,0.0,0.0,1,1
1.0,0.0,0.0,0.0,1,1
1.0,0.0,0.0,0.0,1,1
1.0,0.0,0.0,0.0,1,1
4.0,0.9182958340544894,1.584962500721156,1.0,1,1
1.0,0.0,0.0,0.0,1,1
4.0,0.0,0.0,0.0,1,1
3.0,0.0,0.0,1.584962500721156,1,1
5.0,0.9182958340544894,1.584962500721156,1.0,1,1
4.0,0.9182958340544894,1.584962500721156,1.0,1,1
1.0,0.0,0.0,0.0,1,1
5.0,0.0,0.0,0.0,1,1
3.0,0.9182958340544894,1.584962500721156,1.0,1,1
1.0,0.0,0.0,0.0,1,1
4.0,0.9182958340544894,1.584962500721156,1.0,1,1
3.0,0.9182958340544894,1.584962500721156,1.0,1,1
1.0,0.0,0.0,0.0,1,1
13.0,1.0,0.0,0.0,1,1
1.0,0.0,0.0,0.0,1,1
1.0,0.0,0.0,0.0,1,1
4.0,0.9182958340544894,1.584962500721156,1.0,1,1
3.0,0.9182958340544894,1.584962500721156,1.0,1,1
1.0,0.0,0.0,0.0,1,1
3.0,0.0,0.0,0.0,1,1
29.0,4.142664355548849,4.142664355548849,1.0,1,1
1.0,0.0,0.0,0.0,1,1
1.0,0.0,0.0,0.0,1,1
2.0,0.0,0.0,0.0,1,1
3.0,0.9182958340544894,1.584962500721156,1.0,1,1
2.0,0.0,0.0,0.0,1,1
1.0,0.0,0.0,0.0,1,1
1.0,0.0,0.0,0.0,1,1
1.0,0.0,0.0,0.0,1,1
4.0,1.584962500721156,0.9182958340544894,0.0,1,1
4.0,1.584962500721156,0.9182958340544894,0.0,1,1
6.0,0.9182958340544894,0.9182958340544894,0.0,1,1
2.0,0.0,0.0,0.0,1,1
4.0,1.584962500721156,0.9182958340544894,0.0,1,1
2.0,0.0,0.0,0.0,1,1
4.0,0.0,0.0,0.0,1,1
4.0,0.9182958340544894,1.584962500721156,1.0,1,1
7.0,1.5,2.0,4.277613436819116,1,1
6.0,1.5,2.0,1.0,1,1
2.0,0.0,0.0,0.0,1,1
1.0,0.0,0.0,0.0,1,1
1.0,0.0,0.0,0.0,1,1
3.0,0.9182958340544894,1.584962500721156,1.0,1,1
3.0,0.9182958340544894,1.584962500721156,1.0,1,1
3.0,0.9182958340544894,1.584962500721156,1.0,1,1
3.0,0.9182958340544894,1.584962500721156,1.0,1,1
6.0,0.9182958340544894,1.9182958340544896,1.0,1,1
1.0,0.0,0.0,0.0,1,1
8.0,0.0,0.0,0.0,1,1
3.0,0.0,0.0,0.0,1,1
4.0,0.0,0.0,0.0,1,1
3.0,0.9182958340544894,1.584962500721156,1.0,1,1
3.0,0.9182958340544894,1.584962500721156,1.0,1,1
3.0,0.9182958340544894,1.584962500721156,1.0,1,1
3.0,0.9182958340544894,1.584962500721156,1.0,1,1
1.0,0.0,0.0,0.0,1,1
4.0,0.0,1.0,0.0,1,1
3.0,0.9182958340544894,1.584962500721156,1.0,1,1
2.0,0.0,0.0,0.0,1,1
3.0,0.9182958340544894,1.584962500721156,1.0,1,1
2.0,0.0,0.0,0.0,1,1
3.0,0.9182958340544894,1.584962500721156,1.0,1,1
2.0,0.0,0.0,0.0,1,1
1.0,0.0,0.0,0.0,1,1
3.0,0.9182958340544894,1.584962500721156,1.0,1,1
3.0,0.9182958340544894,1.584962500721156,1.0,1,1
1.0,0.0,0.0,0.0,1,1
6.0,1.584962500721156,1.9182958340544896,1.0,1,1
1.0,0.0,0.0,0.0,1,1
1.0,0.0,0.0,0.0,1,1
1.0,0.0,0.0,0.0,1,1
6.0,1.584962500721156,1.9182958340544896,1.0,1,1
1.0,0.0,0.0,0.0,1,1
30.0,4.906890595608518,4.681727678869736,0.0,1,1
2.0,0.0,0.0,0.0,1,1
3.0,0.9182958340544894,1.584962500721156,1.0,1,1
3.0,0.9182958340544894,1.584962500721156,1.0,1,1
6.0,1.584962500721156,1.9182958340544896,1.0,1,1
2.0,0.0,0.0,0.0,1,1
3.0,0.9182958340544894,1.584962500721156,1.0,1,1
3.0,0.9182958340544894,1.584962500721156,1.0,1,1
6.0,1.584962500721156,1.9182958340544896,1.0,1,1
3.0,0.9182958340544894,1.584962500721156,1.0,1,1
3.0,0.9182958340544894,1.584962500721156,1.0,1,1
3.0,0.9182958340544894,1.584962500721156,1.0,1,1
3.0,0.9182958340544894,1.584962500721156,1.0,1,1
3.0,0.9182958340544894,1.584962500721156,1.0,1,1
3.0,0.9182958340544894,1.584962500721156,1.0,1,1
1.0,0.0,0.0,0.0,1,1
3.0,0.9182958340544894,1.584962500721156,1.0,1,1
6.0,1.584962500721156,1.9182958340544896,1.0,1,1
3.0,0.9182958340544894,1.584962500721156,1.0,1,1
1.0,0.0,0.0,0.0,1,1
3.0,0.9182958340544894,1.584962500721156,1.0,1,1
3.0,0.9182958340544894,1.584962500721156,1.0,1,1
1.0,0.0,0.0,0.0,1,1
3.0,0.9182958340544894,1.584962500721156,1.0,1,1
3.0,0.9182958340544894,1.584962500721156,1.0,1,1
9.0,1.5304930567574826,2.113283334294875,1.0,1,1
12.0,1.9182958340544896,2.251629167387823,1.0,1,1
3.0,0.9182958340544894,1.584962500721156,1.0,1,1
3.0,0.9182958340544894,1.584962500721156,1.0,1,1
3.0,0.9182958340544894,1.584962500721156,1.0,1,1
3.0,0.9182958340544894,1.584962500721156,1.0,1,1
3.0,0.9182958340544894,1.584962500721156,1.0,1,1
6.0,1.584962500721156,1.9182958340544896,1.0,1,1
1.0,0.0,0.0,0.0,1,1
9.0,1.5304930567574826,2.113283334294875,1.0,1,1
1.0,0.0,0.0,0.0,1,1
3.0,0.9182958340544894,1.584962500721156,1.0,1,1
6.0,0.9182958340544894,1.9182958340544896,1.0,1,1
3.0,0.9182958340544894,1.584962500721156,1.0,1,1
3.0,0.9182958340544894,1.584962500721156,1.0,1,1
3.0,0.9182958340544894,1.584962500721156,1.0,1,1
1.0,0.0,0.0,0.0,1,1
3.0,0.9182958340544894,1.584962500721156,1.0,1,1
3.0,0.9182958340544894,1.584962500721156,1.0,1,1
3.0,0.9182958340544894,1.584962500721156,1.0,1,1
3.0,0.9182958340544894,1.584962500721156,1.0,1,1
30.0,4.906890595608518,4.389898095464288,0.0,1,1
9.0,1.974937501201927,2.113283334294875,1.0,1,1
1.0,0.0,0.0,0.0,1,1
30.0,4.840223928941851,4.519902579793958,0.0,1,1
3.0,0.9182958340544894,1.584962500721156,1.0,1,1
3.0,0.9182958340544894,1.584962500721156,1.0,1,1
1.0,0.0,1.0,3.0,1,1
1.0,0.0,0.0,0.0,1,1
3.0,0.9182958340544894,1.584962500721156,1.0,1,1
3.0,0.0,1.0,1.0,1,1
6.0,1.584962500721156,1.9182958340544896,1.0,1,1
6.0,1.584962500721156,1.9182958340544896,1.0,1,1
1.0,0.0,0.0,0.0,1,1
3.0,0.9182958340544894,1.584962500721156,1.0,1,1
3.0,1.0,1.0,1.0,1,1
3.0,0.9182958340544894,1.584962500721156,1.0,1,1
6.0,1.584962500721156,1.9182958340544896,1.0,1,1
3.0,0.9182958340544894,1.584962500721156,1.0,1,1
3.0,0.9182958340544894,1.584962500721156,1.0,1,1
3.0,0.9182958340544894,1.584962500721156,1.0,1,1
3.0,0.9182958340544894,1.584962500721156,1.0,1,1
6.0,1.584962500721156,1.9182958340544896,1.0,1,1
3.0,0.9182958340544894,1.584962500721156,1.0,1,1
3.0,0.9182958340544894,1.584962500721156,1.0,1,1
3.0,0.9182958340544894,1.584962500721156,1.0,1,1
3.0,0.9182958340544894,1.584962500721156,1.0,1,1
6.0,1.584962500721156,1.9182958340544896,1.0,1,1
3.0,0.9182958340544894,1.584962500721156,1.0,1,1
3.0,0.9182958340544894,1.584962500721156,1.0,1,1
3.0,0.9182958340544894,1.584962500721156,1.0,1,1
3.0,0.9182958340544894,1.584962500721156,1.0,1,1
3.0,0.9182958340544894,1.584962500721156,1.0,1,1
3.0,0.9182958340544894,1.584962500721156,1.0,1,1
3.0,0.9182958340544894,1.584962500721156,1.0,1,1
3.0,0.9182958340544894,1.584962500721156,1.0,1,1
3.0,0.9182958340544894,1.584962500721156,1.0,1,1
3.0,0.9182958340544894,1.584962500721156,1.0,1,1
3.0,0.9182958340544894,1.584962500721156,1.0,1,1
2.0,1.0,1.0,1.0,1,1
1.0,0.0,0.0,0.0,1,1
30.0,4.840223928941851,4.251841113795077,0.0,1,1
3.0,0.9182958340544894,1.584962500721156,1.0,1,1
3.0,0.9182958340544894,1.584962500721156,1.0,1,1
3.0,0.9182958340544894,1.584962500721156,1.0,1,1
3.0,0.9182958340544894,1.584962500721156,1.0,1,1
49.0,4.379417496911518,3.983824068641026,1.0,1,1
6.0,1.584962500721156,1.9182958340544896,1.0,1,1
12.0,0.9182958340544894,2.251629167387823,1.0,1,1
3.0,0.9182958340544894,1.584962500721156,1.0,1,1
6.0,1.584962500721156,1.9182958340544896,1.0,1,1
3.0,0.9182958340544894,1.584962500721156,1.0,1,1
3.0,0.9182958340544894,1.584962500721156,1.0,1,1
3.0,0.9182958340544894,1.584962500721156,1.0,1,1
3.0,0.9182958340544894,1.584962500721156,1.0,1,1
6.0,1.584962500721156,1.9182958340544896,1.0,1,1
3.0,0.9182958340544894,1.584962500721156,1.0,1,1
3.0,0.9182958340544894,1.584962500721156,1.0,1,1
3.0,0.9182958340544894,1.584962500721156,1.0,1,1
3.0,0.9182958340544894,1.584962500721156,1.0,1,1
1.0,0.0,0.0,0.0,1,1
3.0,0.9182958340544894,1.584962500721156,1.0,1,1
3.0,0.9182958340544894,1.584962500721156,1.0,1,1
3.0,0.9182958340544894,1.584962500721156,1.0,1,1
1.0,0.0,0.0,0.0,1,1
3.0,0.9182958340544894,1.584962500721156,1.0,1,1
1.0,0.0,0.0,0.0,1,1
3.0,0.9182958340544894,1.584962500721156,1.0,1,1
3.0,0.9182958340544894,1.584962500721156,1.0,1,1
3.0,0.9182958340544894,1.584962500721156,1.0,1,1
1.0,0.0,0.0,0.0,1,1
3.0,0.9182958340544894,1.584962500721156,1.0,1,1
3.0,0.9182958340544894,1.584962500721156,1.0,1,1
30.0,4.840223928941851,4.106890595608519,0.0,1,1
3.0,0.9182958340544894,1.584962500721156,1.0,1,1
3.0,0.9182958340544894,1.584962500721156,1.0,1,1
2.0,0.0,1.0,0.0,1,1
1.0,0.0,0.0,4.247927513443585,1,1
3.0,0.9182958340544894,1.584962500721156,1.0,1,1
9.0,1.974937501201927,2.113283334294875,1.0,1,1
6.0,0.9182958340544894,1.9182958340544896,1.0,1,1
3.0,0.9182958340544894,1.584962500721156,1.0,1,1
3.0,0.9182958340544894,1.584962500721156,1.0,1,1
1.0,0.0,0.0,0.0,1,1
9.0,1.5304930567574826,2.113283334294875,1.0,1,1
22.0,2.068794207565845,3.260201350835077,0.0,1,1
9.0,1.061278124459133,2.4056390622295667,0.0,1,1
18.0,2.6556390622295667,3.077819531114784,0.0,1,1
16.0,2.09306920777189,2.78845045730829,0.0,1,1
19.0,1.7107770844150676,2.6688388898504307,0.0,1,1
1.0,0.0,0.0,0.0,1,1
3.0,0.9182958340544894,1.584962500721156,1.0,1,1
33.0,4.983788058752394,4.5713747110421865,1.0,1,1
9.0,0.0,0.0,0.0,1,1
1.0,0.0,0.0,0.0,1,1
26.0,4.7004397181410935,3.944613392971738,0.0,1,1
3.0,0.9182958340544894,1.584962500721156,1.0,1,1
3.0,0.9182958340544894,1.584962500721156,1.0,1,1
9.0,1.974937501201927,2.113283334294875,1.0,1,1
6.0,1.584962500721156,1.9182958340544896,1.0,1,1
1.0,0.0,0.0,0.0,1,1
1.0,0.0,0.0,0.0,1,1
3.0,0.9182958340544894,1.584962500721156,1.0,1,1
3.0,0.9182958340544894,1.584962500721156,1.0,1,1
6.0,0.9182958340544894,1.9182958340544896,1.0,1,1
32.0,4.937499999999999,4.385891110799898,1.0,1,1
3.0,0.9182958340544894,1.584962500721156,1.0,1,1
3.0,0.9182958340544894,1.584962500721156,1.0,1,1
3.0,0.9182958340544894,1.584962500721156,1.0,1,1
6.0,1.584962500721156,1.9182958340544896,1.0,1,1
3.0,0.9182958340544894,1.584962500721156,1.0,1,1
30.0,4.906890595608518,4.519902579793958,0.0,1,1
3.0,0.9182958340544894,1.584962500721156,1.0,1,1
1.0,0.0,0.0,0.0,1,1
1.0,0.0,0.0,0.0,1,1
3.0,0.9182958340544894,1.584962500721156,1.0,1,1
3.0,0.9182958340544894,1.584962500721156,1.0,1,1
3.0,0.9182958340544894,1.584962500721156,1.0,1,1
3.0,0.9182958340544894,1.584962500721156,1.0,1,1
3.0,0.9182958340544894,1.584962500721156,1.0,1,1
6.0,0.0,0.0,4.321928094887362,1,1
1.0,0.0,0.0,0.0,1,1
3.0,0.9182958340544894,1.584962500721156,1.0,1,1
3.0,0.9182958340544894,1.584962500721156,1.0,1,1
3.0,0.9182958340544894,1.584962500721156,1.0,1,1
3.0,0.9182958340544894,1.584962500721156,1.0,1,1
2.0,0.0,0.0,0.0,1,1
30.0,4.906890595608518,4.386569246460625,0.0,1,1
30.0,4.906890595608518,4.519902579793958,0.0,1,1
1.0,0.0,0.0,0.0,1,1
3.0,0.9182958340544894,1.584962500721156,1.0,1,1
3.0,0.9182958340544894,1.584962500721156,1.0,1,1
3.0,0.9182958340544894,1.584962500721156,1.0,1,1
3.0,0.9182958340544894,1.584962500721156,1.0,1,1
3.0,0.9182958340544894,1.584962500721156,1.0,1,1
3.0,0.9182958340544894,1.584962500721156,1.0,1,1
21.0,0.0,0.0,0.0,1,1
6.0,0.0,0.0,0.0,1,1
9.0,1.974937501201927,2.113283334294875,1.0,1,1
1.0,0.0,0.0,0.0,1,1
3.0,0.9182958340544894,1.584962500721156,1.0,1,1
6.0,0.9182958340544894,1.9182958340544896,1.0,1,1
3.0,0.9182958340544894,1.584962500721156,1.0,1,1
3.0,0.9182958340544894,1.584962500721156,1.0,1,1
6.0,0.9182958340544894,1.9182958340544896,1.0,1,1
3.0,0.9182958340544894,1.584962500721156,1.0,1,1
2.0,0.0,0.0,0.0,1,1
3.0,0.9182958340544894,1.584962500721156,1.0,1,1
1.0,0.0,0.0,0.0,1,1
1.0,0.0,0.0,0.0,1,1
3.0,0.9182958340544894,1.584962500721156,1.0,1,1
3.0,0.9182958340544894,1.584962500721156,1.0,1,1
1.0,0.0,0.0,1.0,1,1
3.0,0.9182958340544894,1.584962500721156,1.0,1,1
2.0,1.0,1.0,0.0,1,1
2.0,0.0,0.0,0.0,1,1
3.0,0.9182958340544894,1.584962500721156,1.0,1,1
9.0,1.5304930567574826,2.113283334294875,1.0,1,1
3.0,0.9182958340544894,1.584962500721156,1.0,1,1
6.0,1.584962500721156,1.9182958340544896,1.0,1,1
6.0,1.584962500721156,1.9182958340544896,1.0,1,1
3.0,0.9182958340544894,1.584962500721156,1.0,1,1
3.0,0.9182958340544894,1.584962500721156,1.0,1,1
3.0,0.9182958340544894,1.584962500721156,1.0,1,1
3.0,0.9182958340544894,1.584962500721156,1.0,1,1
3.0,0.9182958340544894,1.584962500721156,1.0,1,1
6.0,0.9182958340544894,1.9182958340544896,1.0,1,1
32.0,4.874999999999999,4.749999999999999,1.0,1,1
3.0,0.9182958340544894,1.584962500721156,1.0,1,1
3.0,0.9182958340544894,1.584962500721156,1.0,1,1
3.0,0.9182958340544894,1.584962500721156,1.0,1,1
6.0,1.584962500721156,1.9182958340544896,1.0,1,1
3.0,0.9182958340544894,1.584962500721156,1.0,1,1
3.0,0.9182958340544894,1.584962500721156,1.0,1,1
3.0,0.9182958340544894,1.584962500721156,1.0,1,1
3.0,0.9182958340544894,1.584962500721156,1.0,1,1
3.0,0.9182958340544894,1.584962500721156,1.0,1,1
3.0,0.9182958340544894,1.584962500721156,1.0,1,1
3.0,0.9182958340544894,1.584962500721156,1.0,1,1
3.0,0.9182958340544894,1.584962500721156,1.0,1,1
1.0,0.0,0.0,0.0,1,1
3.0,0.9182958340544894,1.584962500721156,1.0,1,1
2.0,0.0,0.0,0.0,1,1
6.0,1.584962500721156,1.9182958340544896,1.0,1,1
6.0,0.9182958340544894,1.9182958340544896,1.0,1,1
3.0,0.9182958340544894,1.584962500721156,1.0,1,1
3.0,0.9182958340544894,1.584962500721156,1.0,1,1
1.0,0.0,0.0,0.0,1,1
1.0,0.0,0.0,0.0,1,1
21.0,2.746439344671016,3.0709505944546684,0.0,1,1
23.0,2.8511494238930326,3.177566232096525,0.0,1,1
4.0,0.0,0.0,0.0,1,1
9.0,0.8112781244591328,0.8112781244591328,0.0,1,1
3.0,1.0,1.0,0.0,1,1
7.0,1.0,1.0,0.0,1,1
7.0,0.0,0.0,0.0,1,1
27.0,2.155028737741961,3.3758145836939124,0.0,1,1
35.0,2.329391149755712,3.24058085538354,0.0,1,1
18.0,2.3991303913908,3.0860486123130384,0.0,1,1
3.0,0.9182958340544894,1.584962500721156,1.0,1,1
3.0,0.9182958340544894,1.584962500721156,1.0,1,1
6.0,0.9182958340544894,1.9182958340544896,1.0,1,1
3.0,0.9182958340544894,1.584962500721156,1.0,1,1
6.0,1.584962500721156,1.9182958340544896,1.0,1,1
1.0,0.0,0.0,0.0,1,1
3.0,0.9182958340544894,1.584962500721156,1.0,1,1
3.0,0.9182958340544894,1.584962500721156,1.0,1,1
3.0,0.9182958340544894,1.584962500721156,1.0,1,1
3.0,0.9182958340544894,1.584962500721156,1.0,1,1
3.0,0.9182958340544894,1.584962500721156,1.0,1,1
3.0,0.9182958340544894,1.584962500721156,1.0,1,1
6.0,1.584962500721156,1.9182958340544896,1.0,1,1
3.0,0.9182958340544894,1.584962500721156,1.0,1,1
1.0,0.0,0.0,0.0,1,1
12.0,1.9182958340544896,2.251629167387823,1.0,1,1
3.0,0.9182958340544894,1.584962500721156,1.0,1,1
36.0,4.94770277922009,4.83659166810898,1.0,1,1
3.0,0.9182958340544894,1.584962500721156,1.0,1,1
1.0,0.0,1.0,3.1699250014423126,1,1
3.0,0.9182958340544894,1.584962500721156,1.0,1,1
3.0,0.9182958340544894,1.584962500721156,1.0,1,1
1.0,0.0,0.0,0.0,1,1
6.0,1.584962500721156,1.9182958340544896,1.0,1,1
3.0,0.9182958340544894,1.584962500721156,1.0,1,1
3.0,0.9182958340544894,1.584962500721156,1.0,1,1
3.0,0.9182958340544894,1.584962500721156,1.0,1,1
2.0,0.0,0.0,0.0,1,1
1.0,0.0,0.0,0.0,1,1
191.0,6.2816989002874175,6.382173333650206,0.0,1,1
1.0,0.0,0.0,0.0,1,1
1.0,0.0,0.0,0.0,1,1
193.0,6.275476847018779,6.3992352497350025,0.0,1,1
1.0,0.0,0.0,0.0,1,1
1.0,0.0,0.0,0.0,1,1
1.0,0.0,0.0,0.0,1,1
1.0,0.0,0.0,0.0,1,1
1.0,0.0,0.0,0.0,1,1
1.0,0.0,0.0,0.0,1,1
2.0,0.0,0.0,0.0,1,1
28.0,0.0,0.0,0.0,1,1
3.0,0.9182958340544894,1.584962500721156,1.0,1,1
3.0,0.9182958340544894,1.584962500721156,1.0,1,1
3.0,0.9182958340544894,1.584962500721156,1.0,1,1
3.0,0.9182958340544894,1.584962500721156,1.0,1,1
3.0,0.9182958340544894,1.584962500721156,1.0,1,1
6.0,1.584962500721156,1.9182958340544896,1.0,1,1
3.0,0.9182958340544894,1.584962500721156,1.0,1,1
3.0,0.9182958340544894,1.584962500721156,1.0,1,1
2.0,0.0,0.0,0.0,1,1
2.0,0.0,0.0,0.0,1,1
2.0,0.0,0.0,0.0,1,1
2.0,0.0,0.0,0.0,1,1
2.0,0.0,0.0,0.0,1,1
2.0,0.0,0.0,0.0,1,1
2.0,0.0,0.0,0.0,1,1
2.0,0.0,0.0,0.0,1,1
2.0,0.0,0.0,0.0,1,1
2.0,0.0,0.0,0.0,1,1
2.0,0.0,0.0,0.0,1,1
2.0,0.0,0.0,0.0,1,1
2.0,0.0,0.0,0.0,1,1
2.0,0.0,0.0,0.0,1,1
2.0,0.0,0.0,0.0,1,1
2.0,0.0,0.0,0.0,1,1
2.0,0.0,0.0,0.0,1,1
2.0,0.0,0.0,0.0,1,1
2.0,0.0,0.0,0.0,1,1
2.0,0.0,0.0,0.0,1,1
1.0,0.0,0.0,0.0,1,1
6.0,0.9182958340544894,1.9182958340544896,1.0,1,1
1.0,0.0,0.0,0.0,1,1
13.0,0.0,0.0,0.0,1,1
3.0,0.9182958340544894,1.584962500721156,1.0,1,1
3.0,0.9182958340544894,1.584962500721156,1.0,1,1
1.0,0.0,0.0,0.0,1,1
2276.0,5.302155905588405,6.620912566832528,0.0,2,4
6.0,1.584962500721156,1.9182958340544896,1.0,1,1
21.0,2.251629167387823,2.584962500721156,0.0,1,1
1.0,0.0,0.0,4.247927513443585,1,1
2.0,0.0,1.0,1.0,1,1
2.0,1.0,1.0,1.0,1,1
1.0,0.0,0.0,0.0,1,1
1.0,0.0,0.0,0.0,1,1
2.0,1.0,1.0,4.247927513443585,1,1
2.0,0.0,0.0,0.0,1,1
6.0,1.584962500721156,1.9182958340544896,1.0,1,1
9.0,1.5304930567574826,2.113283334294875,1.0,1,1
3.0,0.9182958340544894,1.584962500721156,1.0,1,1
1.0,0.0,0.0,0.0,1,1
1.0,0.0,0.0,0.0,1,1
1.0,0.0,0.0,0.0,1,1
3.0,0.9182958340544894,1.584962500721156,1.0,1,1
1.0,0.0,0.0,0.0,1,1
4.0,0.9182958340544894,1.584962500721156,1.0,1,1
2.0,0.0,0.0,0.0,1,1
1.0,0.0,0.0,0.0,1,1
3.0,0.9182958340544894,1.584962500721156,1.0,1,1
1.0,0.0,0.0,0.0,1,1
6.0,0.0,0.0,0.0,1,1
2.0,1.0,1.0,0.0,1,1
2.0,0.0,0.0,0.0,1,1
1.0,0.0,0.0,0.0,1,1
1.0,0.0,0.0,0.0,1,1
1.0,0.0,0.0,0.0,1,1
57.0,2.721089896156509,2.947056898478542,3.1431558784658327,1,1
2.0,0.0,0.0,0.0,1,1
3.0,0.0,0.0,0.0,1,1
2.0,0.0,0.0,0.0,1,1
1.0,0.0,0.0,0.0,1,1
2.0,0.0,0.0,0.0,1,1
1.0,0.0,0.0,0.0,1,1
3.0,0.9182958340544894,1.584962500721156,1.0,1,1
1.0,0.0,0.0,0.0,1,1
2.0,1.0,1.0,0.0,1,1
3.0,0.9182958340544894,1.584962500721156,1.0,1,1
3.0,0.9182958340544894,1.584962500721156,1.0,1,1
2.0,0.0,0.0,0.0,1,1
2.0,0.0,0.0,0.0,1,1
1.0,0.0,0.0,0.0,1,1
1.0,0.0,0.0,0.0,1,1
1.0,0.0,0.0,0.0,1,1
3.0,0.9182958340544894,1.584962500721156,1.0,1,1
1.0,0.0,0.0,0.0,1,1
1.0,0.0,0.0,0.0,1,1
1.0,0.0,0.0,0.0,1,1
1.0,0.0,0.0,0.0,1,1
42.0,3.277613436819116,3.277613436819116,0.0,1,1
4.0,0.9182958340544894,1.584962500721156,0.0,1,1
2.0,0.0,0.0,0.0,1,1
3.0,0.9182958340544894,1.584962500721156,1.0,1,1
3.0,0.9182958340544894,1.584962500721156,1.0,1,1
7.0,1.584962500721156,1.9182958340544896,1.0,1,1
55.0,0.869137580612638,2.9623057954883456,3.8228240982774384,1,1
2.0,0.0,0.0,0.0,1,1
2.0,0.0,0.0,0.0,1,1
2.0,0.0,0.0,0.0,1,1
2.0,0.0,1.0,1.0,1,1
1.0,0.0,0.0,0.0,1,1
1.0,0.0,0.0,0.0,1,1
3.0,0.9182958340544894,1.584962500721156,1.0,1,1
1.0,0.0,0.0,0.0,1,1
9.0,1.974937501201927,2.113283334294875,1.0,1,1
3.0,0.9182958340544894,1.584962500721156,1.0,1,1
3.0,0.9182958340544894,1.584962500721156,1.0,1,1
3.0,0.9182958340544894,1.584962500721156,1.0,1,1
35.0,3.274637034566587,3.829741775363137,4.274419986958359,1,1
3.0,0.9182958340544894,1.584962500721156,1.0,1,1
3.0,0.9182958340544894,1.584962500721156,1.0,1,1
6.0,0.9182958340544894,1.9182958340544896,1.0,1,1
3.0,0.9182958340544894,1.584962500721156,1.0,1,1
6.0,1.584962500721156,1.9182958340544896,1.0,1,1
3.0,0.9182958340544894,1.584962500721156,1.0,1,1
3.0,0.9182958340544894,1.584962500721156,1.0,1,1
6.0,1.584962500721156,1.9182958340544896,1.0,1,1
9.0,1.974937501201927,2.113283334294875,1.0,1,1
1.0,0.0,0.0,0.0,1,1
1.0,0.0,0.0,0.0,1,1
3.0,0.9182958340544894,1.584962500721156,1.0,1,1
3.0,0.9182958340544894,1.584962500721156,1.0,1,1
6.0,1.584962500721156,1.9182958340544896,1.0,1,1
1.0,0.0,0.0,0.0,1,1
1.0,0.0,0.0,0.0,1,1
39.0,4.907071770088827,4.592593244281379,1.0,1,1
4.0,0.0,1.0,1.584962500721156,1,1
3.0,0.9182958340544894,1.584962500721156,1.0,1,1
1.0,0.0,0.0,0.0,1,1
3.0,0.9182958340544894,1.584962500721156,1.0,1,1
1.0,0.0,0.0,0.0,1,1
18.0,2.113283334294876,2.335505556517097,1.0,1,1
2.0,1.0,1.0,0.0,1,1
3.0,0.9182958340544894,1.584962500721156,1.0,1,1
33.0,4.983788058752394,4.839700558686833,1.0,1,1
3.0,0.9182958340544894,1.584962500721156,1.0,1,1
12.0,2.251629167387823,2.251629167387823,1.0,1,1
1.0,0.0,0.0,0.0,1,1
3.0,0.9182958340544894,1.584962500721156,1.0,1,1
3.0,0.9182958340544894,1.584962500721156,1.0,1,1
3.0,0.9182958340544894,1.584962500721156,1.0,1,1
2.0,0.0,1.0,0.0,1,1
1.0,0.0,0.0,0.0,1,1
33.0,4.983788058752394,4.692586832254308,1.0,1,1
1.0,0.0,0.0,0.0,1,1
1.0,0.0,0.0,0.0,1,1
1.0,0.0,0.0,0.0,1,1
1.0,0.0,0.0,0.0,1,1
1.0,0.0,0.0,0.0,1,1
1.0,0.0,0.0,0.0,1,1
3.0,0.9182958340544894,1.584962500721156,1.0,1,1
1.0,0.0,0.0,0.0,1,1
3.0,0.0,0.0,4.247927513443585,1,1
1.0,0.0,0.0,0.0,1,1
2.0,0.0,0.0,0.0,1,1
2.0,0.0,0.0,0.0,1,1
1.0,0.0,0.0,0.0,1,1
1.0,0.0,0.0,0.0,1,1
1.0,0.0,0.0,0.0,1,1
1.0,0.0,0.0,0.0,1,1
1.0,0.0,0.0,0.0,1,1
2.0,0.0,0.0,0.0,1,1
1.0,0.0,0.0,0.0,1,1
1.0,0.0,0.0,0.0,1,1
2.0,0.0,0.0,0.0,1,1
1.0,0.0,0.0,0.0,1,1
4.0,0.0,0.0,4.247927513443585,1,1
3.0,1.0,1.0,1.0,1,1
15.0,2.235926350629033,2.521640636343319,4.368522527728207,1,1
2.0,0.0,1.0,1.0,1,1
1.0,0.0,0.0,0.0,1,1
1.0,0.0,0.0,0.0,1,1
2.0,0.0,0.0,0.0,1,1
1.0,0.0,0.0,0.0,1,1
1.0,0.0,0.0,0.0,1,1
1.0,0.0,0.0,0.0,1,1
1.0,0.0,0.0,0.0,1,1
1.0,0.0,0.0,0.0,1,1
1.0,0.0,0.0,0.0,1,1
1.0,0.0,0.0,0.0,1,1
1.0,0.0,0.0,0.0,1,1
1.0,0.0,0.0,0.0,1,1
36.0,4.593069207771889,4.249867762256289,1.0,1,1
1.0,0.0,0.0,0.0,1,1
4.0,0.0,0.0,0.0,1,1
4.0,0.9182958340544894,1.584962500721156,1.0,1,1
2.0,0.0,0.0,0.0,1,1
1.0,0.0,0.0,0.0,1,1
6.0,1.584962500721156,1.9182958340544896,1.0,1,1
7.0,1.5,2.0,1.0,1,1
34.0,4.85140976555739,4.574698735173849,1.0,1,1
1.0,0.0,0.0,0.0,1,1
4.0,0.9182958340544894,1.584962500721156,1.0,1,1
1.0,0.0,0.0,1.0,1,1
1.0,0.0,0.0,0.0,1,1
1.0,0.0,0.0,0.0,1,1
1.0,0.0,0.0,0.0,1,1
1.0,0.0,0.0,0.0,1,1
1.0,0.0,0.0,0.0,1,1
1.0,0.0,0.0,0.0,1,1
3.0,0.9182958340544894,1.584962500721156,0.0,1,1
1.0,0.0,0.0,0.0,1,1
2.0,0.0,0.0,0.0,1,1
5.0,0.0,0.0,0.0,1,1
3.0,0.0,0.0,0.0,1,1
1.0,0.0,0.0,0.0,1,1
1.0,0.0,0.0,0.0,1,1
2.0,0.0,0.0,0.0,1,1
3.0,0.9182958340544894,1.584962500721156,1.0,1,1
2.0,0.0,0.0,4.247927513443585,1,1
1.0,0.0,1.0,3.0,1,1
2.0,0.0,0.0,0.0,1,1
3.0,1.584962500721156,1.584962500721156,0.0,1,1
3.0,0.9182958340544894,1.584962500721156,1.0,1,1
1.0,0.0,0.0,0.0,1,1
2.0,0.0,1.0,3.1699250014423126,1,1
6.0,1.584962500721156,1.9182958340544896,1.0,1,1
3.0,0.9182958340544894,1.584962500721156,1.0,1,1
3.0,0.9182958340544894,1.584962500721156,1.0,1,1
9.0,0.9182958340544894,2.113283334294875,1.0,1,1
3.0,0.9182958340544894,1.584962500721156,1.0,1,1
3.0,0.9182958340544894,1.584962500721156,1.0,1,1
9.0,0.9182958340544894,2.113283334294875,1.0,1,1
6.0,1.584962500721156,1.9182958340544896,1.0,1,1
1.0,0.0,0.0,0.0,1,1
1.0,0.0,0.0,0.0,1,1
1.0,0.0,0.0,0.0,1,1
1.0,0.0,0.0,0.0,1,1
1.0,0.0,0.0,0.0,1,1
2.0,0.0,0.0,0.0,1,1
2.0,0.0,0.0,0.0,1,1
1.0,0.0,0.0,0.0,1,1
2.0,0.0,0.0,0.0,1,1
1.0,0.0,0.0,0.0,1,1
6.0,0.0,0.0,0.0,1,1
4.0,0.0,0.0,0.0,1,1
3.0,0.0,0.0,4.321928094887362,1,1
1.0,0.0,0.0,0.0,1,1
1.0,0.0,0.0,0.0,1,1
3.0,0.0,0.0,4.321928094887362,1,1
1.0,0.0,0.0,0.0,1,1
1.0,0.0,0.0,0.0,1,1
31.0,2.807354922057605,2.807354922057605,0.0,1,1
1.0,0.0,0.0,0.0,1,1
1.0,0.0,0.0,0.0,1,1
1.0,0.0,0.0,0.0,1,1
3.0,0.0,0.0,0.0,1,1
30.0,4.906890595608518,4.681727678869736,0.0,1,1
1.0,0.0,0.0,0.0,1,1
3.0,0.9182958340544894,1.584962500721156,1.0,1,1
7.0,1.5,2.0,1.5219280948873626,1,1
1.0,0.0,0.0,0.0,1,1
3.0,0.9182958340544894,1.584962500721156,1.0,1,1
3.0,0.9182958340544894,1.584962500721156,0.0,1,1
1.0,0.0,0.0,0.0,1,1
3.0,0.9182958340544894,1.584962500721156,1.0,1,1
3.0,0.9182958340544894,1.584962500721156,1.0,1,1
3.0,0.9182958340544894,1.584962500721156,1.0,1,1
5.0,0.0,0.0,0.0,1,1
1.0,0.0,0.0,0.0,1,1
3.0,0.9182958340544894,1.584962500721156,1.0,1,1
3.0,0.9182958340544894,1.584962500721156,1.0,1,1
7.0,1.5219280948873626,1.9219280948873625,1.0,1,1
1.0,0.0,0.0,0.0,1,1
1.0,0.0,0.0,0.0,1,1
3.0,0.0,1.0,1.0,1,1
2.0,0.0,0.0,0.0,1,1
3.0,0.0,1.0,1.0,1,1
2.0,0.0,0.0,0.0,1,1
1.0,0.0,0.0,0.0,1,1
1.0,0.0,0.0,0.0,1,1
1.0,0.0,0.0,0.0,1,1
2.0,0.0,0.0,0.0,1,1
2.0,0.0,0.0,0.0,1,1
1.0,0.0,0.0,0.0,1,1
1.0,0.0,0.0,0.0,1,1
1.0,0.0,0.0,0.0,1,1
3.0,0.9182958340544894,1.584962500721156,1.0,1,1
3.0,1.0,1.0,1.0,1,1
1.0,0.0,0.0,0.0,1,1
1.0,0.0,0.0,0.0,1,1
9.0,0.0,0.0,0.0,1,1
2.0,0.0,0.0,0.0,1,1
2.0,0.0,0.0,0.0,1,1
1.0,0.0,0.0,0.0,1,1
3.0,0.9182958340544894,1.584962500721156,1.0,1,1
3.0,0.9182958340544894,1.584962500721156,1.0,1,1
6.0,1.584962500721156,1.9182958340544896,1.0,1,1
2.0,0.0,0.0,0.0,1,1
30.0,4.906890595608518,4.251841113795077,0.0,1,1
9.0,0.0,0.9182958340544894,0.0,1,1
1.0,0.0,0.0,0.0,1,1
3.0,0.9182958340544894,1.584962500721156,1.0,1,1
4.0,0.0,0.0,0.0,1,1
1.0,0.0,0.0,0.0,1,1
3.0,0.9182958340544894,1.584962500721156,1.0,1,1
2.0,0.0,0.0,0.0,1,1
1.0,0.0,0.0,0.0,1,1
2.0,1.0,1.0,1.0,1,1
1.0,0.0,0.0,0.0,1,1
30.0,4.840223928941851,3.934848613650846,0.0,1,1
1.0,0.0,1.0,0.0,1,1
3.0,0.0,0.0,0.0,1,1
1.0,0.0,0.0,0.0,1,1
1.0,0.0,0.0,0.0,1,1
1.0,0.0,1.0,3.0,1,1
3.0,0.9182958340544894,1.584962500721156,1.0,1,1
3.0,1.0,1.0,4.247927513443585,1,1
4.0,0.0,0.0,4.247927513443585,1,1
4.0,0.9182958340544894,1.584962500721156,1.0,1,1
30.0,4.906890595608518,3.889246428509158,0.0,1,1
2.0,0.0,0.0,0.0,1,1
1.0,0.0,0.0,0.0,1,1
3.0,0.0,0.0,0.0,1,1
2.0,0.0,0.0,0.0,1,1
3.0,0.9182958340544894,1.584962500721156,1.0,1,1
1.0,0.0,0.0,0.0,1,1
2.0,0.0,0.0,0.0,1,1
2.0,0.0,0.0,0.0,1,1
6.0,1.584962500721156,1.9182958340544896,1.0,1,1
6.0,0.0,1.584962500721156,0.0,1,1
2.0,0.0,0.0,0.0,1,1
3.0,0.9182958340544894,1.584962500721156,1.0,1,1
1.0,0.0,0.0,0.0,1,1
1.0,0.0,1.0,3.0,1,1
1.0,0.0,0.0,0.0,1,1
3.0,0.9182958340544894,1.584962500721156,1.0,1,1
1.0,0.0,0.0,0.0,1,1
6.0,1.584962500721156,1.9182958340544896,1.0,1,1
3.0,0.9182958340544894,1.584962500721156,1.0,1,1
14.0,2.4137995646056805,3.807354922057604,0.0,1,1
11.0,2.6635327548042547,3.277613436819116,0.0,1,1
15.0,3.056564762130954,3.773557262275186,0.0,1,1
11.0,2.8453509366224368,3.4594316186372978,0.0,1,1
9.0,2.4193819456463714,2.9477027792200907,0.0,1,1
11.0,2.0494520727893946,3.277613436819116,0.0,1,1
13.0,2.5654483718208256,3.700439718141093,0.0,1,1
12.0,2.751629167387823,3.41829583405449,0.0,1,1
13.0,2.1887870678023824,3.54659356429494,0.0,1,1
14.0,3.09306920777189,3.664497779200461,0.0,1,1
5.0,2.321928094887362,2.321928094887362,0.0,1,1
1.0,0.0,0.0,0.0,1,1
11.0,2.5503407095463886,3.4594316186372978,0.0,1,1
6.0,0.6500224216483541,2.584962500721156,0.0,1,1
16.0,2.5487949406953985,3.875,0.0,1,1
13.0,2.8073904508767225,3.54659356429494,0.0,1,1
12.0,1.7841591278514215,3.41829583405449,0.0,1,1
6.0,2.251629167387823,2.584962500721156,0.0,1,1
15.0,3.240223928941852,3.773557262275186,0.0,1,1
11.0,2.7321588913645702,3.4594316186372978,0.0,1,1
9.0,2.6416041678685938,3.1699250014423126,0.0,1,1
7.0,2.807354922057605,2.807354922057605,0.0,1,1
1.0,0.0,0.0,0.0,1,1
13.0,2.931208948910323,3.54659356429494,0.0,1,1
14.0,2.521640636343319,3.4677201004745,0.0,1,1
11.0,1.971747257128181,3.0271691184406184,0.0,1,1
7.0,2.128085278891394,2.807354922057605,0.0,1,1
3.0,0.9182958340544894,1.584962500721156,1.0,1,1
1.0,0.0,0.0,0.0,1,1
1.0,0.0,0.0,0.0,1,1
3.0,0.9182958340544894,1.584962500721156,1.0,1,1
1.0,0.0,0.0,0.0,1,1
1.0,0.0,0.0,0.0,1,1
1.0,0.0,0.0,0.0,1,1
1.0,0.0,0.0,0.0,1,1
1.0,0.0,0.0,0.0,1,1
1.0,0.0,0.0,0.0,1,1
4.0,0.9182958340544894,1.584962500721156,1.0,1,1
3.0,0.0,0.0,0.0,1,1
2.0,0.0,0.0,0.0,1,1
3.0,0.9182958340544894,1.584962500721156,1.0,1,1
6.0,1.584962500721156,1.9182958340544896,1.0,1,1
3.0,0.9182958340544894,1.584962500721156,1.0,1,1
6.0,1.584962500721156,1.9182958340544896,1.0,1,1
6.0,1.584962500721156,1.9182958340544896,1.0,1,1
3.0,0.9182958340544894,1.584962500721156,1.0,1,1
3.0,0.9182958340544894,1.584962500721156,1.0,1,1
3.0,0.9182958340544894,1.584962500721156,1.0,1,1
1.0,0.0,0.0,0.0,1,1
3.0,0.0,0.0,0.0,1,1
2.0,0.0,0.0,0.0,1,1
1.0,0.0,0.0,0.0,1,1
1.0,0.0,0.0,0.0,1,1
3.0,0.9182958340544894,1.584962500721156,1.0,1,1
1.0,0.0,0.0,0.0,1,1
1.0,0.0,0.0,0.0,1,1
1.0,0.0,0.0,0.0,1,1
9.0,1.584962500721156,1.9182958340544896,1.0,1,1
1.0,0.0,0.0,0.0,1,1
1.0,0.0,0.0,0.0,1,1
1.0,0.0,1.0,3.0,1,1
1.0,0.0,0.0,0.0,1,1
1.0,0.0,0.0,0.0,1,1
1.0,0.0,0.0,0.0,1,1
3.0,0.0,0.0,0.0,1,1
1.0,0.0,0.0,0.0,1,1
13.0,2.7773627950641693,3.700439718141093,0.0,1,1
14.0,2.835237745312118,3.807354922057604,0.0,1,1
16.0,2.7334585933443494,4.0,0.0,1,1
10.0,2.8464393446710154,2.9219280948873627,0.0,1,1
12.0,2.751629167387823,3.41829583405449,0.0,1,1
1.0,0.0,0.0,0.0,1,1
14.0,2.692380602454975,3.3248629576173565,0.0,1,1
28.0,4.735926350629033,3.819801905828918,0.0,1,1
1.0,0.0,0.0,0.0,1,1
12.0,0.0,0.0,0.0,1,1
1.0,0.0,0.0,0.0,1,1
3.0,0.9182958340544894,1.584962500721156,1.0,1,1
1.0,0.0,0.0,0.0,1,1
1.0,0.0,0.0,0.0,1,1
1.0,0.0,0.0,0.0,1,1
1.0,0.0,0.0,0.0,1,1
1.0,0.0,0.0,0.0,1,1
2.0,0.0,0.0,0.0,1,1
2.0,0.0,0.0,0.0,1,1
1.0,0.0,0.0,0.0,1,1
2.0,0.0,0.0,0.0,1,1
1.0,0.0,0.0,0.0,1,1
1.0,0.0,0.0,0.0,1,1
1.0,0.0,0.0,0.0,1,1
3.0,0.9182958340544894,1.584962500721156,1.0,1,1
1.0,0.0,0.0,0.0,1,1
1.0,0.0,0.0,0.0,1,1
1.0,0.0,0.0,0.0,1,1
1.0,0.0,0.0,0.0,1,1
1.0,0.0,0.0,0.0,1,1
1.0,0.0,0.0,0.0,1,1
1.0,0.0,0.0,0.0,1,1
2.0,1.0,1.0,0.0,1,1
3.0,0.9182958340544894,1.584962500721156,1.0,1,1
3.0,0.9182958340544894,1.584962500721156,1.0,1,1
9.0,1.974937501201927,2.113283334294875,1.0,1,1
6.0,1.584962500721156,1.9182958340544896,1.0,1,1
2.0,1.0,1.0,0.0,1,1
1.0,0.0,0.0,0.0,1,1
1.0,0.0,0.0,0.0,1,1
1.0,0.0,0.0,0.0,1,1
1.0,0.0,0.0,0.0,1,1
6.0,1.584962500721156,1.9182958340544896,1.0,1,1
1.0,0.0,0.0,0.0,1,1
1.0,0.0,0.0,0.0,1,1
1.0,0.0,0.0,0.0,1,1
3.0,0.9182958340544894,1.584962500721156,1.0,1,1
3.0,0.9182958340544894,1.584962500721156,1.0,1,1
7.0,1.0,1.0,4.186704345910025,1,1
1.0,0.0,0.0,0.0,1,1
1.0,0.0,0.0,0.0,1,1
5.0,1.0,1.0,4.214997302659253,1,1
4.0,0.9182958340544894,1.584962500721156,1.0,1,1
4.0,0.9182958340544894,1.584962500721156,1.0,1,1
6.0,1.0,1.0,1.0,1,1
8.0,1.5,2.0,4.201841232302569,1,1
3.0,0.0,1.0,1.0,1,1
2.0,0.0,0.0,0.0,1,1
2.0,0.0,0.0,0.0,1,1
1.0,0.0,0.0,0.0,1,1
3.0,0.0,0.0,0.0,1,1
1.0,0.0,0.0,0.0,1,1
1.0,0.0,0.0,0.0,1,1
1.0,0.0,0.0,0.0,1,1
1.0,0.0,0.0,0.0,1,1
3.0,0.0,0.0,0.0,1,1
1.0,0.0,0.0,0.0,1,1
2.0,0.0,0.0,0.0,1,1
62.0,1.7293605943520234,2.932111567616675,3.083856189774725,1,1
2.0,0.0,0.0,0.0,1,1
3.0,0.9182958340544894,1.584962500721156,1.0,1,1
1.0,0.0,0.0,0.0,1,1
1.0,0.0,0.0,0.0,1,1
4.0,0.9182958340544894,1.584962500721156,1.0,1,1
1.0,0.0,0.0,0.0,1,1
1.0,0.0,0.0,0.0,1,1
1.0,0.0,0.0,0.0,1,1
2.0,0.0,0.0,0.0,1,1
8.0,0.9182958340544894,1.9182958340544896,0.0,1,1
1.0,0.0,0.0,0.0,1,1
1.0,0.0,0.0,0.0,1,1
1.0,0.0,0.0,0.0,1,1
6.0,1.584962500721156,1.9182958340544896,1.0,1,1
2.0,0.0,0.0,0.0,1,1
1.0,0.0,0.0,0.0,1,1
1.0,0.0,0.0,0.0,1,1
1.0,0.0,0.0,0.0,1,1
1.0,0.0,0.0,0.0,1,1
1.0,0.0,0.0,0.0,1,1
2.0,0.0,0.0,0.0,1,1
2.0,0.0,0.0,0.0,1,1
2.0,0.0,0.0,0.0,1,1
1.0,0.0,0.0,0.0,1,1
2.0,0.0,0.0,0.0,1,1
1.0,0.0,0.0,0.0,1,1
32.0,3.664497779200462,3.807354922057604,1.0,1,1
7.0,0.9182958340544894,1.584962500721156,1.0,1,1
1.0,0.0,0.0,0.0,1,1
12.0,1.9182958340544896,2.251629167387823,1.0,1,1
2.0,0.0,0.0,0.0,1,1
1.0,0.0,0.0,0.0,1,1
2.0,0.0,0.0,0.0,1,1
2.0,0.0,0.0,0.0,1,1
5.0,0.0,0.0,0.0,1,1
6.0,1.584962500721156,1.9182958340544896,1.0,1,1
12.0,0.9182958340544894,2.113283334294876,0.0,1,1
2.0,0.0,0.0,0.0,1,1
2.0,0.0,0.0,0.0,1,1
1.0,0.0,0.0,0.0,1,1
2.0,0.0,0.0,0.0,1,1
3.0,0.0,0.0,0.0,1,1
3.0,0.0,0.0,0.0,1,1
3.0,0.9182958340544894,1.584962500721156,1.0,1,1
3.0,0.9182958340544894,1.584962500721156,1.0,1,1
9.0,1.974937501201927,2.113283334294875,1.0,1,1
3.0,0.9182958340544894,1.584962500721156,1.0,1,1
6.0,1.584962500721156,1.9182958340544896,1.0,1,1
3.0,0.9182958340544894,1.584962500721156,1.0,1,1
4.0,0.0,0.0,0.0,1,1
1.0,0.0,0.0,0.0,1,1
6.0,0.9182958340544894,1.9182958340544896,1.0,1,1
1.0,0.0,0.0,0.0,1,1
2.0,0.0,0.0,0.0,1,1
6.0,1.584962500721156,1.9182958340544896,1.0,1,1
3.0,0.9182958340544894,1.584962500721156,1.0,1,1
3.0,0.0,0.0,0.0,1,1
3.0,0.9182958340544894,1.584962500721156,1.0,1,1
3.0,0.9182958340544894,1.584962500721156,1.0,1,1
1.0,0.0,0.0,0.0,1,1
6.0,1.584962500721156,1.9182958340544896,1.0,1,1
1.0,0.0,0.0,0.0,1,1
9.0,1.5304930567574826,2.113283334294875,1.0,1,1
6.0,1.584962500721156,1.9182958340544896,1.0,1,1
1.0,0.0,0.0,0.0,1,1
1.0,0.0,0.0,0.0,1,1
3.0,0.9182958340544894,1.584962500721156,1.0,1,1
3.0,0.9182958340544894,1.584962500721156,1.0,1,1
3.0,0.9182958340544894,1.584962500721156,1.0,1,1
5.0,0.0,0.0,4.321928094887362,1,1
1.0,0.0,0.0,0.0,1,1
2.0,0.0,0.0,0.0,1,1
1.0,0.0,0.0,0.0,1,1
1.0,0.0,0.0,0.0,1,1
1.0,0.0,0.0,0.0,1,1
6.0,1.584962500721156,1.9182958340544896,1.0,1,1
6.0,1.584962500721156,1.9182958340544896,1.0,1,1
3.0,0.9182958340544894,1.584962500721156,1.0,1,1
1.0,0.0,1.0,3.1699250014423126,1,1
6.0,1.584962500721156,1.9182958340544896,1.0,1,1
2.0,0.0,0.0,0.0,1,1
7.0,0.8112781244591328,2.0,4.201841232302569,1,1
3.0,0.9182958340544894,1.584962500721156,1.0,1,1
3.0,0.9182958340544894,1.584962500721156,1.0,1,1
1.0,0.0,0.0,0.0,1,1
3.0,0.0,1.0,1.0,1,1
3.0,0.9182958340544894,1.584962500721156,1.0,1,1
4.0,0.9182958340544894,1.584962500721156,0.0,1,1
2.0,0.0,0.0,0.0,1,1
3.0,0.9182958340544894,1.584962500721156,1.0,1,1
36.0,4.892147223664535,4.781036112553425,1.0,1,1
3.0,0.9182958340544894,1.584962500721156,1.0,1,1
2.0,0.0,0.0,0.0,1,1
6.0,0.0,1.0,1.0,1,1
3.0,1.0,1.0,1.0,1,1
1.0,0.0,0.0,0.0,1,1
2.0,0.0,0.0,0.0,1,1
1.0,0.0,0.0,0.0,1,1
3.0,0.0,1.0,1.0,1,1
4.0,0.0,0.0,0.0,1,1
9.0,1.974937501201927,2.113283334294875,1.0,1,1
3.0,0.9182958340544894,1.584962500721156,1.0,1,1
3.0,0.9182958340544894,1.584962500721156,1.0,1,1
33.0,4.08746284125034,3.616874605956221,0.0,1,1
3.0,1.0,1.0,0.0,1,1
3.0,0.0,1.0,0.0,1,1
2.0,0.0,0.0,0.0,1,1
2.0,0.0,0.0,0.0,1,1
4.0,1.0,1.0,0.0,1,1
2.0,0.0,0.0,0.0,1,1
4.0,1.584962500721156,1.584962500721156,0.0,1,1
2.0,0.0,0.0,0.0,1,1
2.0,0.0,0.0,0.0,1,1
5.0,0.0,1.584962500721156,0.0,1,1
3.0,1.0,1.0,0.0,1,1
1.0,0.0,0.0,0.0,1,1
8.0,0.0,0.0,0.0,1,1
3.0,0.0,0.0,0.0,1,1
1.0,0.0,0.0,0.0,1,1
1.0,0.0,0.0,0.0,1,1
1.0,0.0,0.0,0.0,1,1
2.0,0.0,0.0,0.0,1,1
2.0,0.0,0.0,0.0,1,1
1.0,0.0,0.0,0.0,1,1
11.0,0.0,0.0,0.0,1,1
2.0,0.0,0.0,0.0,1,1
3.0,0.9182958340544894,1.584962500721156,1.0,1,1
3.0,0.9182958340544894,1.584962500721156,1.0,1,1
1.0,0.0,0.0,0.0,1,1
2.0,0.0,0.0,0.0,1,1
4.0,0.9182958340544894,1.584962500721156,1.0,1,1
1.0,0.0,0.0,0.0,1,1
1.0,0.0,0.0,0.0,1,1
1.0,0.0,0.0,0.0,1,1
1.0,0.0,0.0,0.0,1,1
8.0,0.0,0.0,0.0,1,1
1.0,0.0,0.0,0.0,1,1
3.0,0.9182958340544894,1.584962500721156,1.0,1,1
1.0,0.0,0.0,0.0,1,1
1.0,0.0,0.0,0.0,1,1
2.0,0.0,0.0,0.0,1,1
11.0,0.0,0.0,0.0,1,1
4.0,0.0,0.0,0.0,1,1
20.0,0.0,0.0,0.0,1,1
1.0,0.0,0.0,0.0,1,1
3.0,0.0,0.0,0.0,1,1
1.0,0.0,0.0,0.0,1,1
3.0,0.9182958340544894,1.584962500721156,1.0,1,1
3.0,0.9182958340544894,1.584962500721156,1.0,1,1
1.0,0.0,0.0,0.0,1,1
18.0,2.113283334294875,2.4466166676282084,1.0,1,1
6.0,0.9182958340544894,1.9182958340544896,1.0,1,1
1.0,0.0,1.0,3.1699250014423126,1,1
1.0,0.0,0.0,0.0,1,1
6.0,1.584962500721156,1.9182958340544896,1.0,1,1
3.0,0.0,0.0,0.0,1,1
47.0,1.8490070880144407,3.4045428133422915,0.0,1,1
1.0,0.0,0.0,0.0,1,1
1.0,0.0,0.0,0.0,1,1
1.0,0.0,0.0,0.0,1,1
1.0,0.0,0.0,0.0,1,1
1.0,0.0,0.0,0.0,1,1
6.0,0.0,0.0,0.0,1,1
2.0,0.0,0.0,0.0,1,1
2.0,0.0,1.0,2.807354922057605,1,1
1.0,0.0,1.0,3.0,1,1
2.0,1.0,1.0,0.0,1,1
1.0,0.0,0.0,0.0,1,1
2.0,0.0,0.0,0.0,1,1
3.0,0.0,0.0,4.321928094887362,1,1
6.0,1.584962500721156,1.584962500721156,4.277613436819116,1,1
9.0,1.974937501201927,2.113283334294875,1.0,1,1
1.0,0.0,0.0,0.0,1,1
1.0,0.0,0.0,0.0,1,1
6.0,1.584962500721156,1.584962500721156,1.0,1,1
6.0,0.9182958340544894,1.584962500721156,4.201841232302569,1,1
6.0,0.0,0.9182958340544894,0.0,1,1
6.0,1.584962500721156,1.584962500721156,1.0,1,1
1.0,0.0,0.0,0.0,1,1
3.0,0.0,0.0,4.321928094887362,1,1
5.0,0.0,0.0,4.321928094887362,1,1
10.0,1.974937501201927,2.113283334294875,1.0,1,1
1.0,0.0,0.0,0.0,1,1
1.0,0.0,0.0,0.0,1,1
1.0,0.0,0.0,0.0,1,1
20.0,0.0,0.0,0.0,1,1
4.0,0.9182958340544894,1.584962500721156,1.0,1,1
2.0,0.0,0.0,0.0,1,1
1.0,0.0,0.0,0.0,1,1
2.0,0.0,0.0,0.0,1,1
4.0,0.9182958340544894,1.584962500721156,1.0,1,1
1.0,0.0,0.0,0.0,1,1
2.0,0.0,0.0,0.0,1,1
3.0,0.9182958340544894,1.584962500721156,1.0,1,1
5.0,0.9182958340544894,1.584962500721156,1.0,1,1
1.0,0.0,0.0,0.0,1,1
1.0,0.0,0.0,0.0,1,1
3.0,0.9182958340544894,1.584962500721156,1.0,1,1
3.0,0.9182958340544894,1.584962500721156,1.0,1,1
3.0,0.9182958340544894,1.584962500721156,1.0,1,1
6.0,1.584962500721156,1.9182958340544896,1.0,1,1
1.0,0.0,0.0,0.0,1,1
3.0,0.9182958340544894,1.584962500721156,1.0,1,1
6.0,0.9182958340544894,1.9182958340544896,1.0,1,1
2.0,0.0,0.0,0.0,1,1
3.0,0.9182958340544894,1.584962500721156,1.0,1,1
2.0,1.0,1.0,0.0,1,1
1.0,0.0,0.0,0.0,1,1
1.0,0.0,0.0,0.0,1,1
1.0,0.0,0.0,0.0,1,1
1.0,0.0,0.0,0.0,1,1
2.0,0.0,1.0,0.0,1,1
3.0,0.9182958340544894,1.584962500721156,1.0,1,1
2.0,0.0,1.0,0.0,1,1
1.0,0.0,0.0,0.0,1,1
1.0,0.0,0.0,0.0,1,1
3.0,0.9182958340544894,1.584962500721156,1.0,1,1
3.0,0.9182958340544894,1.584962500721156,1.0,1,1
1.0,0.0,1.0,3.0,1,1
1.0,0.0,0.0,0.0,1,1
1.0,0.0,0.0,0.0,1,1
1.0,0.0,0.0,0.0,1,1
1.0,0.0,1.0,3.0,1,1
6.0,1.584962500721156,1.9182958340544896,1.0,1,1
1.0,0.0,0.0,0.0,1,1
1.0,0.0,0.0,0.0,1,1
2.0,0.0,0.0,0.0,1,1
3.0,0.0,0.0,4.247927513443585,1,1
3.0,1.0,1.0,1.0,1,1
3.0,0.9182958340544894,1.584962500721156,1.0,1,1
1.0,0.0,0.0,0.0,1,1
1.0,0.0,0.0,0.0,1,1
1.0,0.0,0.0,0.0,1,1
7.0,1.584962500721156,1.584962500721156,1.0,1,1
1.0,0.0,0.0,0.0,1,1
1.0,0.0,0.0,0.0,1,1
1.0,0.0,0.0,0.0,1,1
1.0,0.0,0.0,0.0,1,1
1.0,0.0,0.0,0.0,1,1
2.0,0.0,0.0,0.0,1,1
4.0,1.584962500721156,0.9182958340544894,0.0,1,1
2.0,0.0,0.0,0.0,1,1
3.0,0.9182958340544894,1.584962500721156,1.0,1,1
3.0,0.9182958340544894,1.584962500721156,1.0,1,1
1.0,0.0,0.0,0.0,1,1
2.0,0.0,0.0,0.0,1,1
3.0,0.9182958340544894,1.584962500721156,1.0,1,1
3.0,0.9182958340544894,1.584962500721156,1.0,1,1
6.0,1.584962500721156,1.9182958340544896,1.0,1,1
2.0,0.0,0.0,0.0,1,1
3.0,0.0,0.0,0.0,1,1
4.0,0.0,0.0,0.0,1,1
3.0,0.9182958340544894,1.584962500721156,1.0,1,1
3.0,0.9182958340544894,1.584962500721156,1.0,1,1
3.0,0.9182958340544894,1.584962500721156,1.0,1,1
30.0,4.840223928941851,4.573557262275185,0.0,1,1
6.0,1.584962500721156,1.9182958340544896,1.0,1,1
3.0,0.0,0.0,0.0,1,1
3.0,0.9182958340544894,1.584962500721156,1.0,1,1
33.0,4.923181998146332,4.574400937409153,1.0,1,1
5.0,0.9182958340544894,1.584962500721156,1.0,1,1
1.0,0.0,0.0,0.0,1,1
1.0,0.0,0.0,0.0,1,1
2.0,0.0,0.0,0.0,1,1
30.0,0.0,0.0,0.0,1,1
1.0,0.0,0.0,0.0,1,1
1.0,0.0,0.0,0.0,1,1
3.0,0.0,0.0,0.0,1,1
2.0,0.0,0.0,0.0,1,1
1.0,0.0,0.0,0.0,1,1
4.0,1.584962500721156,1.584962500721156,1.0,1,1
1.0,0.0,1.0,3.0,1,1
1.0,0.0,1.0,3.0,1,1
2.0,0.0,1.0,3.0,1,1
1.0,0.0,0.0,0.0,1,1
1.0,0.0,1.0,3.0,1,1
1.0,0.0,1.0,3.0,1,1
1.0,0.0,0.0,0.0,1,1
1.0,0.0,0.0,0.0,1,1
3.0,0.0,1.0,1.0,1,1
1.0,0.0,0.0,0.0,1,1
2.0,0.0,0.0,0.0,1,1
2.0,0.0,0.0,0.0,1,1
1.0,0.0,0.0,4.321928094887362,1,1
6.0,1.584962500721156,1.584962500721156,1.0,1,1
4.0,0.0,1.0,1.0,1,1
7.0,1.5219280948873626,1.9219280948873625,1.0,1,1
27.0,4.392317422778759,4.165894208390023,0.0,1,1
3.0,1.584962500721156,1.584962500721156,4.277613436819116,1,1
3.0,0.9182958340544894,1.584962500721156,1.0,1,1
6.0,0.9182958340544894,1.584962500721156,4.201841232302569,1,1
31.0,3.906890595608519,3.5898980954642874,0.0,1,1
7.0,1.584962500721156,1.9182958340544896,1.0,1,1
1.0,0.0,0.0,0.0,1,1
1.0,0.0,0.0,0.0,1,1
6.0,1.584962500721156,1.9182958340544896,1.0,1,1
2.0,0.0,0.0,1.0,1,1
1.0,0.0,0.0,0.0,1,1
1.0,0.0,0.0,0.0,1,1
1.0,0.0,0.0,0.0,1,1
3.0,0.7219280948873623,0.9709505944546688,2.0,1,1
2.0,0.0,0.0,0.0,1,1
1.0,0.0,0.0,0.0,1,1
1.0,0.0,0.0,0.0,1,1
1.0,0.0,0.0,0.0,1,1
6.0,1.5219280948873626,1.9219280948873625,1.0,1,1
3.0,0.9182958340544894,1.584962500721156,1.0,1,1
1.0,0.0,1.0,3.0,1,1
1.0,0.0,0.0,0.0,1,1
1.0,0.0,0.0,0.0,1,1
1.0,0.0,0.0,0.0,1,1
3.0,0.9182958340544894,1.584962500721156,1.0,1,1
3.0,0.9182958340544894,1.584962500721156,1.0,1,1
3.0,0.9182958340544894,1.584962500721156,1.0,1,1
1.0,0.0,0.0,0.0,1,1
3.0,0.0,0.0,0.0,1,1
1.0,0.0,0.0,0.0,1,1
2.0,0.0,0.0,0.0,1,1
2.0,0.0,0.0,0.0,1,1
3.0,1.584962500721156,1.584962500721156,0.0,1,1
7.0,0.0,0.0,0.0,1,1
2.0,0.0,0.0,0.0,1,1
2.0,0.0,0.0,0.0,1,1
2.0,0.0,0.0,0.0,1,1
3.0,0.9182958340544894,1.584962500721156,1.0,1,1
3.0,0.0,0.0,4.247927513443585,1,1
1.0,0.0,0.0,0.0,1,1
1.0,0.0,0.0,0.0,1,1
1.0,0.0,0.0,0.0,1,1
3.0,0.9182958340544894,1.584962500721156,1.0,1,1
6.0,1.5,2.0,4.277613436819116,1,1
1.0,0.0,0.0,0.0,1,1
1.0,0.0,0.0,0.0,1,1
1.0,0.0,0.0,0.0,1,1
30.0,1.584962500721156,1.584962500721156,0.0,1,1
1.0,0.0,0.0,0.0,1,1
3.0,0.0,0.0,0.0,1,1
1.0,0.0,0.0,0.0,1,1
2.0,0.0,0.0,0.0,1,1
4.0,0.0,0.0,0.0,1,1
4.0,0.0,0.0,0.0,1,1
1.0,0.0,0.0,0.0,1,1
1.0,0.0,0.0,0.0,1,1
4.0,0.9182958340544894,0.9182958340544894,3.095795255000934,1,1
3.0,0.9182958340544894,1.584962500721156,1.0,1,1
3.0,0.9182958340544894,1.584962500721156,1.0,1,1
30.0,4.773557262275185,4.840223928941851,0.0,1,1
33.0,4.923181998146332,4.801969876934211,1.0,1,1
3.0,0.9182958340544894,1.584962500721156,1.0,1,1
30.0,4.840223928941851,4.681727678869736,0.0,1,1
3.0,0.9182958340544894,1.584962500721156,1.0,1,1
3.0,0.9182958340544894,1.584962500721156,1.0,1,1
6.0,1.584962500721156,1.9182958340544896,1.0,1,1
3.0,0.9182958340544894,1.584962500721156,1.0,1,1
3.0,0.9182958340544894,1.584962500721156,1.0,1,1
30.0,4.840223928941851,4.681727678869736,0.0,1,1
1.0,0.0,0.0,0.0,1,1
3.0,0.9182958340544894,1.584962500721156,1.0,1,1
60.0,5.906890595608517,5.406890595608518,0.0,1,1
3.0,0.9182958340544894,1.584962500721156,1.0,1,1
3.0,0.9182958340544894,1.584962500721156,1.0,1,1
3.0,0.9182958340544894,1.584962500721156,1.0,1,1
3.0,0.9182958340544894,1.584962500721156,1.0,1,1
3.0,0.9182958340544894,1.584962500721156,1.0,1,1
1.0,0.0,0.0,0.0,1,1
1.0,0.0,0.0,0.0,1,1
1.0,0.0,0.0,0.0,1,1
3.0,0.9182958340544894,1.584962500721156,1.0,1,1
2.0,0.0,0.0,0.0,1,1
36.0,4.871178126382217,4.392147223664535,1.0,1,1
2.0,0.0,0.0,0.0,1,1
3.0,0.9182958340544894,1.584962500721156,1.0,1,1
6.0,1.584962500721156,1.9182958340544896,1.0,1,1
3.0,0.9182958340544894,1.584962500721156,1.0,1,1
3.0,0.9182958340544894,1.584962500721156,1.0,1,1
4.0,0.0,0.0,0.0,1,1
1.0,0.0,0.0,0.0,1,1
2.0,0.0,0.0,0.0,1,1
1.0,0.0,0.0,0.0,1,1
1.0,0.0,0.0,0.0,1,1
6.0,1.584962500721156,1.9182958340544896,1.0,1,1
3.0,0.9182958340544894,1.584962500721156,1.0,1,1
1.0,0.0,0.0,0.0,1,1
6.0,0.9182958340544894,1.9182958340544896,1.0,1,1
10.0,0.0,3.1699250014423126,0.0,1,1
5.0,0.0,0.0,0.0,1,1
39.0,4.663909765557392,4.093139062229567,1.0,1,1
3.0,0.9182958340544894,1.584962500721156,1.0,1,1
65.0,4.313602883918149,5.316024413893479,0.0,1,1
73.0,5.909440452801154,5.909440452801154,0.0,1,1
3.0,0.9182958340544894,1.584962500721156,1.0,1,1
3.0,0.9182958340544894,1.584962500721156,1.0,1,1
235.0,5.776970127332715,6.652383128490401,0.0,1,1
235.0,5.776970127332715,6.652383128490401,0.0,1,1
235.0,5.776970127332715,6.652383128490402,0.0,1,1
235.0,5.776970127332715,6.652383128490401,0.0,1,1
235.0,5.776970127332715,6.652383128490404,0.0,1,1
1.0,0.0,0.0,0.0,1,1
12.0,0.0,0.0,0.0,1,1
1.0,0.0,0.0,0.0,1,1
3.0,0.9182958340544894,1.584962500721156,1.0,1,1
1.0,0.0,0.0,0.0,1,1
6.0,1.584962500721156,1.9182958340544896,1.0,1,1
33.0,4.983788058752394,4.741363816328151,1.0,1,1
1.0,0.0,0.0,0.0,1,1
4.0,0.0,1.0,3.0,1,1
13.0,0.0,0.0,0.0,1,1
31.0,2.979380795907081,2.811016894330513,1.0,1,1
2.0,0.0,0.0,0.0,1,1
3.0,0.9182958340544894,1.584962500721156,1.0,1,1
7.0,1.584962500721156,1.9182958340544896,1.0,1,1
3.0,0.9182958340544894,1.584962500721156,1.0,1,1
6.0,1.584962500721156,1.9182958340544896,1.0,1,1
207.0,2.019263792853558,7.634292335425144,0.0,1,1
30.0,4.906890595608518,4.18517444712841,0.0,1,1
13.0,1.950825794518089,3.584962500721157,0.0,1,1
18.0,3.051601636871704,3.807763576417195,0.0,1,1
7.0,0.8112781244591328,0.8112781244591328,0.0,1,1
2.0,0.0,0.0,0.0,1,1
4.0,0.0,1.459147917027245,2.199687794731328,1,1
3.0,0.0,0.0,0.0,1,1
3.0,0.0,0.0,0.0,1,1
3.0,0.0,0.0,0.0,1,1
5.0,0.0,0.0,0.0,1,1
3.0,0.0,0.0,0.0,1,1
1.0,0.0,0.0,0.0,1,1
3.0,0.9182958340544894,1.584962500721156,1.0,1,1
33.0,4.983788058752394,4.513794876803091,1.0,1,1
1.0,0.0,0.0,0.0,1,1
3.0,0.9182958340544894,1.584962500721156,1.0,1,1
1.0,0.0,0.0,0.0,1,1
1.0,0.0,0.0,0.0,1,1
11.0,1.3092966682370035,2.5503407095463886,3.894914133686669,1,1
9.0,1.974937501201927,2.113283334294875,1.0,1,1
12.0,1.0,1.0,0.0,1,1
1.0,0.0,0.0,0.0,1,1
2.0,0.0,0.0,0.0,1,1
13.0,3.084962500721156,3.41829583405449,0.0,1,1
1.0,0.0,0.0,0.0,1,1
16.0,0.9182958340544894,0.9182958340544894,0.0,1,1
36.0,4.892147223664535,4.781036112553425,1.0,1,1
3.0,0.9182958340544894,1.584962500721156,1.0,1,1
4.0,0.9182958340544894,1.584962500721156,0.0,1,1
1.0,0.0,0.0,0.0,1,1
1.0,0.0,0.0,0.0,1,1
1.0,0.0,0.0,0.0,1,1
1.0,0.0,0.0,0.0,1,1
1.0,0.0,0.0,0.0,1,1
1.0,0.0,0.0,0.0,1,1
3.0,0.9182958340544894,1.584962500721156,1.0,1,1
11.0,0.9219280948873624,3.321928094887362,0.0,1,1
1.0,0.0,0.0,0.0,1,1
3.0,0.9182958340544894,1.584962500721156,1.0,1,1
3.0,0.9182958340544894,1.584962500721156,1.0,1,1
30.0,4.906890595608518,4.640223928941852,0.0,1,1
3.0,0.9182958340544894,1.584962500721156,1.0,1,1
65.0,0.9182958340544894,1.584962500721156,0.0,1,1
1.0,0.0,0.0,0.0,1,1
9.0,1.974937501201927,2.113283334294875,1.0,1,1
15.0,2.0,2.0,0.0,1,1
3.0,0.9182958340544894,1.584962500721156,1.0,1,1
13.0,0.0,0.0,0.0,1,1
3.0,0.9182958340544894,1.584962500721156,1.0,1,1
3.0,1.0,1.0,0.0,1,1
104.0,5.672425341971495,5.672425341971495,0.0,1,1
3.0,0.9182958340544894,1.584962500721156,1.0,1,1
1.0,0.0,0.0,0.0,1,1
6.0,0.0,0.0,0.0,1,1
28.0,0.0,0.0,0.0,1,1
3.0,0.9182958340544894,1.584962500721156,1.0,1,1
1.0,0.0,0.0,0.0,1,1
1.0,0.0,0.0,0.0,1,1
240.0,1.0,0.0,0.0,1,1
1.0,0.0,0.0,0.0,1,1
2.0,0.0,0.0,0.0,1,1
1.0,0.0,0.0,0.0,1,1
2.0,0.0,0.0,4.321928094887362,1,1
3.0,0.9182958340544894,1.584962500721156,1.0,1,1
3.0,0.9182958340544894,1.584962500721156,1.0,1,1
3.0,0.9182958340544894,1.584962500721156,1.0,1,1
3.0,0.9182958340544894,1.584962500721156,1.0,1,1
3.0,0.9182958340544894,1.584962500721156,1.0,1,1
3.0,0.9182958340544894,1.584962500721156,1.0,1,1
6.0,1.584962500721156,1.9182958340544896,1.0,1,1
3.0,0.9182958340544894,1.584962500721156,1.0,1,1
3.0,0.9182958340544894,1.584962500721156,1.0,1,1
12.0,1.9182958340544896,2.251629167387823,1.0,1,1
6.0,1.584962500721156,1.9182958340544896,1.0,1,1
13.0,0.0,0.0,0.0,1,1
3.0,0.9182958340544894,1.584962500721156,1.0,1,1
3.0,0.9182958340544894,1.584962500721156,1.0,1,1
3.0,0.9182958340544894,1.584962500721156,1.0,1,1
1.0,0.0,0.0,0.0,1,1
3.0,0.9182958340544894,1.584962500721156,1.0,1,1
3.0,0.9182958340544894,1.584962500721156,1.0,1,1
13.0,0.0,0.0,0.0,1,1
4.0,0.0,0.0,0.0,1,1
1.0,0.0,0.0,0.0,1,1
2.0,0.0,0.0,0.0,1,1
3.0,0.9182958340544894,1.584962500721156,1.0,1,1
1.0,0.0,0.0,0.0,1,1
1.0,0.0,0.0,0.0,1,1
3.0,0.0,1.0,1.0,1,1
4.0,0.0,0.0,4.247927513443585,1,1
7.0,1.5219280948873626,1.9219280948873625,1.0,1,1
3.0,0.0,1.0,1.0,1,1
1.0,0.0,0.0,0.0,1,1
1.0,0.0,0.0,0.0,1,1
4.0,0.0,1.0,0.0,1,1
3.0,0.0,0.0,0.0,1,1
16.0,2.807354922057605,2.521640636343319,3.321928094887362,1,1
2.0,1.0,1.0,1.0,1,1
2.0,0.0,0.0,0.0,1,1
1.0,0.0,0.0,0.0,1,1
28.0,2.75,2.5,4.201841232302569,1,1
1.0,0.0,0.0,0.0,1,1
1.0,0.0,0.0,0.0,1,1
3.0,0.9182958340544894,1.584962500721156,1.0,1,1
1.0,0.0,0.0,0.0,1,1
3.0,0.9182958340544894,1.584962500721156,1.0,1,1
2.0,0.0,1.0,1.0,1,1
1.0,0.0,0.0,0.0,1,1
7.0,1.584962500721156,1.9182958340544896,1.0,1,1
3.0,0.9182958340544894,1.584962500721156,1.0,1,1
3.0,0.0,0.0,4.247927513443585,1,1
4.0,0.8112781244591328,2.0,0.9182958340544894,1,1
3.0,0.0,0.0,0.0,1,1
2.0,0.0,1.0,1.0,1,1
2.0,0.0,0.0,0.0,1,1
3.0,0.0,0.0,0.0,1,1
1.0,0.0,0.0,0.0,1,1
1.0,0.0,0.0,0.0,1,1
1.0,0.0,0.0,0.0,1,1
18.0,1.7924812503605785,1.7924812503605785,1.0,1,1
2.0,0.0,0.0,0.0,1,1
2.0,0.0,1.0,1.0,1,1
4.0,1.0,1.0,1.0,1,1
4.0,1.0,1.0,1.0,1,1
2.0,0.0,0.0,0.0,1,1
4.0,0.9182958340544894,1.584962500721156,1.0,1,1
17.0,0.7219280948873623,2.321928094887362,1.0,1,1
1.0,0.0,0.0,0.0,1,1
1.0,0.0,0.0,0.0,1,1
4.0,0.9182958340544894,1.584962500721156,1.0,1,1
2.0,0.0,0.0,0.0,1,1
22.0,3.54659356429494,3.700439718141093,0.0,1,1
1.0,0.0,0.0,0.0,1,1
3.0,0.9182958340544894,1.584962500721156,1.0,1,1
27.0,4.321928094887362,4.0841837197791895,4.247927513443585,1,1
1.0,0.0,0.0,0.0,1,1
2.0,0.0,1.0,1.0,1,1
1.0,0.0,0.0,0.0,1,1
1.0,0.0,0.0,0.0,1,1
24.0,4.0,3.625,0.0,1,1
1.0,0.0,0.0,0.0,1,1
3.0,1.0,1.0,4.247927513443585,1,1
8.0,1.459147917027245,2.251629167387823,1.811278124459133,1,1
2.0,0.0,0.0,0.0,1,1
12.0,2.321928094887362,2.4464393446710155,1.0,1,1
2.0,0.0,0.0,0.0,1,1
1.0,0.0,0.0,0.0,1,1
3.0,0.0,1.0,1.0,1,1
4.0,1.0,1.0,1.0,1,1
7.0,1.9182958340544896,2.251629167387823,1.5219280948873626,1,1
42.0,3.6087321326914346,3.173895534152188,0.9990102708804812,1,1
15.0,3.0,3.0,0.0,1,1
1.0,0.0,0.0,0.0,1,1
1.0,0.0,0.0,0.0,1,1
1.0,0.0,0.0,0.0,1,1
2.0,0.0,0.0,0.0,1,1
1.0,0.0,0.0,0.0,1,1
4.0,1.0,1.0,1.0,1,1
12.0,1.5,2.0,1.0,1,1
6.0,2.0,2.0,0.0,1,1
2.0,0.0,0.0,0.0,1,1
3.0,0.0,0.0,1.0,1,1
1.0,0.0,0.0,0.0,1,1
6.0,1.5,2.0,4.277613436819116,1,1
4.0,0.0,0.0,4.247927513443585,1,1
3.0,0.9182958340544894,1.584962500721156,1.0,1,1
7.0,1.584962500721156,1.9182958340544896,1.0,1,1
4.0,1.0,1.0,1.0,1,1
2.0,0.0,0.0,0.0,1,1
21.0,2.1280852788913944,2.521640636343319,4.261842390463366,1,1
3.0,1.0,1.0,1.0,1,1
2.0,0.0,0.0,1.0,1,1
3.0,0.9182958340544894,1.584962500721156,1.0,1,1
1.0,0.0,0.0,0.0,1,1
1.0,0.0,0.0,0.0,1,1
3.0,0.0,0.0,4.247927513443585,1,1
1.0,0.0,0.0,0.0,1,1
1.0,0.0,0.0,0.0,1,1
4.0,0.0,1.0,1.0,1,1
4.0,0.0,0.0,0.0,1,1
2.0,0.0,0.0,0.0,1,1
50.0,3.255241213487393,2.7873487264777927,1.0,1,1
3.0,0.0,0.0,1.0,1,1
1.0,0.0,0.0,0.0,1,1
1.0,0.0,0.0,0.0,1,1
5.0,0.9182958340544894,1.584962500721156,1.0,1,1
2.0,0.0,0.0,0.0,1,1
1.0,0.0,0.0,0.0,1,1
3.0,0.0,0.0,4.247927513443585,1,1
3.0,0.9182958340544894,1.584962500721156,1.0,1,1
4.0,0.0,1.0,0.0,1,1
2.0,0.0,0.0,0.0,1,1
6.0,1.584962500721156,1.9182958340544896,1.0,1,1
3.0,0.9182958340544894,1.584962500721156,1.0,1,1
65.0,5.379753126795121,4.861970277806972,4.300559092390953,1,1
1.0,0.0,0.0,0.0,1,1
3.0,0.9182958340544894,1.584962500721156,1.0,1,1
2.0,0.0,0.0,0.0,1,1
2.0,0.0,0.0,0.0,1,1
2.0,0.0,0.0,0.0,1,1
4.0,0.0,0.0,4.321928094887362,1,1
3.0,1.0,1.0,1.0,1,1
33.0,4.501629167387825,4.251629167387824,1.0,1,1
4.0,0.9182958340544894,1.584962500721156,1.0,1,1
10.0,1.561278124459133,2.1556390622295667,1.0,1,1
3.0,0.0,1.0,1.0,1,1
3.0,0.0,0.0,0.0,1,1
3.0,0.9182958340544894,1.584962500721156,1.0,1,1
4.0,0.9182958340544894,1.584962500721156,1.0,1,1
3.0,0.0,0.0,4.321928094887362,1,1
2.0,0.0,0.0,4.247927513443585,1,1
4.0,0.0,0.0,0.0,1,1
1.0,0.0,0.0,0.0,1,1
1.0,0.0,0.0,0.0,1,1
2.0,0.0,0.0,0.0,1,1
6.0,1.5,2.0,4.201841232302569,1,1
8.0,0.8112781244591328,2.0,4.201841232302569,1,1
1.0,0.0,0.0,0.0,1,1
1.0,0.0,0.0,0.0,1,1
3.0,0.0,0.0,4.247927513443585,1,1
12.0,2.0,2.0,0.0,1,1
5.0,0.0,0.0,3.807354922057604,1,1
2.0,0.0,0.0,0.0,1,1
1.0,0.0,0.0,0.0,1,1
2.0,0.0,0.0,0.0,1,1
3.0,0.0,0.0,0.0,1,1
2.0,0.0,0.0,0.0,1,1
2.0,0.0,0.0,0.0,1,1
1.0,0.0,0.0,0.0,1,1
3.0,0.0,1.0,1.0,1,1
4.0,0.0,1.0,1.0,1,1
4.0,0.9182958340544894,1.584962500721156,1.0,1,1
6.0,1.584962500721156,1.9182958340544896,1.0,1,1
3.0,0.9182958340544894,1.584962500721156,1.0,1,1
2.0,0.0,0.0,0.0,1,1
58.0,3.5841600771843285,3.1858309104375326,4.129696664956762,1,1
2.0,0.0,0.0,0.0,1,1
1.0,0.0,0.0,0.0,1,1
2.0,0.0,0.0,0.0,1,1
1.0,0.0,0.0,0.0,1,1
3.0,1.0,1.0,1.0,1,1
1.0,0.0,0.0,0.0,1,1
1.0,0.0,0.0,0.0,1,1
1.0,0.0,0.0,0.0,1,1
7.0,1.5219280948873626,1.9219280948873625,1.0,1,1
3.0,0.9182958340544894,1.584962500721156,1.0,1,1
2.0,0.0,0.0,0.0,1,1
2.0,0.0,0.0,1.0,1,1
1.0,0.0,0.0,0.0,1,1
5.0,0.9182958340544894,1.584962500721156,1.0,1,1
1.0,0.0,0.0,0.0,1,1
6.0,1.5219280948873626,1.9219280948873625,1.0,1,1
3.0,0.9182958340544894,1.584962500721156,1.0,1,1
7.0,1.5219280948873626,1.9219280948873625,1.0,1,1
2.0,0.0,0.0,0.0,1,1
4.0,0.9182958340544894,1.584962500721156,1.0,1,1
3.0,0.0,1.0,1.0,1,1
4.0,0.9182958340544894,1.584962500721156,1.0,1,1
4.0,0.0,1.0,1.0,1,1
6.0,1.5,2.0,4.277613436819116,1,1
2.0,0.0,0.0,0.0,1,1
6.0,1.584962500721156,1.9182958340544896,1.0,1,1
3.0,0.9182958340544894,1.584962500721156,1.0,1,1
2.0,0.0,0.0,0.0,1,1
1.0,0.0,0.0,0.0,1,1
30.0,4.906890595608518,4.323231428797621,0.0,1,1
4.0,0.0,0.0,0.0,1,1
2.0,0.0,0.0,0.0,1,1
3.0,0.9182958340544894,1.584962500721156,1.0,1,1
9.0,1.5304930567574826,2.113283334294875,1.0,1,1
3.0,0.9182958340544894,1.584962500721156,1.0,1,1
2.0,0.0,0.0,0.0,1,1
3.0,0.0,1.0,1.0,1,1
2.0,0.0,0.0,0.0,1,1
2.0,0.0,0.0,0.0,1,1
1.0,0.0,0.0,0.0,1,1
3.0,0.9182958340544894,1.584962500721156,1.0,1,1
3.0,0.9182958340544894,1.584962500721156,1.0,1,1
3.0,0.0,0.0,4.321928094887362,1,1
77.0,3.997799475408132,3.216332000513659,0.0,1,1
3.0,0.0,0.0,0.0,1,1
1.0,0.0,0.0,0.0,1,1
3.0,0.9182958340544894,1.584962500721156,1.0,1,1
28.0,4.807354922057605,4.566108939837479,0.0,1,1
3.0,0.9182958340544894,1.584962500721156,1.0,1,1
3.0,0.9182958340544894,1.584962500721156,1.0,1,1
3.0,0.9182958340544894,1.584962500721156,1.0,1,1
3.0,0.9182958340544894,1.584962500721156,1.0,1,1
36.0,4.926733681937772,4.62521276604129,1.0,1,1
1.0,0.0,0.0,0.0,1,1
30.0,4.906890595608518,4.519902579793958,0.0,1,1
3.0,0.9182958340544894,1.584962500721156,1.0,1,1
1.0,0.0,0.0,0.0,1,1
1.0,0.0,0.0,0.0,1,1
1.0,0.0,0.0,0.0,1,1
1.0,0.0,0.0,0.0,1,1
3.0,0.0,0.0,0.0,1,1
2.0,0.0,0.0,0.0,1,1
3.0,0.9182958340544894,1.584962500721156,1.0,1,1
1.0,0.0,0.0,0.0,1,1
2.0,0.0,0.0,0.0,1,1
3.0,0.0,0.0,4.247927513443585,1,1
2.0,0.0,0.0,0.0,1,1
1.0,0.0,0.0,0.0,1,1
3.0,0.9182958340544894,1.584962500721156,1.0,1,1
2.0,1.0,1.0,0.0,1,1
1.0,0.0,0.0,0.0,1,1
3.0,0.0,1.0,3.0,1,1
1.0,0.0,0.0,0.0,1,1
1.0,0.0,1.0,3.0,1,1
1.0,0.0,0.0,0.0,1,1
6.0,0.9182958340544894,1.584962500721156,1.0,1,1
3.0,0.9182958340544894,1.584962500721156,1.0,1,1
15.0,1.3995812306460644,2.358938532350277,1.0,1,1
3.0,0.9182958340544894,1.584962500721156,1.0,1,1
1.0,0.0,0.0,0.0,1,1
1.0,0.0,0.0,0.0,1,1
1.0,0.0,0.0,0.0,1,1
1.0,0.0,0.0,0.0,1,1
4.0,0.0,1.0,0.0,1,1
2.0,0.0,0.0,0.0,1,1
1.0,0.0,0.0,0.0,1,1
2.0,0.0,0.0,0.0,1,1
3.0,0.0,1.0,0.0,1,1
2.0,0.0,0.0,0.0,1,1
1.0,0.0,0.0,0.0,1,1
2.0,0.0,0.0,0.0,1,1
3.0,0.0,0.0,4.321928094887362,1,1
1.0,0.0,0.0,0.0,1,1
2.0,0.0,0.0,0.0,1,1
4.0,0.0,0.0,0.0,1,1
2.0,0.0,0.0,0.0,1,1
3.0,0.9182958340544894,1.584962500721156,1.0,1,1
3.0,0.9182958340544894,1.584962500721156,1.0,1,1
6.0,1.584962500721156,1.9182958340544896,1.0,1,1
3.0,0.9182958340544894,1.584962500721156,1.0,1,1
3.0,0.9182958340544894,1.584962500721156,1.0,1,1
3.0,0.9182958340544894,1.584962500721156,1.0,1,1
3.0,0.9182958340544894,1.584962500721156,1.0,1,1
2.0,0.0,0.0,0.0,1,1
3.0,0.9182958340544894,1.584962500721156,1.0,1,1
1.0,0.0,0.0,0.0,1,1
20.0,0.0,0.0,0.0,1,1
33.0,4.983788058752394,4.631980771648248,1.0,1,1
6.0,1.584962500721156,1.9182958340544896,1.0,1,1
1.0,0.0,0.0,0.0,1,1
1.0,0.0,0.0,0.0,1,1
3.0,0.9182958340544894,1.584962500721156,1.0,1,1
6.0,1.584962500721156,1.9182958340544896,1.0,1,1
1.0,0.0,0.0,0.0,1,1
3.0,0.9182958340544894,1.584962500721156,1.0,1,1
12.0,0.0,0.0,0.0,1,1
6.0,1.584962500721156,1.9182958340544896,1.0,1,1
190.0,6.267270072219639,6.368276116340962,0.0,1,1
6.0,0.0,0.0,0.0,1,1
6.0,0.0,0.0,0.0,1,1
1.0,0.0,0.0,0.0,1,1
6.0,0.9182958340544894,1.9182958340544896,1.0,1,1
13.0,1.950825794518089,3.584962500721157,0.0,1,1
3.0,0.9182958340544894,1.584962500721156,1.0,1,1
1.0,0.0,0.0,0.0,1,1
4.0,0.9182958340544894,1.584962500721156,0.0,1,1
6.0,1.584962500721156,1.9182958340544896,1.0,1,1
2.0,0.0,0.0,0.0,1,1
10.0,1.8799649487271115,3.1699250014423126,0.0,1,1
3.0,0.9182958340544894,1.584962500721156,1.0,1,1
240.0,3.47464840933216,4.953213053667203,0.0,1,1
12.0,2.40400975732486,3.277613436819116,0.0,1,1
1.0,0.0,0.0,0.0,1,1
36.0,4.400432302535626,4.536286231168868,0.0,1,1
3.0,0.9182958340544894,1.584962500721156,1.0,1,1
3.0,0.9182958340544894,1.584962500721156,1.0,1,1
54.0,4.13899593742047,5.191951172363826,0.0,1,1
30.0,4.773557262275185,3.955913095175824,0.0,1,1
3.0,0.9182958340544894,1.584962500721156,1.0,1,1
1.0,0.0,0.0,0.0,1,1
3.0,0.9182958340544894,1.584962500721156,1.0,1,1
3.0,0.9182958340544894,1.584962500721156,1.0,1,1
3.0,0.9182958340544894,1.584962500721156,1.0,1,1
33.0,4.983788058752394,4.317121392085727,1.0,1,1
3.0,0.9182958340544894,1.584962500721156,1.0,1,1
30.0,4.906890595608518,4.389898095464288,0.0,1,1
2.0,1.0,1.0,0.0,1,1
27.0,4.208410187268527,3.570659041013948,4.249460279921617,1,1
9.0,1.5304930567574826,2.113283334294875,1.0,1,1
3.0,0.9182958340544894,1.584962500721156,1.0,1,1
6.0,0.8112781244591328,2.0,0.0,1,1
1.0,0.0,0.0,0.0,1,1
1.0,0.0,0.0,0.0,1,1
3.0,0.9182958340544894,1.584962500721156,1.0,1,1
3.0,0.9182958340544894,1.584962500721156,1.0,1,1
6.0,1.584962500721156,1.9182958340544896,1.0,1,1
1.0,0.0,0.0,0.0,1,1
3.0,0.9182958340544894,1.584962500721156,1.0,1,1
3.0,0.9182958340544894,1.584962500721156,1.0,1,1
3.0,0.9182958340544894,1.584962500721156,1.0,1,1
6.0,1.584962500721156,1.9182958340544896,1.0,1,1
30.0,4.840223928941851,4.251841113795077,0.0,1,1
3.0,0.9182958340544894,1.584962500721156,1.0,1,1
4.0,0.0,0.0,0.0,1,1
6.0,1.0,1.0,0.0,1,1
13.0,0.0,0.0,0.0,1,1
3.0,0.9182958340544894,1.584962500721156,1.0,1,1
200.0,0.0,7.63662462054365,0.0,1,1
3.0,0.9182958340544894,1.584962500721156,1.0,1,1
6.0,0.9182958340544894,1.9182958340544896,1.0,1,1
6.0,1.584962500721156,1.9182958340544896,1.0,1,1
3.0,0.9182958340544894,1.584962500721156,1.0,1,1
62.0,3.4532503422262035,4.076043536614706,1.0,1,1
17.0,3.452819531114783,4.0,0.0,1,1
2.0,0.0,0.0,0.0,1,1
13.0,0.0,0.0,0.0,1,1
1.0,0.0,0.0,0.0,1,1
1.0,0.0,0.0,0.0,1,1
1.0,0.0,0.0,0.0,1,1
1.0,0.0,0.0,0.0,1,1
1.0,0.0,0.0,0.0,1,1
1.0,0.0,0.0,0.0,1,1
1.0,0.0,0.0,0.0,1,1
1.0,0.0,0.0,0.0,1,1
1.0,0.0,0.0,0.0,1,1
1.0,0.0,0.0,0.0,1,1
1.0,0.0,0.0,0.0,1,1
1.0,0.0,0.0,0.0,1,1
1.0,0.0,0.0,0.0,1,1
2.0,0.0,0.0,0.0,1,1
1.0,0.0,0.0,0.0,1,1
1.0,0.0,0.0,0.0,1,1
2.0,0.0,0.0,0.0,1,1
1.0,0.0,0.0,0.0,1,1
1.0,0.0,0.0,0.0,1,1
4.0,0.0,0.0,0.0,1,1
3.0,0.0,0.0,0.0,1,1
1.0,0.0,0.0,0.0,1,1
2.0,0.0,0.0,0.0,1,1
1.0,0.0,0.0,0.0,1,1
1.0,0.0,0.0,0.0,1,1
1.0,0.0,0.0,0.0,1,1
1.0,0.0,0.0,0.0,1,1
1.0,0.0,0.0,0.0,1,1
1.0,0.0,0.0,0.0,1,1
2.0,0.0,0.0,0.0,1,1
2.0,0.0,0.0,0.0,1,1
1.0,0.0,0.0,0.0,1,1
2.0,0.0,0.0,0.0,1,1
2.0,0.0,0.0,0.0,1,1
1.0,0.0,0.0,0.0,1,1
1.0,0.0,0.0,0.0,1,1
1.0,0.0,0.0,0.0,1,1
1.0,0.0,0.0,0.0,1,1
2.0,0.0,0.0,0.0,1,1
2.0,0.0,0.0,0.0,1,1
1.0,0.0,0.0,0.0,1,1
2.0,0.0,0.0,0.0,1,1
1.0,0.0,0.0,0.0,1,1
1.0,0.0,0.0,0.0,1,1
1.0,0.0,0.0,0.0,1,1
1.0,0.0,0.0,0.0,1,1
3.0,0.9182958340544894,1.584962500721156,1.0,1,1
2.0,0.0,0.0,0.0,1,1
6.0,1.584962500721156,1.9182958340544896,1.0,1,1
1.0,0.0,0.0,0.0,1,1
3.0,0.9182958340544894,1.584962500721156,1.0,1,1
3.0,0.9182958340544894,1.584962500721156,1.0,1,1
18.0,0.0,0.0,0.0,1,1
16.0,0.0,0.0,0.0,1,1
3.0,0.9182958340544894,1.584962500721156,1.0,1,1
3.0,0.9182958340544894,1.584962500721156,1.0,1,1
3.0,0.9182958340544894,1.584962500721156,1.0,1,1
6.0,1.584962500721156,1.9182958340544896,1.0,1,1
4.0,0.0,1.0,1.584962500721156,1,1
6.0,1.584962500721156,1.9182958340544896,1.0,1,1
6.0,1.584962500721156,1.9182958340544896,1.0,1,1
3.0,0.9182958340544894,1.584962500721156,1.0,1,1
1.0,0.0,0.0,0.0,1,1
1.0,0.0,0.0,0.0,1,1
1.0,0.0,0.0,0.0,1,1
1.0,0.0,0.0,0.0,1,1
3.0,0.9182958340544894,1.584962500721156,1.0,1,1
1.0,0.0,0.0,0.0,1,1
1.0,0.0,0.0,0.0,1,1
1.0,0.0,0.0,0.0,1,1
1.0,0.0,0.0,0.0,1,1
1.0,0.0,0.0,0.0,1,1
16.0,0.0,0.0,0.0,1,1
3.0,0.9182958340544894,1.584962500721156,1.0,1,1
3.0,0.9182958340544894,1.584962500721156,1.0,1,1
6.0,1.584962500721156,1.9182958340544896,1.0,1,1
27.0,3.54659356429494,3.3346791410515952,0.0,1,1
27.0,1.584962500721156,0.9182958340544894,0.0,1,1
2.0,0.0,0.0,1.0,1,1
6.0,0.8112781244591328,2.0,4.201841232302569,1,1
2.0,0.0,0.0,4.321928094887362,1,1
6.0,1.584962500721156,1.9182958340544896,1.0,1,1
4.0,0.0,0.0,4.321928094887362,1,1
3.0,0.0,0.0,4.321928094887362,1,1
3.0,0.9182958340544894,1.584962500721156,1.0,1,1
1.0,0.0,0.0,0.0,1,1
2.0,1.0,1.0,1.0,1,1
3.0,0.9182958340544894,1.584962500721156,1.0,1,1
3.0,0.9182958340544894,1.584962500721156,1.0,1,1
16.0,4.0,3.875,0.0,1,1
3.0,0.9182958340544894,1.584962500721156,1.0,1,1
1.0,0.0,0.0,4.321928094887362,1,1
13.0,3.700439718141093,3.54659356429494,0.0,1,1
3.0,0.9182958340544894,1.584962500721156,1.0,1,1
3.0,0.9182958340544894,1.584962500721156,1.0,1,1
3.0,0.9182958340544894,1.584962500721156,1.0,1,1
30.0,4.906890595608518,4.453235913127291,0.0,1,1
3.0,0.9182958340544894,1.584962500721156,1.0,1,1
3.0,0.9182958340544894,1.584962500721156,1.0,1,1
3.0,0.9182958340544894,1.584962500721156,1.0,1,1
4.0,0.0,0.0,0.0,1,1
6.0,1.584962500721156,1.9182958340544896,1.0,1,1
3.0,0.9182958340544894,1.584962500721156,1.0,1,1
3.0,0.9182958340544894,1.584962500721156,1.0,1,1
3.0,0.9182958340544894,1.584962500721156,1.0,1,1
3.0,0.9182958340544894,1.584962500721156,1.0,1,1
4.0,0.0,0.0,0.0,1,1
3.0,0.9182958340544894,1.584962500721156,1.0,1,1
3.0,0.0,0.0,0.0,1,1
3.0,0.9182958340544894,1.584962500721156,1.0,1,1
3.0,0.0,0.0,0.0,1,1
3.0,0.9182958340544894,1.584962500721156,1.0,1,1
3.0,0.9182958340544894,1.584962500721156,1.0,1,1
3.0,0.9182958340544894,1.584962500721156,1.0,1,1
9.0,1.5304930567574826,2.113283334294875,1.0,1,1
2.0,0.0,0.0,0.0,1,1
30.0,4.906890595608518,4.256564762130954,0.0,1,1
2.0,0.0,1.0,0.0,1,1
1.0,0.0,0.0,0.0,1,1
4.0,0.9182958340544894,0.9182958340544894,3.095795255000934,1,1
1.0,0.0,0.0,0.0,1,1
1.0,0.0,0.0,0.0,1,1
1.0,0.0,0.0,0.0,1,1
36.0,4.297079327540664,4.297079327540664,1.0,1,1
3.0,0.9182958340544894,1.584962500721156,1.0,1,1
3.0,0.9182958340544894,1.584962500721156,1.0,1,1
30.0,4.906890595608518,4.251841113795077,0.0,1,1
1.0,0.0,0.0,0.0,1,1
3.0,0.9182958340544894,1.584962500721156,1.0,1,1
2.0,0.0,0.0,0.0,1,1
1.0,0.0,0.0,0.0,1,1
2.0,0.0,0.0,0.0,1,1
2.0,0.0,0.0,0.0,1,1
2.0,0.0,0.0,0.0,1,1
4.0,0.0,0.0,0.0,1,1
3.0,0.9182958340544894,1.584962500721156,1.0,1,1
3.0,0.9182958340544894,1.584962500721156,1.0,1,1
3.0,0.9182958340544894,1.584962500721156,1.0,1,1
1.0,0.0,0.0,0.0,1,1
6.0,1.5219280948873626,1.9219280948873625,1.0,1,1
3.0,1.0,1.0,4.247927513443585,1,1
3.0,0.9182958340544894,1.584962500721156,1.0,1,1
2.0,0.0,0.0,0.0,1,1
3.0,0.9182958340544894,1.584962500721156,1.0,1,1
30.0,4.906890595608518,4.453235913127291,0.0,1,1
33.0,4.983788058752394,4.692586832254308,1.0,1,1
2.0,1.0,1.0,0.0,1,1
5.0,0.0,0.0,0.0,1,1
1.0,0.0,0.0,0.0,1,1
2.0,0.0,0.0,0.0,1,1
1.0,0.0,0.0,0.0,1,1
6.0,1.584962500721156,1.9182958340544896,1.0,1,1
1.0,0.0,0.0,0.0,1,1
3.0,0.9182958340544894,1.584962500721156,1.0,1,1
9.0,0.9182958340544894,2.113283334294875,1.0,1,1
3.0,0.9182958340544894,1.584962500721156,1.0,1,1
3.0,0.9182958340544894,1.584962500721156,1.0,1,1
9.0,1.974937501201927,2.113283334294875,1.0,1,1
33.0,4.983788058752394,4.801969876934211,1.0,1,1
2.0,0.0,0.0,1.0,1,1
5.0,0.0,0.0,0.0,1,1
3.0,0.0,0.0,0.0,1,1
4.0,0.0,0.0,0.0,1,1
4.0,0.9182958340544894,1.584962500721156,1.0,1,1
2.0,0.0,0.0,0.0,1,1
3.0,0.9182958340544894,1.584962500721156,1.0,1,1
3.0,0.9182958340544894,1.584962500721156,1.0,1,1
3.0,0.9182958340544894,1.584962500721156,1.0,1,1
2.0,0.0,0.0,0.0,1,1
3.0,0.9182958340544894,1.584962500721156,1.0,1,1
3.0,0.9182958340544894,1.584962500721156,1.0,1,1
6.0,1.584962500721156,1.9182958340544896,1.0,1,1
1.0,0.0,0.0,0.0,1,1
1.0,0.0,0.0,0.0,1,1
1.0,0.0,0.0,0.0,1,1
3.0,0.9182958340544894,1.584962500721156,1.0,1,1
33.0,4.983788058752394,4.801969876934211,1.0,1,1
6.0,0.9182958340544894,1.9182958340544896,1.0,1,1
1.0,0.0,0.0,0.0,1,1
3.0,0.9182958340544894,1.584962500721156,1.0,1,1
1.0,0.0,0.0,0.0,1,1
3.0,0.9182958340544894,1.584962500721156,1.0,1,1
6.0,0.9182958340544894,1.9182958340544896,1.0,1,1
6.0,1.584962500721156,1.9182958340544896,1.0,1,1
3.0,0.9182958340544894,1.584962500721156,1.0,1,1
3.0,0.9182958340544894,1.584962500721156,1.0,1,1
1.0,0.0,0.0,0.0,1,1
30.0,4.906890595608518,4.640223928941852,0.0,1,1
13.0,0.0,0.0,0.0,1,1
1.0,0.0,1.0,2.321928094887362,1,1
12.0,0.9182958340544894,2.251629167387823,1.0,1,1
3.0,0.9182958340544894,1.584962500721156,1.0,1,1
12.0,0.0,0.0,0.0,1,1
3.0,0.9182958340544894,1.584962500721156,1.0,1,1
9.0,1.5304930567574826,2.113283334294875,1.0,1,1
3.0,0.9182958340544894,1.584962500721156,1.0,1,1
3.0,0.9182958340544894,1.584962500721156,1.0,1,1
3.0,0.9182958340544894,1.584962500721156,1.0,1,1
6.0,1.584962500721156,1.9182958340544896,1.0,1,1
33.0,4.983788058752394,4.983788058752394,1.0,1,1
3.0,0.9182958340544894,1.584962500721156,1.0,1,1
3.0,0.9182958340544894,1.584962500721156,1.0,1,1
6.0,0.9182958340544894,1.9182958340544896,1.0,1,1
2.0,0.0,0.0,1.0,1,1
39.0,0.8112781244591328,2.0,0.0,1,1
3.0,0.9182958340544894,1.584962500721156,1.0,1,1
4.0,0.0,0.0,0.0,1,1
3.0,0.9182958340544894,1.584962500721156,1.0,1,1
1.0,0.0,0.0,0.0,1,1
36.0,3.1112268364852373,3.8218881955261774,4.179004890682849,1,1
13.0,0.0,0.0,0.0,1,1
1.0,0.0,0.0,0.0,1,1
1.0,0.0,0.0,0.0,1,1
602.0,7.894702654766832,7.908526297641124,0.0,1,2
3.0,0.9182958340544894,1.584962500721156,1.0,1,1
3.0,0.9182958340544894,1.584962500721156,1.0,1,1
3.0,0.9182958340544894,1.584962500721156,1.0,1,1
8.0,2.807354922057605,2.807354922057605,0.0,1,1
725.0,0.662481967707974,9.1004964221103,1.0,1,2
3.0,0.9182958340544894,1.584962500721156,1.0,1,1
2.0,0.0,0.0,0.0,1,1
1.0,0.0,0.0,0.0,1,1
10.0,0.5032583347756457,3.1699250014423126,0.0,1,1
3.0,0.9182958340544894,1.584962500721156,1.0,1,1
1.0,0.0,0.0,0.0,1,1
13.0,3.084962500721156,3.41829583405449,0.0,1,1
3.0,1.0,1.0,0.0,1,1
9.0,1.974937501201927,2.113283334294875,1.0,1,1
53.0,4.371220189703328,0.0,0.0,1,1
3.0,0.9182958340544894,1.584962500721156,1.0,1,1
3.0,0.9182958340544894,1.584962500721156,1.0,1,1
3.0,0.9182958340544894,1.584962500721156,1.0,1,1
3.0,0.9182958340544894,1.584962500721156,1.0,1,1
1.0,0.0,0.0,0.0,1,1
3.0,0.9182958340544894,1.584962500721156,1.0,1,1
2.0,0.0,0.0,0.0,1,1
3.0,0.9182958340544894,1.584962500721156,1.0,1,1
3.0,0.9182958340544894,1.584962500721156,1.0,1,1
3.0,0.9182958340544894,1.584962500721156,1.0,1,1
9.0,2.4056390622295667,2.75,0.0,1,1
6.0,1.7924812503605785,2.584962500721156,0.0,1,1
4.0,2.0,2.0,0.0,1,1
13.0,2.550340709546388,2.550340709546388,0.0,1,1
11.0,2.3709505944546687,2.8464393446710154,0.0,1,1
3.0,0.9182958340544894,1.584962500721156,1.0,1,1
3.0,0.9182958340544894,1.584962500721156,1.0,1,1
3.0,0.9182958340544894,1.584962500721156,1.0,1,1
11.0,3.321928094887362,3.321928094887362,0.0,1,1
26.0,3.353269689515108,3.483074189428568,0.0,1,1
11.0,1.2406705316766884,2.16264411804726,0.0,1,1
22.0,2.927798970294786,0.0,0.0,1,1
6.0,1.2516291673878228,1.2516291673878228,0.0,1,1
2.0,1.0,1.0,0.0,1,1
3.0,0.9182958340544894,1.584962500721156,1.0,1,1
6.0,1.584962500721156,1.9182958340544896,1.0,1,1
3.0,0.9182958340544894,1.584962500721156,1.0,1,1
9.0,1.974937501201927,2.113283334294875,1.0,1,1
6.0,1.584962500721156,1.9182958340544896,1.0,1,1
3.0,0.9182958340544894,1.584962500721156,1.0,1,1
3.0,0.9182958340544894,1.584962500721156,1.0,1,1
6.0,1.584962500721156,1.9182958340544896,1.0,1,1
3.0,0.9182958340544894,1.584962500721156,1.0,1,1
191.0,7.496171397804631,7.506697713594105,0.0,1,1
3.0,0.9182958340544894,1.584962500721156,1.0,1,1
2.0,0.0,0.0,0.0,1,1
6.0,1.584962500721156,1.9182958340544896,1.0,1,1
3.0,0.9182958340544894,1.584962500721156,1.0,1,1
1.0,0.0,0.0,0.0,1,1
3.0,0.9182958340544894,1.584962500721156,1.0,1,1
3.0,0.9182958340544894,1.584962500721156,1.0,1,1
3.0,0.0,0.0,0.0,1,1
1.0,0.0,0.0,0.0,1,1
1.0,0.0,0.0,0.0,1,1
2.0,0.0,0.0,0.0,1,1
1.0,0.0,0.0,0.0,1,1
1.0,0.0,0.0,0.0,1,1
1.0,0.0,0.0,0.0,1,1
1.0,0.0,0.0,0.0,1,1
1.0,0.0,0.0,0.0,1,1
3.0,0.9182958340544894,1.584962500721156,1.0,1,1
3.0,0.9182958340544894,1.584962500721156,1.0,1,1
3.0,0.9182958340544894,1.584962500721156,1.0,1,1
1.0,0.0,0.0,0.0,1,1
3.0,0.9182958340544894,1.584962500721156,1.0,1,1
9.0,1.974937501201927,2.113283334294875,1.0,1,1
3.0,0.9182958340544894,1.584962500721156,1.0,1,1
1.0,0.0,0.0,0.0,1,1
3.0,0.9182958340544894,1.584962500721156,1.0,1,1
4.0,0.9182958340544894,1.584962500721156,1.0,1,1
1.0,0.0,0.0,0.0,1,1
1.0,0.0,0.0,0.0,1,1
3.0,0.9182958340544894,1.584962500721156,1.0,1,1
1.0,0.0,0.0,0.0,1,1
3.0,0.9182958340544894,1.584962500721156,1.0,1,1
3.0,0.9182958340544894,1.584962500721156,1.0,1,1
6.0,0.9182958340544894,1.9182958340544896,1.0,1,1
3.0,0.0,1.0,1.0,1,1
9.0,1.9219280948873625,2.321928094887362,4.188721875540868,1,1
1.0,0.0,0.0,0.0,1,1
3.0,0.9182958340544894,1.584962500721156,1.0,1,1
1.0,0.0,1.0,3.0,1,1
3.0,0.9182958340544894,1.584962500721156,1.0,1,1
1.0,0.0,0.0,0.0,1,1
59.0,0.0,0.0,0.0,1,1
1.0,0.0,0.0,0.0,1,1
3.0,0.9182958340544894,1.584962500721156,1.0,1,1
41.0,5.321928094887363,5.321928094887363,0.0,1,1
52.0,5.672425341971495,5.672425341971495,0.0,1,1
30.0,4.906890595608518,4.706890595608519,0.0,1,1
2.0,0.0,0.0,0.0,1,1
2.0,0.0,0.0,0.0,1,1
3.0,0.9182958340544894,1.584962500721156,1.0,1,1
30.0,4.906890595608518,4.681727678869736,0.0,1,1
1.0,0.0,0.0,0.0,1,1
6.0,0.9182958340544894,1.9182958340544896,1.0,1,1
3.0,0.9182958340544894,1.584962500721156,1.0,1,1
6.0,0.9182958340544894,1.9182958340544896,1.0,1,1
6.0,1.584962500721156,1.9182958340544896,1.0,1,1
3.0,0.9182958340544894,1.584962500721156,1.0,1,1
3.0,0.9182958340544894,1.584962500721156,1.0,1,1
3.0,0.9182958340544894,1.584962500721156,1.0,1,1
13.0,0.0,0.0,0.0,1,1
1.0,0.0,0.0,0.0,1,1
13.0,0.0,0.0,0.0,1,1
1.0,0.0,0.0,0.0,1,1
2.0,0.0,0.0,0.0,1,1
2.0,0.0,0.0,0.0,1,1
7.0,2.584962500721156,2.584962500721156,0.0,1,1
12.0,0.0,0.0,0.0,1,1
3.0,0.9182958340544894,1.584962500721156,1.0,1,1
1.0,0.0,0.0,0.0,1,1
1.0,0.0,0.0,0.0,1,1
13.0,0.0,0.0,0.0,1,1
1.0,0.0,0.0,0.0,1,1
3.0,0.9182958340544894,1.584962500721156,1.0,1,1
1.0,0.0,0.0,0.0,1,1
66.0,2.9260596223526454,3.870585325801696,1.0,1,1
3.0,0.9182958340544894,1.584962500721156,1.0,1,1
3.0,0.9182958340544894,1.584962500721156,1.0,1,1
4.0,0.9182958340544894,1.584962500721156,0.0,1,1
3.0,0.9182958340544894,1.584962500721156,1.0,1,1
3.0,0.9182958340544894,1.584962500721156,1.0,1,1
6.0,1.584962500721156,1.9182958340544896,1.0,1,1
13.0,1.950825794518089,3.584962500721157,0.0,1,1
194.0,0.8330902838472977,7.592457037268081,0.0,1,1
3.0,0.9182958340544894,1.584962500721156,1.0,1,1
3.0,0.9182958340544894,1.584962500721156,1.0,1,1
1.0,0.0,0.0,0.0,1,1
1.0,0.0,0.0,0.0,1,1
1.0,0.0,0.0,0.0,1,1
6.0,1.584962500721156,1.9182958340544896,1.0,1,1
14.0,2.584962500721156,2.2516291673878226,0.0,1,1
1.0,0.0,0.0,0.0,1,1
3.0,0.9182958340544894,1.584962500721156,1.0,1,1
1.0,0.0,0.0,0.0,1,1
6.0,1.584962500721156,1.9182958340544896,1.0,1,1
30.0,3.521640636343318,3.664497779200461,0.0,1,1
1.0,0.0,0.0,0.0,1,1
3.0,0.9182958340544894,1.584962500721156,1.0,1,1
39.0,4.907071770088827,4.643875295563428,1.0,1,1
3.0,0.9182958340544894,1.584962500721156,1.0,1,1
13.0,0.0,0.0,0.0,1,1
3.0,0.9182958340544894,1.584962500721156,1.0,1,1
6.0,1.584962500721156,1.9182958340544896,1.0,1,1
3.0,0.9182958340544894,1.584962500721156,1.0,1,1
3.0,0.9182958340544894,1.584962500721156,1.0,1,1
1.0,0.0,0.0,0.0,1,1
1.0,0.0,0.0,0.0,1,1
3.0,0.9182958340544894,1.584962500721156,1.0,1,1
1.0,0.0,0.0,0.0,1,1
1.0,0.0,0.0,0.0,1,1
2.0,0.0,0.0,0.0,1,1
1.0,0.0,0.0,0.0,1,1
2.0,0.0,0.0,0.0,1,1
1.0,0.0,0.0,0.0,1,1
1.0,0.0,0.0,0.0,1,1
1.0,0.0,0.0,0.0,1,1
1.0,0.0,0.0,0.0,1,1
1.0,0.0,0.0,0.0,1,1
1.0,0.0,0.0,0.0,1,1
1.0,0.0,0.0,0.0,1,1
2.0,0.0,0.0,0.0,1,1
1.0,0.0,0.0,0.0,1,1
1.0,0.0,0.0,0.0,1,1
1.0,0.0,0.0,0.0,1,1
1.0,0.0,0.0,0.0,1,1
1.0,0.0,0.0,0.0,1,1
2.0,0.0,0.0,0.0,1,1
2.0,0.0,0.0,0.0,1,1
1.0,0.0,0.0,0.0,1,1
1.0,0.0,0.0,0.0,1,1
1.0,0.0,0.0,0.0,1,1
4.0,0.0,0.0,0.0,1,1
2.0,0.0,0.0,0.0,1,1
1.0,0.0,0.0,0.0,1,1
3.0,0.9182958340544894,1.584962500721156,1.0,1,1
1.0,0.0,0.0,0.0,1,1
3.0,0.9182958340544894,1.584962500721156,1.0,1,1
13.0,0.0,0.0,0.0,1,1
3.0,0.9182958340544894,1.584962500721156,1.0,1,1
3.0,0.9182958340544894,1.584962500721156,1.0,1,1
30.0,4.906890595608518,4.589898095464287,0.0,1,1
3.0,0.9182958340544894,1.584962500721156,1.0,1,1
18.0,3.807763576417195,4.08746284125034,0.0,1,1
1.0,0.0,0.0,0.0,1,1
3.0,0.9182958340544894,1.584962500721156,1.0,1,1
3.0,0.9182958340544894,1.584962500721156,1.0,1,1
3.0,0.9182958340544894,1.584962500721156,1.0,1,1
3.0,0.9182958340544894,1.584962500721156,1.0,1,1
235.0,5.776970127332715,6.652383128490401,0.0,1,1
235.0,5.776970127332714,6.652383128490404,0.0,1,1
1.0,0.0,0.0,0.0,1,1
1.0,0.0,0.0,0.0,1,1
12.0,1.9182958340544896,2.251629167387823,1.0,1,1
235.0,5.776970127332715,6.652383128490404,0.0,1,1
235.0,5.776970127332714,6.652383128490402,0.0,1,1
235.0,5.776970127332715,6.652383128490401,0.0,1,1
235.0,5.776970127332715,6.652383128490401,0.0,1,1
235.0,5.776970127332715,6.652383128490402,0.0,1,1
39.0,5.247927513443587,5.247927513443587,0.0,1,1
235.0,5.776970127332715,6.6523831284904045,0.0,1,1
246.0,2.623381748201984,7.714225364516534,0.0,1,1
235.0,5.776970127332714,6.652383128490401,0.0,1,1
235.0,5.776970127332715,6.652383128490401,0.0,1,1
235.0,5.776970127332716,6.652383128490401,0.0,1,1
235.0,5.776970127332715,6.652383128490401,0.0,1,1
1.0,0.0,0.0,0.0,1,1
3.0,0.9182958340544894,1.584962500721156,1.0,1,1
705.0,5.776970127332715,6.652383128490401,0.0,1,2
235.0,5.776970127332715,6.652383128490404,0.0,1,1
1.0,0.0,0.0,0.0,1,1
3.0,0.9182958340544894,1.584962500721156,1.0,1,1
3.0,0.9182958340544894,1.584962500721156,1.0,1,1
1.0,0.0,0.0,0.0,1,1
2.0,0.0,0.0,4.321928094887362,1,1
2.0,0.0,0.0,0.0,1,1
1.0,0.0,0.0,0.0,1,1
3.0,0.9182958340544894,1.584962500721156,1.0,1,1
4.0,1.0,1.0,1.0,1,1
30.0,2.584962500721156,2.584962500721156,0.0,1,1
3.0,0.9182958340544894,1.584962500721156,1.0,1,1
3.0,0.9182958340544894,1.584962500721156,1.0,1,1
3.0,0.9182958340544894,1.584962500721156,1.0,1,1
56.0,3.670607728367946,3.6723910403341926,1.0,1,1
6.0,0.9182958340544894,1.9182958340544896,1.0,1,1
1.0,0.0,0.0,0.0,1,1
16.0,3.024397470347699,4.0,0.0,1,1
15.0,2.682588730501833,3.640223928941852,0.0,1,1
14.0,2.521640636343319,3.521640636343318,0.0,1,1
16.0,2.6084585933443494,3.875,0.0,1,1
17.0,2.7777768114567865,3.8521687236032807,0.0,1,1
4.0,0.0,0.0,0.0,1,1
3.0,0.0,0.0,0.0,1,1
9.0,0.0,0.0,0.0,1,1
9.0,0.0,0.0,0.0,1,1
9.0,0.0,0.0,0.0,1,1
3.0,0.9182958340544894,1.584962500721156,1.0,1,1
6.0,0.0,0.0,0.0,1,1
12.0,0.0,0.0,0.0,1,1
3.0,0.9182958340544894,1.584962500721156,1.0,1,1
1.0,0.0,0.0,0.0,1,1
2.0,0.0,0.0,0.0,1,1
1.0,0.0,0.0,0.0,1,1
6.0,1.584962500721156,1.9182958340544896,1.0,1,1
6.0,1.584962500721156,1.9182958340544896,1.0,1,1
1.0,0.0,0.0,0.0,1,1
1.0,0.0,0.0,0.0,1,1
1.0,0.0,0.0,0.0,1,1
1.0,0.0,0.0,0.0,1,1
3.0,0.9182958340544894,1.584962500721156,1.0,1,1
1.0,0.0,0.0,0.0,1,1
1.0,0.0,0.0,0.0,1,1
1.0,0.0,0.0,0.0,1,1
1.0,0.0,0.0,0.0,1,1
1.0,0.0,0.0,0.0,1,1
1.0,0.0,0.0,0.0,1,1
1.0,0.0,0.0,0.0,1,1
1.0,0.0,0.0,0.0,1,1
1.0,0.0,0.0,0.0,1,1
3.0,0.9182958340544894,1.584962500721156,1.0,1,1
1.0,0.0,0.0,0.0,1,1
1.0,0.0,0.0,0.0,1,1
1.0,0.0,0.0,0.0,1,1
1.0,0.0,0.0,0.0,1,1
1.0,0.0,0.0,0.0,1,1
13.0,0.0,0.0,0.0,1,1
13.0,0.0,0.0,0.0,1,1
13.0,0.0,0.0,0.0,1,1
26.0,0.0,0.0,0.0,1,1
26.0,0.0,0.0,0.0,1,1
1.0,0.0,0.0,0.0,1,1
9.0,1.5304930567574826,2.113283334294875,1.0,1,1
3.0,0.9182958340544894,1.584962500721156,1.0,1,1
1.0,0.0,0.0,0.0,1,1
3.0,0.9182958340544894,1.584962500721156,1.0,1,1
3.0,0.9182958340544894,1.584962500721156,1.0,1,1
1.0,0.0,0.0,0.0,1,1
2.0,0.0,0.0,0.0,1,1
3.0,0.9182958340544894,1.584962500721156,1.0,1,1
3.0,0.9182958340544894,1.584962500721156,1.0,1,1
6.0,1.584962500721156,1.9182958340544896,1.0,1,1
3.0,0.9182958340544894,1.584962500721156,1.0,1,1
1.0,0.0,0.0,0.0,1,1
1.0,0.0,0.0,0.0,1,1
30.0,4.906890595608518,4.106890595608519,0.0,1,1
3.0,0.9182958340544894,1.584962500721156,1.0,1,1
126.0,5.133327713780728,5.857422116838488,0.0,1,1
1.0,0.0,0.0,0.0,1,1
1.0,0.0,0.0,0.0,1,1
1.0,0.0,0.0,0.0,1,1
1.0,0.0,0.0,0.0,1,1
2.0,0.0,0.0,0.0,1,1
1.0,0.0,0.0,0.0,1,1
3.0,0.9182958340544894,1.584962500721156,1.0,1,1
1.0,0.0,0.0,0.0,1,1
1.0,0.0,0.0,0.0,1,1
3.0,0.9182958340544894,1.584962500721156,1.0,1,1
2.0,0.0,0.0,0.0,1,1
1.0,0.0,0.0,0.0,1,1
1.0,0.0,1.0,3.0,1,1
1.0,0.0,1.0,3.0,1,1
9.0,1.974937501201927,2.113283334294875,1.0,1,1
2.0,1.0,1.0,0.0,1,1
1.0,0.0,1.0,3.0,1,1
2.0,1.0,1.0,0.0,1,1
2.0,0.0,0.0,0.0,1,1
3.0,0.9182958340544894,1.584962500721156,1.0,1,1
1.0,0.0,0.0,0.0,1,1
3.0,0.9182958340544894,1.584962500721156,1.0,1,1
2.0,0.0,0.0,0.0,1,1
3.0,0.9182958340544894,1.584962500721156,1.0,1,1
3.0,0.9182958340544894,1.584962500721156,1.0,1,1
3.0,0.9182958340544894,1.584962500721156,1.0,1,1
77.0,0.0,0.0,0.0,1,1
3.0,0.9182958340544894,1.584962500721156,1.0,1,1
1.0,0.0,0.0,0.0,1,1
1.0,0.0,0.0,0.0,1,1
3.0,0.9182958340544894,1.584962500721156,1.0,1,1
5.0,0.0,0.0,0.0,1,1
1.0,0.0,0.0,0.0,1,1
30.0,4.906890595608518,4.573557262275185,0.0,1,1
3.0,0.9182958340544894,1.584962500721156,1.0,1,1
30.0,4.906890595608518,4.840223928941851,0.0,1,1
4.0,0.9182958340544894,1.584962500721156,0.0,1,1
1.0,0.0,0.0,0.0,1,1
1.0,0.0,0.0,0.0,1,1
1.0,0.0,0.0,0.0,1,1
18.0,1.272905595320056,1.272905595320056,0.8453509366224364,1,1
1.0,0.0,0.0,0.0,1,1
6.0,1.584962500721156,1.9182958340544896,1.0,1,1
2.0,1.0,1.0,0.0,1,1
1.0,0.0,0.0,0.0,1,1
1.0,0.0,0.0,0.0,1,1
3.0,0.9182958340544894,1.584962500721156,1.0,1,1
4.0,0.9182958340544894,0.9182958340544894,3.095795255000934,1,1
1.0,0.0,0.0,0.0,1,1
6.0,1.584962500721156,1.9182958340544896,1.0,1,1
3.0,0.0,0.9182958340544894,0.0,1,1
3.0,0.9182958340544894,1.584962500721156,1.0,1,1
6.0,0.9182958340544894,1.9182958340544896,1.0,1,1
1.0,0.0,0.0,0.0,1,1
3.0,0.9182958340544894,1.584962500721156,1.0,1,1
30.0,4.906890595608518,4.389898095464288,0.0,1,1
3.0,0.9182958340544894,1.584962500721156,1.0,1,1
3.0,0.9182958340544894,1.584962500721156,1.0,1,1
3.0,0.9182958340544894,1.584962500721156,1.0,1,1
3.0,0.9182958340544894,1.584962500721156,1.0,1,1
3.0,0.9182958340544894,1.584962500721156,1.0,1,1
2.0,0.0,0.0,0.0,1,1
3.0,0.9182958340544894,1.584962500721156,1.0,1,1
51.0,5.548758439731455,5.548758439731455,0.0,1,1
3.0,0.9182958340544894,1.584962500721156,1.0,1,1
3.0,0.9182958340544894,1.584962500721156,1.0,1,1
3.0,0.9182958340544894,1.584962500721156,1.0,1,1
3.0,0.9182958340544894,1.584962500721156,1.0,1,1
1.0,0.0,0.0,0.0,1,1
1.0,0.0,0.0,0.0,1,1
3.0,0.9182958340544894,1.584962500721156,1.0,1,1
3.0,0.9182958340544894,1.584962500721156,1.0,1,1
1.0,0.0,0.0,0.0,1,1
1.0,0.0,0.0,0.0,1,1
1.0,0.0,0.0,0.0,1,1
1.0,0.0,0.0,0.0,1,1
1.0,0.0,0.0,0.0,1,1
1.0,0.0,1.0,3.0,1,1
3.0,0.9182958340544894,1.584962500721156,1.0,1,1
23.0,0.9940302114769566,0.0,0.0,1,1
1.0,0.0,0.0,0.0,1,1
6.0,1.584962500721156,1.9182958340544896,1.0,1,1
3.0,0.9182958340544894,1.584962500721156,1.0,1,1
3.0,0.9182958340544894,1.584962500721156,1.0,1,1
6.0,1.584962500721156,1.9182958340544896,1.0,1,1
2.0,0.0,0.0,0.0,1,1
8.0,0.0,0.0,0.0,1,1
3.0,0.9182958340544894,1.584962500721156,1.0,1,1
3.0,0.9182958340544894,1.584962500721156,1.0,1,1
1.0,0.0,0.0,0.0,1,1
3.0,0.9182958340544894,1.584962500721156,1.0,1,1
3.0,0.9182958340544894,1.584962500721156,1.0,1,1
1.0,0.0,0.0,0.0,1,1
3.0,0.9182958340544894,1.584962500721156,1.0,1,1
3.0,0.9182958340544894,1.584962500721156,1.0,1,1
6.0,1.584962500721156,1.9182958340544896,1.0,1,1
30.0,4.7004397181410935,4.176992007585832,0.0,1,1
1.0,0.0,0.0,0.0,1,1
3.0,0.9182958340544894,1.584962500721156,1.0,1,1
3.0,0.9182958340544894,1.584962500721156,1.0,1,1
3.0,0.9182958340544894,1.584962500721156,1.0,1,1
3.0,0.9182958340544894,1.584962500721156,1.0,1,1
3.0,0.9182958340544894,1.584962500721156,1.0,1,1
3.0,0.9182958340544894,1.584962500721156,1.0,1,1
3.0,0.9182958340544894,1.584962500721156,1.0,1,1
1.0,0.0,0.0,0.0,1,1
1.0,0.0,0.0,0.0,1,1
3.0,0.9182958340544894,1.584962500721156,1.0,1,1
1.0,0.0,0.0,0.0,1,1
3.0,0.9182958340544894,1.584962500721156,1.0,1,1
3.0,0.0,0.0,0.0,1,1
4.0,0.0,0.0,0.0,1,1
3.0,0.9182958340544894,1.584962500721156,1.0,1,1
4.0,0.0,0.0,0.0,1,1
6.0,0.0,0.0,0.0,1,1
5.0,0.0,0.0,0.0,1,1
5.0,0.0,0.0,0.0,1,1
5.0,0.0,0.0,0.0,1,1
3.0,0.0,0.0,0.0,1,1
6.0,0.0,0.0,0.0,1,1
11.0,0.0,0.0,0.0,1,1
5.0,0.0,0.0,0.0,1,1
3.0,0.0,0.0,0.0,1,1
1.0,0.0,0.0,0.0,1,1
6.0,0.0,0.0,0.0,1,1
5.0,0.0,0.0,0.0,1,1
1.0,0.0,0.0,0.0,1,1
1.0,0.0,0.0,0.0,1,1
11.0,1.974937501201927,2.4193819456463714,4.003856189774724,1,1
3.0,0.9182958340544894,1.584962500721156,1.0,1,1
3.0,0.0,0.0,0.0,1,1
3.0,0.0,0.0,0.0,1,1
6.0,1.584962500721156,1.9182958340544896,1.0,1,1
3.0,0.9182958340544894,1.584962500721156,1.0,1,1
3.0,0.9182958340544894,1.584962500721156,1.0,1,1
3.0,0.9182958340544894,1.584962500721156,1.0,1,1
5.0,1.584962500721156,1.584962500721156,4.201841232302569,1,1
1.0,0.0,0.0,0.0,1,1
2.0,0.0,0.0,0.0,1,1
6.0,0.9709505944546688,1.9219280948873625,1.0,1,1
2.0,0.0,0.0,0.0,1,1
1.0,0.0,0.0,0.0,1,1
1.0,0.0,0.0,0.0,1,1
2.0,0.0,0.0,0.0,1,1
6.0,0.9182958340544894,1.584962500721156,1.0,1,1
1.0,0.0,0.0,0.0,1,1
1.0,0.0,0.0,0.0,1,1
2.0,0.0,0.0,0.0,1,1
4.0,0.0,0.0,4.321928094887362,1,1
1.0,0.0,0.0,0.0,1,1
1.0,0.0,0.0,0.0,1,1
2.0,0.0,0.0,0.0,1,1
2.0,0.0,0.0,0.0,1,1
4.0,0.9182958340544894,1.584962500721156,1.0,1,1
1.0,0.0,0.0,0.0,1,1
3.0,0.9182958340544894,1.584962500721156,1.0,1,1
2.0,0.0,0.0,0.0,1,1
4.0,0.0,0.0,4.247927513443585,1,1
4.0,0.0,0.0,0.0,1,1
2.0,0.0,0.0,0.0,1,1
23.0,0.0,0.0,4.247927513443585,1,1
3.0,0.9182958340544894,1.584962500721156,1.0,1,1
2.0,0.0,0.0,0.0,1,1
1.0,0.0,0.0,0.0,1,1
1.0,0.0,0.0,0.0,1,1
1.0,0.0,1.0,3.0,1,1
1.0,0.0,0.0,0.0,1,1
3.0,0.9182958340544894,1.584962500721156,1.0,1,1
3.0,0.9182958340544894,1.584962500721156,1.0,1,1
1.0,0.0,0.0,0.0,1,1
3.0,0.9182958340544894,1.584962500721156,1.0,1,1
2.0,0.0,0.0,0.0,1,1
2.0,0.0,0.0,4.321928094887362,1,1
2.0,0.0,0.0,0.0,1,1
31.0,1.7232314287976207,2.9232314287976204,4.196143007292211,1,1
3.0,0.9182958340544894,1.584962500721156,1.0,1,1
2.0,0.0,0.0,4.247927513443585,1,1
6.0,1.5,2.0,4.277613436819116,1,1
32.0,3.4594316186372978,3.4594316186372978,0.0,1,1
5.0,0.9182958340544894,1.584962500721156,1.0,1,1
1.0,0.0,0.0,0.0,1,1
1.0,0.0,0.0,0.0,1,1
3.0,0.9182958340544894,1.584962500721156,1.0,1,1
2.0,0.0,0.0,4.321928094887362,1,1
1.0,0.0,0.0,0.0,1,1
2.0,0.0,0.0,0.0,1,1
1.0,0.0,0.0,0.0,1,1
1.0,0.0,0.0,0.0,1,1
3.0,0.9182958340544894,1.584962500721156,1.0,1,1
1.0,0.0,0.0,0.0,1,1
3.0,0.9182958340544894,1.584962500721156,1.0,1,1
6.0,1.584962500721156,1.9182958340544896,1.0,1,1
6.0,1.584962500721156,1.9182958340544896,1.0,1,1
3.0,0.9182958340544894,1.584962500721156,1.0,1,1
3.0,0.9182958340544894,1.584962500721156,1.0,1,1
3.0,0.9182958340544894,1.584962500721156,1.0,1,1
3.0,0.9182958340544894,1.584962500721156,1.0,1,1
3.0,0.9182958340544894,1.584962500721156,1.0,1,1
2.0,0.0,0.0,0.0,1,1
1.0,0.0,0.0,0.0,1,1
2.0,0.0,0.0,0.0,1,1
6.0,1.584962500721156,1.9182958340544896,1.0,1,1
3.0,0.9182958340544894,1.584962500721156,1.0,1,1
3.0,0.9182958340544894,1.584962500721156,1.0,1,1
1.0,0.0,0.0,0.0,1,1
61.0,3.388792255170072,4.132531034747952,1.0,1,1
3.0,0.9182958340544894,0.9182958340544894,1.0,1,1
3.0,0.9182958340544894,1.584962500721156,1.0,1,1
3.0,0.9182958340544894,1.584962500721156,1.0,1,1
9.0,1.5304930567574826,2.113283334294875,1.0,1,1
6.0,1.584962500721156,1.9182958340544896,1.0,1,1
1.0,0.0,0.0,0.0,1,1
2.0,0.0,0.0,0.0,1,1
30.0,3.4594316186372978,3.4594316186372978,0.0,1,1
33.0,2.75,3.0,1.0,1,1
6.0,0.0,0.0,0.0,1,1
4.0,0.9182958340544894,1.584962500721156,1.0,1,1
1.0,0.0,0.0,4.247927513443585,1,1
2.0,1.0,1.0,0.0,1,1
3.0,0.9182958340544894,1.584962500721156,1.0,1,1
3.0,0.9182958340544894,1.584962500721156,1.0,1,1
33.0,4.983788058752394,4.574400937409153,1.0,1,1
3.0,1.584962500721156,0.9182958340544894,0.0,1,1
4.0,0.0,1.0,3.0,1,1
1.0,0.0,0.0,0.0,1,1
1.0,0.0,0.0,0.0,1,1
3.0,0.9182958340544894,1.584962500721156,1.0,1,1
1.0,0.0,0.0,0.0,1,1
71.0,1.032706075744935,3.1532593803025257,3.4408435846087544,1,1
2.0,0.0,0.0,0.0,1,1
1.0,0.0,0.0,0.0,1,1
2.0,0.0,0.0,0.0,1,1
1.0,0.0,0.0,0.0,1,1
2.0,0.0,0.0,0.0,1,1
1.0,0.0,0.0,0.0,1,1
30.0,4.392317422778759,4.201841232302569,0.0,1,1
1.0,0.0,0.0,0.0,1,1
3.0,0.9182958340544894,1.584962500721156,1.0,1,1
4.0,0.9182958340544894,1.584962500721156,1.0,1,1
3.0,0.9182958340544894,1.584962500721156,1.0,1,1
2.0,0.0,0.0,0.0,1,1
1.0,0.0,0.0,0.0,1,1
3.0,0.9182958340544894,1.584962500721156,1.0,1,1
1.0,0.0,0.0,0.0,1,1
1.0,0.0,0.0,0.0,1,1
4.0,0.0,0.0,0.0,1,1
1.0,0.0,0.0,0.0,1,1
2.0,0.0,0.0,0.0,1,1
2.0,0.0,0.0,0.0,1,1
4.0,0.0,1.0,1.584962500721156,1,1
1.0,0.0,0.0,0.0,1,1
3.0,0.9182958340544894,1.584962500721156,1.0,1,1
2.0,1.0,1.0,0.0,1,1
5.0,1.370950594454669,1.9219280948873625,0.0,1,1
6.0,1.584962500721156,1.9182958340544896,1.0,1,1
2.0,1.0,1.0,0.0,1,1
1.0,0.0,0.0,0.0,1,1
1.0,0.0,0.0,0.0,1,1
2.0,0.0,0.0,0.0,1,1
3.0,0.9182958340544894,1.584962500721156,1.0,1,1
2.0,0.0,0.0,0.0,1,1
3.0,0.9182958340544894,1.584962500721156,1.0,1,1
1.0,0.0,0.0,0.0,1,1
4.0,0.0,1.0,1.584962500721156,1,1
3.0,1.584962500721156,1.584962500721156,0.0,1,1
2.0,0.0,0.0,0.0,1,1
3.0,0.0,1.0,1.0,1,1
3.0,0.9182958340544894,1.584962500721156,1.0,1,1
1.0,0.0,0.0,0.0,1,1
1.0,0.0,0.0,0.0,1,1
1.0,0.0,0.0,0.0,1,1
1.0,0.0,0.0,0.0,1,1
1.0,0.0,0.0,0.0,1,1
1.0,0.0,0.0,0.0,1,1
1.0,0.0,0.0,0.0,1,1
1.0,0.0,0.0,0.0,1,1
1.0,0.0,0.0,0.0,1,1
1.0,0.0,1.0,3.0,1,1
1.0,0.0,0.0,0.0,1,1
1.0,0.0,0.0,0.0,1,1
1.0,0.0,0.0,0.0,1,1
1.0,0.0,0.0,0.0,1,1
1.0,0.0,0.0,0.0,1,1
10.0,1.5,2.0,1.0,1,1
2.0,0.0,0.0,0.0,1,1
1.0,0.0,0.0,0.0,1,1
1.0,0.0,0.0,0.0,1,1
1.0,0.0,0.0,0.0,1,1
1.0,0.0,0.0,0.0,1,1
1.0,0.0,0.0,0.0,1,1
1.0,0.0,0.0,0.0,1,1
1.0,0.0,0.0,0.0,1,1
4.0,0.9182958340544894,1.584962500721156,1.0,1,1
53.0,4.067543096072631,3.763034313291168,1.0,1,1
2.0,0.0,0.0,0.0,1,1
1.0,0.0,0.0,0.0,1,1
6.0,0.0,0.0,0.0,1,1
1.0,0.0,0.0,0.0,1,1
4.0,0.0,1.584962500721156,4.201841232302569,1,1
1.0,0.0,0.0,0.0,1,1
1.0,0.0,0.0,0.0,1,1
3.0,0.9182958340544894,1.584962500721156,1.0,1,1
2.0,0.0,1.0,0.0,1,1
1.0,0.0,0.0,0.0,1,1
3.0,0.9182958340544894,1.584962500721156,1.0,1,1
1.0,0.0,0.0,0.0,1,1
1.0,0.0,0.0,0.0,1,1
2.0,0.0,0.0,0.0,1,1
2.0,0.0,0.0,0.0,1,1
2.0,0.0,0.0,0.0,1,1
2.0,0.0,0.0,0.0,1,1
5.0,0.0,0.0,0.0,1,1
2.0,0.0,0.0,0.0,1,1
3.0,0.0,0.0,0.0,1,1
2.0,0.0,0.0,0.0,1,1
2.0,0.0,0.0,0.0,1,1
3.0,0.9182958340544894,1.584962500721156,1.0,1,1
6.0,1.584962500721156,1.9182958340544896,1.0,1,1
30.0,4.906890595608518,4.389898095464288,0.0,1,1
6.0,1.584962500721156,1.9182958340544896,1.0,1,1
1.0,0.0,0.0,0.0,1,1
1.0,0.0,0.0,0.0,1,1
1.0,0.0,0.0,0.0,1,1
2.0,0.0,0.0,0.0,1,1
1.0,0.0,0.0,0.0,1,1
3.0,0.9182958340544894,1.584962500721156,1.0,1,1
3.0,0.9182958340544894,1.584962500721156,1.0,1,1
3.0,0.9182958340544894,1.584962500721156,1.0,1,1
1.0,0.0,0.0,0.0,1,1
3.0,0.9182958340544894,1.584962500721156,1.0,1,1
6.0,0.9182958340544894,1.9182958340544896,1.0,1,1
1.0,0.0,0.0,0.0,1,1
3.0,0.9182958340544894,1.584962500721156,1.0,1,1
4.0,0.0,0.0,0.0,1,1
3.0,0.9182958340544894,1.584962500721156,1.0,1,1
5.0,0.0,0.0,0.0,1,1
3.0,0.9182958340544894,1.584962500721156,1.0,1,1
3.0,0.9182958340544894,1.584962500721156,1.0,1,1
1.0,0.0,0.0,0.0,1,1
1.0,0.0,0.0,0.0,1,1
1.0,0.0,1.0,3.1699250014423126,1,1
1.0,0.0,1.0,3.0,1,1
33.0,1.3004032104603251,2.053163126769723,2.807354922057605,1,1
1.0,0.0,0.0,0.0,1,1
3.0,0.9182958340544894,1.584962500721156,1.0,1,1
1.0,0.0,0.0,0.0,1,1
6.0,0.9182958340544894,1.9182958340544896,1.0,1,1
3.0,0.9182958340544894,1.584962500721156,1.0,1,1
3.0,0.9182958340544894,1.584962500721156,1.0,1,1
3.0,0.9182958340544894,1.584962500721156,1.0,1,1
9.0,1.5304930567574826,2.113283334294875,1.0,1,1
3.0,0.9182958340544894,1.584962500721156,1.0,1,1
3.0,0.9182958340544894,1.584962500721156,1.0,1,1
3.0,0.9182958340544894,1.584962500721156,1.0,1,1
6.0,1.584962500721156,1.9182958340544896,1.0,1,1
3.0,0.9182958340544894,1.584962500721156,1.0,1,1
3.0,0.9182958340544894,1.584962500721156,1.0,1,1
6.0,1.584962500721156,1.9182958340544896,1.0,1,1
3.0,0.9182958340544894,1.584962500721156,1.0,1,1
3.0,0.9182958340544894,1.584962500721156,1.0,1,1
6.0,0.9182958340544894,1.9182958340544896,1.0,1,1
3.0,0.9182958340544894,1.584962500721156,1.0,1,1
3.0,0.9182958340544894,1.584962500721156,1.0,1,1
6.0,1.584962500721156,1.9182958340544896,1.0,1,1
9.0,1.974937501201927,2.113283334294875,1.0,1,1
3.0,0.9182958340544894,1.584962500721156,1.0,1,1
3.0,0.9182958340544894,1.584962500721156,1.0,1,1
1.0,0.0,0.0,0.0,1,1
1.0,0.0,0.0,0.0,1,1
2.0,0.0,0.0,0.0,1,1
1.0,0.0,0.0,0.0,1,1
1.0,0.0,0.0,0.0,1,1
1.0,0.0,0.0,0.0,1,1
1.0,0.0,0.0,0.0,1,1
7.0,0.0,0.0,0.0,1,1
3.0,0.0,0.0,0.0,1,1
2.0,0.0,0.0,0.0,1,1
2.0,0.0,0.0,0.0,1,1
2.0,0.0,0.0,0.0,1,1
2.0,0.0,0.0,0.0,1,1
2.0,0.0,0.0,0.0,1,1
2.0,0.0,0.0,0.0,1,1
2.0,0.0,0.0,0.0,1,1
2.0,0.0,0.0,0.0,1,1
4.0,0.0,0.0,0.0,1,1
1.0,0.0,0.0,0.0,1,1
2.0,1.0,1.0,0.0,1,1
1.0,0.0,0.0,0.0,1,1
3.0,0.9182958340544894,1.584962500721156,1.0,1,1
3.0,0.9182958340544894,1.584962500721156,1.0,1,1
9.0,1.974937501201927,2.113283334294875,1.0,1,1
3.0,0.9182958340544894,1.584962500721156,1.0,1,1
3.0,0.9182958340544894,1.584962500721156,1.0,1,1
3.0,0.9182958340544894,1.584962500721156,1.0,1,1
3.0,0.9182958340544894,1.584962500721156,1.0,1,1
3.0,0.9182958340544894,1.584962500721156,1.0,1,1
3.0,0.9182958340544894,1.584962500721156,1.0,1,1
3.0,0.9182958340544894,1.584962500721156,1.0,1,1
27.0,0.0,0.0,0.0,1,1
1.0,0.0,0.0,0.0,1,1
6.0,0.9182958340544894,1.9182958340544896,1.0,1,1
4.0,1.5,1.0,0.0,1,1
1.0,0.0,0.0,0.0,1,1
2.0,0.0,0.0,0.0,1,1
1.0,0.0,0.0,0.0,1,1
1869.0,0.5904854117856415,1.3029128220444766,0.0,2,3
3.0,0.9182958340544894,1.584962500721156,1.0,1,1
1.0,0.0,0.0,0.0,1,1
3.0,0.0,0.0,0.0,1,1
3.0,0.9182958340544894,1.584962500721156,1.0,1,1
66.0,0.0,5.892878967843301,0.0,1,1
1.0,0.0,0.0,0.0,1,1
6.0,1.584962500721156,1.9182958340544896,1.0,1,1
6.0,1.584962500721156,1.9182958340544896,1.0,1,1
3.0,0.9182958340544894,1.584962500721156,1.0,1,1
3.0,0.9182958340544894,1.584962500721156,1.0,1,1
9.0,1.974937501201927,2.113283334294875,1.0,1,1
3.0,0.9182958340544894,1.584962500721156,1.0,1,1
2.0,0.0,0.0,0.0,1,1
3.0,0.9182958340544894,1.584962500721156,1.0,1,1
2.0,0.0,0.0,0.0,1,1
1.0,0.0,0.0,0.0,1,1
2.0,0.0,0.0,0.0,1,1
6.0,1.584962500721156,1.9182958340544896,1.0,1,1
1.0,0.0,0.0,0.0,1,1
3.0,0.9182958340544894,1.584962500721156,1.0,1,1
59.0,4.013525575212092,4.1485266954860025,1.0,1,1
6.0,1.584962500721156,1.9182958340544896,1.0,1,1
6.0,1.584962500721156,1.9182958340544896,1.0,1,1
1.0,0.0,0.0,0.0,1,1
9.0,1.974937501201927,2.113283334294875,1.0,1,1
3.0,0.9182958340544894,1.584962500721156,1.0,1,1
1.0,0.0,0.0,0.0,1,1
1.0,0.0,0.0,0.0,1,1
1.0,0.0,0.0,0.0,1,1
3.0,0.9182958340544894,1.584962500721156,1.0,1,1
9.0,1.974937501201927,2.113283334294875,1.0,1,1
3.0,0.9182958340544894,1.584962500721156,1.0,1,1
12.0,2.251629167387823,2.251629167387823,1.0,1,1
18.0,1.7527152789797051,2.4466166676282084,1.0,1,1
3.0,0.9182958340544894,1.584962500721156,1.0,1,1
36.0,4.94770277922009,4.83659166810898,1.0,1,1
3.0,0.9182958340544894,1.584962500721156,1.0,1,1
2.0,0.0,0.0,0.0,1,1
3.0,0.9182958340544894,1.584962500721156,1.0,1,1
3.0,0.9182958340544894,1.584962500721156,1.0,1,1
1.0,0.0,0.0,0.0,1,1
3.0,0.9182958340544894,1.584962500721156,1.0,1,1
3.0,0.9182958340544894,1.584962500721156,1.0,1,1
12.0,1.9182958340544896,2.251629167387823,1.0,1,1
6.0,1.584962500721156,1.9182958340544896,1.0,1,1
73.0,0.9136617865655932,3.175054695392134,1.0,1,1
3.0,0.9182958340544894,1.584962500721156,1.0,1,1
10.0,1.295461844238322,2.646439344671016,3.978094888169261,1,1
3.0,0.9182958340544894,1.584962500721156,1.0,1,1
66.0,3.1972894719884626,3.8608227129654256,1.0,1,1
1.0,0.0,0.0,0.0,1,1
3.0,0.9182958340544894,1.584962500721156,1.0,1,1
1.0,0.0,0.0,0.0,1,1
9.0,1.5304930567574826,2.113283334294875,1.0,1,1
4.0,0.9182958340544894,1.584962500721156,0.0,1,1
3.0,0.9182958340544894,1.584962500721156,1.0,1,1
13.0,3.084962500721156,3.41829583405449,0.0,1,1
5.0,2.0,2.0,0.0,1,1
2.0,0.0,0.0,0.0,1,1
43.0,5.344698375159714,5.344698375159714,0.0,1,1
3.0,0.9182958340544894,1.584962500721156,1.0,1,1
36.0,5.003258334775646,4.392147223664535,1.0,1,1
5.0,1.5219280948873626,1.9219280948873625,1.0,1,1
3.0,0.9182958340544894,1.584962500721156,1.0,1,1
12.0,0.0,0.0,0.0,1,1
1.0,0.0,0.0,0.0,1,1
2.0,0.0,1.0,0.0,1,1
2.0,0.0,1.0,0.0,1,1
3.0,0.9182958340544894,1.584962500721156,1.0,1,1
6.0,1.584962500721156,1.9182958340544896,1.0,1,1
3.0,0.9182958340544894,1.584962500721156,1.0,1,1
6.0,1.584962500721156,1.9182958340544896,1.0,1,1
2.0,0.0,0.0,0.0,1,1
1.0,0.0,1.0,3.0,1,1
1.0,0.0,0.0,0.0,1,1
3.0,0.9182958340544894,1.584962500721156,1.0,1,1
4.0,0.0,1.0,1.584962500721156,1,1
1.0,0.0,0.0,0.0,1,1
3.0,0.9182958340544894,1.584962500721156,1.0,1,1
3.0,0.0,0.0,0.0,1,1
25.0,4.297079327540664,4.201841232302569,0.0,1,1
3.0,0.9182958340544894,1.584962500721156,1.0,1,1
6.0,1.584962500721156,1.9182958340544896,1.0,1,1
7.0,0.0,0.0,0.0,1,1
2.0,0.0,0.0,0.0,1,1
1.0,0.0,0.0,0.0,1,1
6.0,1.584962500721156,1.9182958340544896,1.0,1,1
3.0,0.9182958340544894,1.584962500721156,1.0,1,1
3.0,0.9182958340544894,1.584962500721156,1.0,1,1
6.0,1.584962500721156,1.9182958340544896,1.0,1,1
3.0,0.9182958340544894,1.584962500721156,1.0,1,1
3.0,0.9182958340544894,1.584962500721156,1.0,1,1
6.0,1.584962500721156,1.9182958340544896,1.0,1,1
3.0,0.9182958340544894,1.584962500721156,1.0,1,1
13.0,3.54659356429494,3.700439718141093,1.0,1,1
3.0,0.9182958340544894,1.584962500721156,1.0,1,1
6.0,0.9182958340544894,1.9182958340544896,1.0,1,1
1.0,0.0,0.0,0.0,1,1
1.0,0.0,1.0,3.0,1,1
135.0,4.350790075355874,4.608095716770613,3.960425177440649,1,1
3.0,0.9182958340544894,1.584962500721156,1.0,1,1
3.0,0.9182958340544894,1.584962500721156,1.0,1,1
30.0,4.906890595608518,4.573557262275185,0.0,1,1
1.0,0.0,0.0,0.0,1,1
36.0,5.003258334775645,4.736323877152402,1.0,1,1
2.0,1.0,1.0,0.0,1,1
1.0,0.0,0.0,0.0,1,1
9.0,1.974937501201927,2.113283334294875,1.0,1,1
3.0,0.0,0.0,0.0,1,1
3.0,0.9182958340544894,1.584962500721156,1.0,1,1
1.0,0.0,0.0,0.0,1,1
3.0,0.9182958340544894,1.584962500721156,1.0,1,1
1.0,0.0,0.0,0.0,1,1
3.0,0.9182958340544894,1.584962500721156,1.0,1,1
3.0,0.9182958340544894,1.584962500721156,1.0,1,1
3.0,0.9182958340544894,1.584962500721156,1.0,1,1
3.0,0.9182958340544894,1.584962500721156,1.0,1,1
1.0,0.0,0.0,0.0,1,1
1.0,0.0,0.0,0.0,1,1
6.0,1.584962500721156,1.9182958340544896,1.0,1,1
3.0,0.9182958340544894,1.584962500721156,1.0,1,1
9.0,1.974937501201927,2.113283334294875,1.0,1,1
3.0,0.9182958340544894,1.584962500721156,1.0,1,1
16.0,2.161978179679554,2.4696704873718622,1.0,1,1
3.0,0.9182958340544894,1.584962500721156,1.0,1,1
6.0,1.584962500721156,1.9182958340544896,1.0,1,1
3.0,0.9182958340544894,1.584962500721156,1.0,1,1
1.0,0.0,0.0,0.0,1,1
3.0,0.9182958340544894,1.584962500721156,1.0,1,1
33.0,4.983788058752394,4.574400937409153,1.0,1,1
2.0,0.0,0.0,0.0,1,1
2.0,0.0,0.0,0.0,1,1
1.0,0.0,0.0,0.0,1,1
2.0,0.0,0.0,0.0,1,1
4.0,0.9182958340544894,0.9182958340544894,3.095795255000934,1,1
2.0,0.0,0.0,0.0,1,1
3.0,0.9182958340544894,1.584962500721156,1.0,1,1
8.0,1.3787834934861756,2.235926350629033,1.0,1,1
1.0,0.0,0.0,0.0,1,1
3.0,0.0,0.0,0.0,1,1
4.0,0.0,1.0,1.584962500721156,1,1
6.0,0.0,0.0,0.0,1,1
3.0,0.9182958340544894,1.584962500721156,1.0,1,1
3.0,0.9182958340544894,1.584962500721156,1.0,1,1
3.0,0.9182958340544894,1.584962500721156,1.0,1,1
3.0,0.9182958340544894,1.584962500721156,1.0,1,1
33.0,4.983788058752394,4.388288529831083,1.0,1,1
3.0,0.9182958340544894,1.584962500721156,1.0,1,1
3.0,0.9182958340544894,1.584962500721156,1.0,1,1
1.0,0.0,0.0,0.0,1,1
3.0,0.9182958340544894,1.584962500721156,1.0,1,1
6.0,1.584962500721156,1.9182958340544896,1.0,1,1
3.0,0.9182958340544894,1.584962500721156,1.0,1,1
189.0,6.252728348867684,6.354271659181141,0.0,1,1
3.0,0.9182958340544894,1.584962500721156,1.0,1,1
1.0,0.0,0.0,0.0,1,1
12.0,0.0,0.0,0.0,1,1
3.0,0.9182958340544894,1.584962500721156,1.0,1,1
2.0,0.0,0.0,0.0,1,1
3.0,0.9182958340544894,1.584962500721156,1.0,1,1
1.0,0.0,0.0,0.0,1,1
1.0,0.0,0.0,0.0,1,1
1.0,0.0,0.0,0.0,1,1
2.0,0.0,0.0,0.0,1,1
1.0,0.0,0.0,0.0,1,1
3.0,0.9182958340544894,1.584962500721156,1.0,1,1
3.0,0.9182958340544894,1.584962500721156,1.0,1,1
3.0,0.9182958340544894,1.584962500721156,1.0,1,1
3.0,0.9182958340544894,1.584962500721156,1.0,1,1
3.0,0.9182958340544894,1.584962500721156,1.0,1,1
64.0,3.3387945467577724,3.809196364505182,1.0,1,1
3.0,0.9182958340544894,1.584962500721156,1.0,1,1
3.0,0.9182958340544894,1.584962500721156,1.0,1,1
450.0,0.8233744598367442,0.8233744598367442,0.0,1,2
3.0,0.9182958340544894,1.584962500721156,1.0,1,1
1.0,0.0,0.0,0.0,1,1
1.0,0.0,0.0,0.0,1,1
3.0,0.9182958340544894,1.584962500721156,1.0,1,1
15.0,1.0,2.9502120649147465,0.0,1,1
1.0,0.0,0.0,0.0,1,1
3.0,0.9182958340544894,1.584962500721156,1.0,1,1
203.0,4.320381252610978,5.25824286500398,0.0,1,1
135.0,0.0,5.247927513443587,0.0,1,1
101.0,3.0,3.0,0.0,1,1
2.0,0.0,0.0,0.0,1,1
255.0,4.977919835304241,5.160569730207683,0.0,1,1
286.0,3.9687114240590415,4.875020765997257,0.0,1,1
100.0,1.0,1.0,0.0,1,1
179.0,3.679932541720588,4.362362133064553,0.0,1,1
164.0,4.07459398700849,4.881989183962118,0.0,1,1
103.0,1.0,1.0,0.0,1,1
147.0,6.046580712304318,6.810428147033075,0.0,1,1
73.0,3.525031528830646,4.635006998015214,0.0,1,1
52.0,1.9401952739721733,4.074697149661484,0.0,1,1
5.0,0.0,0.0,0.0,1,1
4.0,0.0,0.0,0.0,1,1
2.0,1.0,1.0,0.0,1,1
1.0,0.0,0.0,0.0,1,1
33.0,4.983788058752394,4.741363816328151,1.0,1,1
7.0,0.0,0.0,0.0,1,1
1.0,0.0,0.0,0.0,1,1
1.0,0.0,0.0,0.0,1,1
2.0,0.0,0.0,0.0,1,1
3.0,0.9182958340544894,1.584962500721156,0.0,1,1
1.0,0.0,0.0,0.0,1,1
9.0,0.0,0.0,0.0,1,1
79.0,1.073543687132133,1.073543687132133,0.0,1,1
44.0,1.6787088955280092,1.6787088955280092,0.0,1,1
45.0,1.2652030389153022,1.3985855328168153,0.0,1,1
30.0,4.840223928941851,4.573557262275185,0.0,1,1
79.0,3.141706128492419,5.252974975106085,0.0,1,1
389.0,3.746040672757501,6.13609479400525,0.0,1,2
33.0,4.983788058752394,4.692586832254308,1.0,1,1
3.0,0.9182958340544894,1.584962500721156,1.0,1,1
3.0,0.9182958340544894,1.584962500721156,1.0,1,1
2.0,0.0,1.0,0.0,1,1
2.0,0.0,0.0,0.0,1,1
1.0,0.0,0.0,0.0,1,1
1.0,0.0,0.0,0.0,1,1
1.0,0.0,0.0,0.0,1,1
5.0,2.0,2.0,0.0,1,1
6.0,1.584962500721156,1.9182958340544896,1.0,1,1
1.0,0.0,0.0,0.0,1,1
3.0,0.9182958340544894,1.584962500721156,1.0,1,1
2.0,0.0,0.0,0.0,1,1
6.0,1.584962500721156,1.9182958340544896,1.0,1,1
3.0,0.9182958340544894,1.584962500721156,1.0,1,1
188.0,0.0,5.234373807502539,0.0,1,1
123.0,0.0,4.959820599387857,0.0,1,1
65.0,3.150522214728558,0.0,0.0,1,1
110.0,5.606739354015321,5.606739354015321,0.0,1,1
38.0,1.9064416718000745,5.209453365628952,0.0,1,1
34.0,0.0,5.087462841250341,0.0,1,1
2.0,0.0,0.0,0.0,1,1
18.0,2.793345194191516,3.4548223999466057,0.0,1,1
152.0,3.4803284064640656,5.54075142704295,0.0,1,1
1.0,0.0,0.0,0.0,1,1
1.0,0.0,0.0,0.0,1,1
1.0,0.0,0.0,0.0,1,1
1.0,0.0,0.0,0.0,1,1
1.0,0.0,0.0,0.0,1,1
1.0,0.0,0.0,0.0,1,1
1.0,0.0,0.0,0.0,1,1
1.0,0.0,0.0,0.0,1,1
1.0,0.0,0.0,0.0,1,1
1.0,0.0,0.0,0.0,1,1
1.0,0.0,0.0,0.0,1,1
2.0,0.0,0.0,0.0,1,1
1.0,0.0,0.0,0.0,1,1
6.0,1.584962500721156,1.9182958340544896,1.0,1,1
36.0,5.003258334775645,4.781036112553425,1.0,1,1
9.0,1.5304930567574826,2.113283334294875,1.0,1,1
3.0,0.9182958340544894,1.584962500721156,1.0,1,1
3.0,0.9182958340544894,1.584962500721156,1.0,1,1
2.0,1.0,1.0,0.0,1,1
1.0,0.0,0.0,0.0,1,1
2.0,0.0,0.0,0.0,1,1
1.0,0.0,0.0,0.0,1,1
1.0,0.0,0.0,0.0,1,1
1.0,0.0,0.0,0.0,1,1
1.0,0.0,0.0,0.0,1,1
3.0,0.9182958340544894,1.584962500721156,1.0,1,1
3.0,0.9182958340544894,1.584962500721156,1.0,1,1
1.0,0.0,0.0,0.0,1,1
1.0,0.0,0.0,0.0,1,1
3.0,0.9182958340544894,1.584962500721156,1.0,1,1
1.0,0.0,0.0,0.0,1,1
2.0,1.0,1.0,0.0,1,1
9.0,1.974937501201927,2.113283334294875,1.0,1,1
3.0,0.9182958340544894,1.584962500721156,1.0,1,1
3.0,0.9182958340544894,1.584962500721156,1.0,1,1
2.0,0.0,0.0,0.0,1,1
2.0,1.0,1.0,0.0,1,1
1.0,0.0,0.0,0.0,1,1
23.0,4.523561956057013,4.523561956057013,0.0,1,1
3.0,0.9182958340544894,1.584962500721156,1.0,1,1
1.0,0.0,0.0,0.0,1,1
69.0,0.0,0.0,0.0,1,1
1.0,0.0,0.0,0.0,1,1
1.0,0.0,0.0,0.0,1,1
1.0,0.0,0.0,0.0,1,1
15.0,0.9709505944546688,2.321928094887362,0.0,1,1
1.0,0.0,0.0,0.0,1,1
16.0,2.177421283829365,3.10845859334435,0.0,1,1
22.0,2.735970393142132,3.196957186327418,0.0,1,1
59.0,2.704080776856097,4.167804655908872,0.0,1,1
73.0,2.8325407236747973,3.931704381285924,0.0,1,1
15.0,2.5220552088742,2.7516291673878235,0.0,1,1
135.0,0.9373572898432592,6.952705319257028,0.1231146356503105,1,1
20.0,2.3082708345352603,2.4885548621928453,0.0,1,1
1.0,0.0,0.0,1.0,1,1
32.0,2.460504653938499,2.604954080971466,0.0,1,1
2.0,0.0,0.0,0.0,1,1
64.0,2.551427490388553,4.021207710528198,0.0,1,1
61.0,2.815549216781481,4.160324136950665,0.0,1,1
14.0,0.7219280948873623,1.9219280948873625,0.0,1,1
2.0,0.0,0.0,0.0,1,1
64.0,2.968010652405485,4.142249631935519,0.0,1,1
64.0,3.3487025506803274,0.0,0.0,1,1
30.0,2.8049355947431307,3.3307501784370426,0.0,1,1
30.0,2.5608725820217257,3.130750178437042,0.0,1,1
67.0,2.8353785023601104,4.231958542893546,0.0,1,1
3755.0,5.780642655945392,6.6506940782109805,0.0,3,5
1.0,0.0,0.0,0.0,1,1
2.0,1.0,1.0,0.0,1,1
3.0,0.9182958340544894,1.584962500721156,1.0,1,1
3.0,0.9182958340544894,1.584962500721156,1.0,1,1
6.0,1.584962500721156,1.9182958340544896,1.0,1,1
30.0,4.773557262275185,3.955913095175824,0.0,1,1
1.0,0.0,0.0,0.0,1,1
3.0,0.9182958340544894,1.584962500721156,1.0,1,1
3.0,0.9182958340544894,1.584962500721156,1.0,1,1
1.0,0.0,0.0,0.0,1,1
3.0,1.0,1.0,1.0,1,1
3.0,0.9182958340544894,1.584962500721156,1.0,1,1
6.0,1.584962500721156,1.9182958340544896,1.0,1,1
30.0,4.840223928941851,4.573557262275185,0.0,1,1
6.0,1.584962500721156,1.9182958340544896,1.0,1,1
6.0,1.584962500721156,1.9182958340544896,1.0,1,1
3.0,0.9182958340544894,1.584962500721156,1.0,1,1
33.0,4.983788058752394,4.574400937409153,1.0,1,1
3.0,0.9182958340544894,1.584962500721156,1.0,1,1
3.0,0.9182958340544894,1.584962500721156,1.0,1,1
6.0,0.9182958340544894,1.9182958340544896,1.0,1,1
3.0,0.9182958340544894,1.584962500721156,1.0,1,1
1.0,0.0,0.0,0.0,1,1
6.0,1.584962500721156,1.9182958340544896,1.0,1,1
3.0,0.9182958340544894,1.584962500721156,1.0,1,1
3.0,0.9182958340544894,1.584962500721156,1.0,1,1
3.0,0.9182958340544894,1.584962500721156,1.0,1,1
1.0,0.0,0.0,0.0,1,1
1.0,0.0,0.0,0.0,1,1
1.0,0.0,0.0,0.0,1,1
1.0,0.0,0.0,0.0,1,1
2.0,0.0,0.0,0.0,1,1
2.0,0.0,0.0,0.0,1,1
1.0,0.0,0.0,0.0,1,1
1.0,0.0,0.0,0.0,1,1
1.0,0.0,0.0,0.0,1,1
1.0,0.0,0.0,0.0,1,1
1.0,0.0,0.0,0.0,1,1
1.0,0.0,0.0,0.0,1,1
1.0,0.0,0.0,0.0,1,1
1.0,0.0,0.0,0.0,1,1
1.0,0.0,0.0,0.0,1,1
1.0,0.0,0.0,0.0,1,1
1.0,0.0,0.0,0.0,1,1
1.0,0.0,0.0,0.0,1,1
1.0,0.0,0.0,0.0,1,1
1.0,0.0,0.0,0.0,1,1
1.0,0.0,0.0,0.0,1,1
1.0,0.0,0.0,0.0,1,1
1.0,0.0,0.0,0.0,1,1
1.0,0.0,0.0,0.0,1,1
1.0,0.0,0.0,0.0,1,1
1.0,0.0,0.0,0.0,1,1
2.0,0.0,0.0,0.0,1,1
1.0,0.0,0.0,0.0,1,1
1.0,0.0,0.0,0.0,1,1
1.0,0.0,0.0,0.0,1,1
1.0,0.0,0.0,0.0,1,1
1.0,0.0,0.0,0.0,1,1
3.0,0.0,0.0,0.0,1,1
1.0,0.0,0.0,0.0,1,1
1.0,0.0,0.0,0.0,1,1
2.0,0.0,0.0,0.0,1,1
1.0,0.0,0.0,0.0,1,1
1.0,0.0,0.0,0.0,1,1
2.0,0.0,0.0,0.0,1,1
1.0,0.0,0.0,0.0,1,1
2.0,0.0,0.0,0.0,1,1
2.0,0.0,0.0,0.0,1,1
1.0,0.0,0.0,0.0,1,1
1.0,0.0,0.0,0.0,1,1
1.0,0.0,0.0,0.0,1,1
1.0,0.0,0.0,0.0,1,1
2.0,0.0,0.0,0.0,1,1
1.0,0.0,0.0,0.0,1,1
1.0,0.0,0.0,0.0,1,1
3.0,0.0,0.0,0.0,1,1
1.0,0.0,0.0,0.0,1,1
2.0,0.0,0.0,0.0,1,1
1.0,0.0,0.0,0.0,1,1
1.0,0.0,0.0,0.0,1,1
1.0,0.0,0.0,0.0,1,1
1.0,0.0,0.0,0.0,1,1
1.0,0.0,0.0,0.0,1,1
2.0,0.0,0.0,0.0,1,1
2.0,0.0,0.0,0.0,1,1
1.0,0.0,0.0,0.0,1,1
1.0,0.0,0.0,0.0,1,1
1.0,0.0,0.0,0.0,1,1
1.0,0.0,0.0,0.0,1,1
1.0,0.0,0.0,0.0,1,1
2.0,0.0,0.0,0.0,1,1
1.0,0.0,0.0,0.0,1,1
1.0,0.0,0.0,0.0,1,1
1.0,0.0,0.0,0.0,1,1
1.0,0.0,0.0,0.0,1,1
1.0,0.0,0.0,0.0,1,1
1.0,0.0,0.0,0.0,1,1
1.0,0.0,0.0,0.0,1,1
1.0,0.0,0.0,0.0,1,1
1.0,0.0,0.0,0.0,1,1
1.0,0.0,0.0,0.0,1,1
1.0,0.0,0.0,0.0,1,1
1.0,0.0,0.0,0.0,1,1
1.0,0.0,0.0,0.0,1,1
1.0,0.0,0.0,0.0,1,1
1.0,0.0,0.0,0.0,1,1
1.0,0.0,0.0,0.0,1,1
39.0,4.958353821370878,4.836433629007712,1.0,1,1
9.0,1.974937501201927,2.113283334294875,1.0,1,1
3.0,0.9182958340544894,1.584962500721156,1.0,1,1
2.0,1.0,1.0,0.0,1,1
1.0,0.0,0.0,0.0,1,1
2.0,0.0,0.0,0.0,1,1
1.0,0.0,0.0,0.0,1,1
1.0,0.0,0.0,0.0,1,1
1.0,0.0,0.0,0.0,1,1
1.0,0.0,0.0,0.0,1,1
1.0,0.0,0.0,0.0,1,1
1.0,0.0,0.0,0.0,1,1
3.0,0.9182958340544894,1.584962500721156,1.0,1,1
66.0,3.354781974199744,3.8608227129654256,1.0,1,1
3.0,0.9182958340544894,1.584962500721156,1.0,1,1
1.0,0.0,0.0,0.0,1,1
1.0,0.0,0.0,0.0,1,1
1.0,0.0,0.0,0.0,1,1
84.0,4.792250677073681,5.718449907586782,0.0,1,1
14.0,2.0,2.0,0.0,1,1
1.0,0.0,0.0,0.0,1,1
30.0,4.078418520441602,4.324900817925069,0.0,1,1
2.0,0.0,0.0,0.0,1,1
66.0,1.116941458218668,6.014091089055423,0.0,1,1
2.0,1.0,1.0,0.0,1,1
3.0,0.9182958340544894,1.584962500721156,1.0,1,1
3.0,0.9182958340544894,1.584962500721156,1.0,1,1
6.0,1.584962500721156,1.9182958340544896,1.0,1,1
3.0,0.9182958340544894,1.584962500721156,1.0,1,1
1.0,0.0,0.0,0.0,1,1
3.0,0.9182958340544894,1.584962500721156,1.0,1,1
1.0,0.0,0.0,0.0,1,1
1.0,0.0,0.0,0.0,1,1
1.0,0.0,0.0,0.0,1,1
1.0,0.0,0.0,0.0,1,1
1.0,0.0,0.0,0.0,1,1
1.0,0.0,0.0,0.0,1,1
1.0,0.0,0.0,0.0,1,1
1.0,0.0,0.0,0.0,1,1
1.0,0.0,0.0,0.0,1,1
1.0,0.0,0.0,0.0,1,1
1.0,0.0,0.0,0.0,1,1
1.0,0.0,0.0,0.0,1,1
1.0,0.0,0.0,0.0,1,1
1.0,0.0,0.0,0.0,1,1
1.0,0.0,0.0,0.0,1,1
2.0,0.0,0.0,0.0,1,1
1.0,0.0,0.0,0.0,1,1
1.0,0.0,0.0,0.0,1,1
1.0,0.0,0.0,0.0,1,1
1.0,0.0,0.0,0.0,1,1
1.0,0.0,0.0,0.0,1,1
1.0,0.0,0.0,0.0,1,1
1.0,0.0,0.0,0.0,1,1
1.0,0.0,0.0,0.0,1,1
1.0,0.0,0.0,0.0,1,1
1.0,0.0,0.0,0.0,1,1
1.0,0.0,0.0,0.0,1,1
1.0,0.0,0.0,0.0,1,1
1.0,0.0,0.0,0.0,1,1
1.0,0.0,0.0,0.0,1,1
1.0,0.0,0.0,0.0,1,1
1.0,0.0,0.0,0.0,1,1
1.0,0.0,0.0,0.0,1,1
1.0,0.0,0.0,0.0,1,1
1.0,0.0,0.0,0.0,1,1
1.0,0.0,0.0,0.0,1,1
3.0,0.9182958340544894,1.584962500721156,1.0,1,1
3.0,0.9182958340544894,1.584962500721156,1.0,1,1
3.0,0.9182958340544894,1.584962500721156,1.0,1,1
3.0,0.9182958340544894,1.584962500721156,1.0,1,1
3.0,0.9182958340544894,1.584962500721156,1.0,1,1
1.0,0.0,0.0,0.0,1,1
1.0,0.0,0.0,0.0,1,1
1.0,0.0,0.0,0.0,1,1
1.0,0.0,0.0,0.0,1,1
1.0,0.0,0.0,0.0,1,1
1.0,0.0,0.0,0.0,1,1
1.0,0.0,0.0,0.0,1,1
1.0,0.0,0.0,0.0,1,1
1.0,0.0,0.0,0.0,1,1
3.0,0.9182958340544894,1.584962500721156,1.0,1,1
2.0,1.0,1.0,0.0,1,1
3.0,0.9182958340544894,1.584962500721156,1.0,1,1
1.0,0.0,0.0,0.0,1,1
1.0,0.0,0.0,0.0,1,1
1.0,0.0,0.0,0.0,1,1
1.0,0.0,0.0,0.0,1,1
1.0,0.0,0.0,0.0,1,1
1.0,0.0,0.0,0.0,1,1
1.0,0.0,0.0,0.0,1,1
1.0,0.0,0.0,0.0,1,1
1.0,0.0,0.0,0.0,1,1
1.0,0.0,0.0,0.0,1,1
1.0,0.0,0.0,0.0,1,1
1.0,0.0,0.0,0.0,1,1
1.0,0.0,0.0,0.0,1,1
1.0,0.0,0.0,0.0,1,1
1.0,0.0,0.0,0.0,1,1
1.0,0.0,0.0,0.0,1,1
1.0,0.0,0.0,0.0,1,1
1.0,0.0,0.0,0.0,1,1
1.0,0.0,0.0,0.0,1,1
1.0,0.0,0.0,0.0,1,1
1.0,0.0,0.0,0.0,1,1
1.0,0.0,0.0,0.0,1,1
1.0,0.0,0.0,0.0,1,1
1.0,0.0,0.0,0.0,1,1
1.0,0.0,0.0,0.0,1,1
1.0,0.0,0.0,0.0,1,1
1.0,0.0,0.0,0.0,1,1
1.0,0.0,0.0,0.0,1,1
3.0,0.9182958340544894,1.584962500721156,1.0,1,1
1.0,0.0,0.0,0.0,1,1
1.0,0.0,0.0,0.0,1,1
1.0,0.0,0.0,0.0,1,1
1.0,0.0,0.0,0.0,1,1
1.0,0.0,0.0,0.0,1,1
1.0,0.0,0.0,0.0,1,1
1.0,0.0,0.0,0.0,1,1
1.0,0.0,0.0,0.0,1,1
3.0,0.9182958340544894,1.584962500721156,1.0,1,1
1.0,0.0,0.0,0.0,1,1
1.0,0.0,0.0,0.0,1,1
1.0,0.0,0.0,0.0,1,1
1.0,0.0,0.0,0.0,1,1
3.0,0.9182958340544894,1.584962500721156,1.0,1,1
3.0,0.9182958340544894,1.584962500721156,1.0,1,1
3.0,0.9182958340544894,1.584962500721156,1.0,1,1
3.0,0.9182958340544894,1.584962500721156,1.0,1,1
3.0,0.9182958340544894,1.584962500721156,1.0,1,1
3.0,0.9182958340544894,1.584962500721156,1.0,1,1
3.0,0.9182958340544894,1.584962500721156,1.0,1,1
1.0,0.0,0.0,0.0,1,1
3.0,0.9182958340544894,1.584962500721156,1.0,1,1
3.0,0.9182958340544894,1.584962500721156,1.0,1,1
1.0,0.0,0.0,0.0,1,1
6.0,0.9182958340544894,1.9182958340544896,1.0,1,1
3.0,0.9182958340544894,1.584962500721156,1.0,1,1
3.0,0.9182958340544894,1.584962500721156,1.0,1,1
1.0,0.0,0.0,0.0,1,1
3.0,0.0,0.0,0.0,1,1
1.0,0.0,0.0,0.0,1,1
6.0,1.584962500721156,1.9182958340544896,1.0,1,1
3.0,0.0,0.0,0.0,1,1
3.0,0.9182958340544894,1.584962500721156,1.0,1,1
1.0,0.0,0.0,0.0,1,1
3.0,0.9182958340544894,1.584962500721156,1.0,1,1
1.0,0.0,0.0,0.0,1,1
1.0,0.0,0.0,0.0,1,1
3.0,0.9182958340544894,1.584962500721156,1.0,1,1
2.0,0.0,0.0,0.0,1,1
1.0,0.0,0.0,0.0,1,1
6.0,1.5219280948873626,1.9219280948873625,1.0,1,1
6.0,0.0,0.0,0.0,1,1
3.0,0.9182958340544894,1.584962500721156,1.0,1,1
3.0,0.9182958340544894,1.584962500721156,1.0,1,1
3.0,0.9182958340544894,1.584962500721156,1.0,1,1
6.0,1.584962500721156,1.9182958340544896,1.0,1,1
6.0,1.584962500721156,1.9182958340544896,1.0,1,1
9.0,1.974937501201927,2.113283334294875,1.0,1,1
3.0,0.9182958340544894,1.584962500721156,1.0,1,1
30.0,4.906890595608518,4.506890595608518,0.0,1,1
9.0,1.974937501201927,2.113283334294875,1.0,1,1
2.0,0.0,0.0,0.0,1,1
3.0,0.9182958340544894,1.584962500721156,1.0,1,1
5.0,1.5,2.0,1.0,1,1
2.0,0.0,0.0,0.0,1,1
3.0,0.9182958340544894,1.584962500721156,1.0,1,1
2.0,0.0,0.0,0.0,1,1
3.0,0.9182958340544894,1.584962500721156,1.0,1,1
3.0,0.9182958340544894,1.584962500721156,1.0,1,1
36.0,5.003258334775645,4.871178126382218,1.0,1,1
3.0,0.9182958340544894,1.584962500721156,1.0,1,1
6.0,1.584962500721156,1.9182958340544896,1.0,1,1
3.0,0.9182958340544894,1.584962500721156,1.0,1,1
1.0,0.0,0.0,0.0,1,1
1.0,0.0,0.0,0.0,1,1
2.0,0.0,0.0,0.0,1,1
30.0,4.773557262275185,4.840223928941851,0.0,1,1
3.0,0.9182958340544894,1.584962500721156,1.0,1,1
2.0,0.0,0.0,0.0,1,1
3.0,0.0,0.0,4.247927513443585,1,1
2.0,0.0,0.0,0.0,1,1
3.0,0.9182958340544894,1.584962500721156,1.0,1,1
3.0,0.9182958340544894,1.584962500721156,1.0,1,1
3.0,0.9182958340544894,1.584962500721156,1.0,1,1
3.0,0.9182958340544894,1.584962500721156,1.0,1,1
1.0,0.0,0.0,0.0,1,1
3.0,0.9182958340544894,1.584962500721156,1.0,1,1
1.0,0.0,0.0,0.0,1,1
2.0,1.0,1.0,0.0,1,1
4.0,0.9182958340544894,1.584962500721156,1.0,1,1
3.0,0.9182958340544894,1.584962500721156,1.0,1,1
3.0,0.9182958340544894,1.584962500721156,1.0,1,1
6.0,1.584962500721156,1.9182958340544896,1.0,1,1
1889.0,9.18852177521185,0.0,0.0,2,3
3.0,0.9182958340544894,1.584962500721156,1.0,1,1
1.0,0.0,0.0,0.0,1,1
6.0,0.9182958340544894,1.9182958340544896,1.0,1,1
3.0,0.0,0.0,0.0,1,1
2.0,0.0,0.0,0.0,1,1
4.0,0.0,1.5,0.0,1,1
1.0,0.0,1.0,3.1699250014423126,1,1
3.0,0.9182958340544894,1.584962500721156,1.0,1,1
4.0,0.0,0.0,4.321928094887362,1,1
4.0,0.0,0.0,0.0,1,1
2.0,0.0,0.0,0.0,1,1
5.0,0.0,1.0,0.0,1,1
3.0,0.0,0.0,0.0,1,1
1.0,0.0,0.0,0.0,1,1
1.0,0.0,0.0,0.0,1,1
3.0,0.0,0.0,4.321928094887362,1,1
3.0,0.0,0.0,0.0,1,1
2.0,0.0,0.0,0.0,1,1
4.0,0.0,0.0,0.0,1,1
1.0,0.0,0.0,0.0,1,1
3.0,0.0,1.0,1.0,1,1
5.0,0.0,0.0,0.0,1,1
5.0,0.0,0.0,0.0,1,1
1.0,0.0,0.0,0.0,1,1
3.0,1.584962500721156,1.584962500721156,0.0,1,1
5.0,0.0,0.0,0.0,1,1
1.0,0.0,0.0,0.0,1,1
3.0,0.9182958340544894,1.584962500721156,1.0,1,1
1.0,0.0,0.0,0.0,1,1
1.0,0.0,0.0,0.0,1,1
1.0,0.0,0.0,0.0,1,1
1.0,0.0,0.0,0.0,1,1
1.0,0.0,0.0,0.0,1,1
1.0,0.0,0.0,0.0,1,1
1.0,0.0,0.0,0.0,1,1
1.0,0.0,0.0,0.0,1,1
1.0,0.0,0.0,0.0,1,1
1.0,0.0,0.0,0.0,1,1
2.0,0.0,0.0,0.0,1,1
1.0,0.0,0.0,0.0,1,1
1.0,0.0,0.0,0.0,1,1
1.0,0.0,0.0,0.0,1,1
2.0,0.0,0.0,0.0,1,1
1.0,0.0,0.0,0.0,1,1
1.0,0.0,0.0,0.0,1,1
1.0,0.0,0.0,0.0,1,1
1.0,0.0,0.0,0.0,1,1
1.0,0.0,0.0,0.0,1,1
1.0,0.0,0.0,0.0,1,1
1.0,0.0,0.0,0.0,1,1
1.0,0.0,0.0,0.0,1,1
1.0,0.0,0.0,0.0,1,1
1.0,0.0,0.0,0.0,1,1
1.0,0.0,0.0,0.0,1,1
2.0,0.0,0.0,0.0,1,1
1.0,0.0,0.0,0.0,1,1
1.0,0.0,0.0,0.0,1,1
1.0,0.0,0.0,0.0,1,1
1.0,0.0,0.0,0.0,1,1
1.0,0.0,0.0,0.0,1,1
1.0,0.0,0.0,0.0,1,1
1.0,0.0,0.0,0.0,1,1
1.0,0.0,0.0,0.0,1,1
2.0,0.0,0.0,0.0,1,1
1.0,0.0,0.0,0.0,1,1
1.0,0.0,0.0,0.0,1,1
1.0,0.0,0.0,0.0,1,1
2.0,0.0,0.0,0.0,1,1
1.0,0.0,0.0,0.0,1,1
1.0,0.0,0.0,0.0,1,1
1.0,0.0,0.0,0.0,1,1
1.0,0.0,0.0,0.0,1,1
1.0,0.0,0.0,0.0,1,1
1.0,0.0,0.0,0.0,1,1
1.0,0.0,0.0,0.0,1,1
1.0,0.0,0.0,0.0,1,1
1.0,0.0,0.0,0.0,1,1
2.0,0.0,0.0,0.0,1,1
1.0,0.0,0.0,0.0,1,1
1.0,0.0,0.0,0.0,1,1
1.0,0.0,0.0,0.0,1,1
1.0,0.0,0.0,0.0,1,1
1.0,0.0,0.0,0.0,1,1
1.0,0.0,0.0,0.0,1,1
1.0,0.0,0.0,0.0,1,1
3.0,0.0,0.0,0.0,1,1
1.0,0.0,0.0,0.0,1,1
1.0,0.0,0.0,0.0,1,1
3.0,0.0,0.0,0.0,1,1
1.0,0.0,0.0,0.0,1,1
1.0,0.0,0.0,0.0,1,1
2.0,0.0,0.0,0.0,1,1
1.0,0.0,0.0,0.0,1,1
3.0,0.0,0.0,0.0,1,1
2.0,0.0,0.0,0.0,1,1
1.0,0.0,0.0,0.0,1,1
2.0,0.0,0.0,0.0,1,1
1.0,0.0,0.0,0.0,1,1
3.0,0.9182958340544894,1.584962500721156,1.0,1,1
6.0,1.584962500721156,1.9182958340544896,1.0,1,1
1.0,0.0,0.0,0.0,1,1
1.0,0.0,0.0,0.0,1,1
1.0,0.0,0.0,0.0,1,1
1.0,0.0,0.0,0.0,1,1
1.0,0.0,0.0,0.0,1,1
1.0,0.0,0.0,0.0,1,1
1.0,0.0,0.0,0.0,1,1
1.0,0.0,0.0,0.0,1,1
1.0,0.0,0.0,0.0,1,1
1.0,0.0,0.0,0.0,1,1
1.0,0.0,0.0,0.0,1,1
1.0,0.0,0.0,0.0,1,1
3.0,0.9182958340544894,1.584962500721156,1.0,1,1
3.0,0.9182958340544894,1.584962500721156,1.0,1,1
6.0,1.584962500721156,1.9182958340544896,1.0,1,1
6.0,1.584962500721156,1.9182958340544896,1.0,1,1
1.0,0.0,0.0,0.0,1,1
3.0,0.9182958340544894,1.584962500721156,1.0,1,1
3.0,0.9182958340544894,1.584962500721156,1.0,1,1
3.0,0.9182958340544894,1.584962500721156,1.0,1,1
1.0,0.0,0.0,0.0,1,1
1.0,0.0,0.0,0.0,1,1
3.0,0.9182958340544894,1.584962500721156,1.0,1,1
2.0,0.0,0.0,0.0,1,1
3.0,0.9182958340544894,1.584962500721156,1.0,1,1
6.0,0.9182958340544894,1.9182958340544896,1.0,1,1
3.0,0.9182958340544894,1.584962500721156,1.0,1,1
3.0,1.0,1.0,0.0,1,1
2.0,0.0,0.0,0.0,1,1
1.0,0.0,0.0,0.0,1,1
6.0,0.9182958340544894,1.9182958340544896,1.0,1,1
6.0,1.584962500721156,1.584962500721156,1.0,1,1
3.0,0.9182958340544894,1.584962500721156,1.0,1,1
3.0,0.9182958340544894,1.584962500721156,1.0,1,1
53.0,4.029807247016029,3.9770905013656286,1.0,1,1
2.0,0.0,0.0,0.0,1,1
1.0,0.0,0.0,0.0,1,1
1.0,0.0,0.0,0.0,1,1
2.0,1.0,1.0,0.0,1,1
6.0,1.584962500721156,1.9182958340544896,1.0,1,1
3.0,0.9182958340544894,1.584962500721156,1.0,1,1
6.0,1.584962500721156,1.9182958340544896,1.0,1,1
470.0,5.776970127332715,6.652383128490404,0.0,1,2
235.0,5.776970127332715,6.652383128490401,0.0,1,1
1.0,0.0,0.0,0.0,1,1
1.0,0.0,0.0,0.0,1,1
3.0,0.9182958340544894,1.584962500721156,1.0,1,1
235.0,5.776970127332716,6.6523831284904045,0.0,1,1
235.0,5.776970127332715,6.652383128490404,0.0,1,1
1.0,0.0,0.0,0.0,1,1
1.0,0.0,0.0,0.0,1,1
24.0,0.9182958340544894,1.584962500721156,0.0,1,1
9.0,1.5304930567574826,2.113283334294875,1.0,1,1
2.0,0.0,0.0,0.0,1,1
235.0,5.776970127332716,6.652383128490402,0.0,1,1
235.0,5.776970127332714,6.652383128490402,0.0,1,1
470.0,5.776970127332715,6.652383128490401,0.0,1,2
235.0,5.776970127332715,6.652383128490401,0.0,1,1
30.0,4.906890595608518,4.681727678869736,0.0,1,1
3.0,0.9182958340544894,1.584962500721156,1.0,1,1
36.0,5.003258334775646,4.781036112553425,1.0,1,1
1.0,0.0,0.0,0.0,1,1
3.0,0.9182958340544894,1.584962500721156,1.0,1,1
3.0,0.0,0.0,4.247927513443585,1,1
1.0,0.0,0.0,0.0,1,1
3.0,0.0,1.584962500721156,0.0,1,1
1.0,0.0,1.0,3.0,1,1
1.0,0.0,1.0,3.1699250014423126,1,1
6.0,0.9182958340544894,1.9182958340544896,1.0,1,1
4.0,2.0,2.0,0.0,1,1
1.0,0.0,0.0,0.0,1,1
3.0,0.9182958340544894,1.584962500721156,1.0,1,1
6.0,1.584962500721156,1.9182958340544896,1.0,1,1
9.0,1.974937501201927,2.113283334294875,1.0,1,1
6.0,1.584962500721156,1.9182958340544896,1.0,1,1
3.0,0.9182958340544894,1.584962500721156,1.0,1,1
9.0,1.974937501201927,2.113283334294875,1.0,1,1
3.0,0.9182958340544894,1.584962500721156,1.0,1,1
1.0,0.0,0.0,0.0,1,1
1.0,0.0,1.0,3.0,1,1
1.0,0.0,0.0,0.0,1,1
1.0,0.0,0.0,0.0,1,1
1.0,0.0,0.0,0.0,1,1
1.0,0.0,0.0,0.0,1,1
1.0,0.0,0.0,0.0,1,1
1.0,0.0,1.0,3.0,1,1
2.0,1.0,1.0,0.0,1,1
1.0,0.0,0.0,0.0,1,1
1.0,0.0,0.0,0.0,1,1
1.0,0.0,1.0,3.1699250014423126,1,1
4.0,0.0,0.0,0.0,1,1
3.0,0.0,0.0,0.0,1,1
1.0,0.0,0.0,0.0,1,1
3.0,0.9182958340544894,1.584962500721156,1.0,1,1
3.0,0.9182958340544894,1.584962500721156,1.0,1,1
1.0,0.0,0.0,0.0,1,1
1.0,0.0,0.0,0.0,1,1
30.0,4.840223928941851,4.573557262275185,0.0,1,1
1.0,0.0,0.0,0.0,1,1
1.0,0.0,0.0,0.0,1,1
1.0,0.0,0.0,0.0,1,1
3.0,0.9182958340544894,1.584962500721156,1.0,1,1
1.0,0.0,1.0,3.0,1,1
1.0,0.0,0.0,0.0,1,1
1.0,0.0,0.0,0.0,1,1
1.0,0.0,0.0,0.0,1,1
1.0,0.0,1.0,3.0,1,1
3.0,1.584962500721156,1.584962500721156,0.0,1,1
3.0,0.9182958340544894,1.584962500721156,1.0,1,1
5.0,1.5219280948873626,1.9219280948873625,1.0,1,1
3.0,0.9182958340544894,1.584962500721156,1.0,1,1
1.0,0.0,0.0,0.0,1,1
3.0,0.9182958340544894,1.584962500721156,1.0,1,1
12.0,2.251629167387823,2.251629167387823,1.0,1,1
3.0,0.9182958340544894,1.584962500721156,1.0,1,1
6.0,1.584962500721156,1.9182958340544896,1.0,1,1
3.0,0.9182958340544894,1.584962500721156,1.0,1,1
6.0,1.584962500721156,1.9182958340544896,1.0,1,1
3.0,0.9182958340544894,1.584962500721156,1.0,1,1
1.0,0.0,0.0,0.0,1,1
3.0,0.9182958340544894,1.584962500721156,1.0,1,1
3.0,0.9182958340544894,1.584962500721156,1.0,1,1
39.0,4.958353821370877,4.643875295563429,1.0,1,1
28.0,4.807354922057605,4.450212064914747,0.0,1,1
1.0,0.0,0.0,0.0,1,1
3.0,0.9182958340544894,1.584962500721156,1.0,1,1
1.0,0.0,0.0,0.0,1,1
1.0,0.0,0.0,0.0,1,1
30.0,4.906890595608518,4.323231428797621,0.0,1,1
3.0,0.9182958340544894,1.584962500721156,1.0,1,1
2.0,1.0,1.0,0.0,1,1
3.0,0.0,0.0,0.0,1,1
1.0,0.0,0.0,0.0,1,1
1.0,0.0,0.0,0.0,1,1
1.0,0.0,0.0,0.0,1,1
2.0,0.0,0.0,0.0,1,1
2.0,0.0,0.0,0.0,1,1
1.0,0.0,0.0,0.0,1,1
1.0,0.0,0.0,0.0,1,1
1.0,0.0,0.0,0.0,1,1
30.0,4.906890595608518,4.748394345536402,0.0,1,1
6.0,1.584962500721156,1.9182958340544896,1.0,1,1
1.0,0.0,0.0,0.0,1,1
2.0,0.0,0.0,0.0,1,1
2.0,0.0,0.0,0.0,1,1
3.0,0.9182958340544894,1.584962500721156,1.0,1,1
3.0,0.9182958340544894,1.584962500721156,1.0,1,1
3.0,0.9182958340544894,1.584962500721156,1.0,1,1
3.0,0.9182958340544894,1.584962500721156,1.0,1,1
2.0,0.0,1.0,0.0,1,1
1.0,0.0,0.0,0.0,1,1
2.0,0.0,0.0,0.0,1,1
5.0,0.0,0.0,0.0,1,1
1.0,0.0,0.0,0.0,1,1
3.0,0.9182958340544894,1.584962500721156,1.0,1,1
3.0,0.9182958340544894,1.584962500721156,1.0,1,1
1.0,0.0,0.0,0.0,1,1
6.0,1.584962500721156,1.9182958340544896,1.0,1,1
3.0,0.9182958340544894,1.584962500721156,1.0,1,1
1.0,0.0,0.0,0.0,1,1
3.0,0.9182958340544894,1.584962500721156,1.0,1,1
6.0,1.584962500721156,1.9182958340544896,1.0,1,1
1.0,0.0,0.0,0.0,1,1
1.0,0.0,0.0,0.0,1,1
1.0,0.0,0.0,0.0,1,1
3.0,0.9182958340544894,1.584962500721156,1.0,1,1
3.0,0.9182958340544894,1.584962500721156,1.0,1,1
4.0,0.0,1.0,1.0,1,1
3.0,0.9182958340544894,1.584962500721156,1.0,1,1
2.0,0.0,0.0,0.0,1,1
1.0,0.0,0.0,0.0,1,1
5.0,0.9182958340544894,1.584962500721156,1.0,1,1
1.0,0.0,0.0,0.0,1,1
4.0,0.0,1.0,0.0,1,1
2.0,0.0,0.0,0.0,1,1
1.0,0.0,0.0,0.0,1,1
3.0,0.9182958340544894,1.584962500721156,1.0,1,1
6.0,1.584962500721156,1.9182958340544896,1.0,1,1
1.0,0.0,0.0,0.0,1,1
1.0,0.0,1.0,3.0,1,1
3.0,0.9182958340544894,1.584962500721156,1.0,1,1
3.0,0.0,0.0,0.0,1,1
2.0,0.0,0.0,0.0,1,1
1.0,0.0,0.0,0.0,1,1
3.0,1.0,1.0,1.0,1,1
1.0,0.0,0.0,0.0,1,1
6.0,1.584962500721156,1.9182958340544896,1.0,1,1
2.0,0.0,0.0,0.0,1,1
2.0,0.0,0.0,0.0,1,1
4.0,0.9182958340544894,1.584962500721156,1.0,1,1
7.0,1.584962500721156,1.9182958340544896,1.0,1,1
1.0,0.0,0.0,0.0,1,1
3.0,0.0,1.0,1.0,1,1
1.0,0.0,0.0,0.0,1,1
3.0,0.9182958340544894,1.584962500721156,1.0,1,1
3.0,0.9182958340544894,1.584962500721156,1.0,1,1
6.0,1.5219280948873626,1.9219280948873625,1.0,1,1
1.0,0.0,0.0,0.0,1,1
34.0,4.221928094887362,3.9219280948873614,1.0,1,1
1.0,0.0,0.0,0.0,1,1
1.0,0.0,0.0,0.0,1,1
4.0,0.0,1.0,3.1699250014423126,1,1
1.0,0.0,0.0,0.0,1,1
3.0,0.0,0.0,4.321928094887362,1,1
194.0,0.0,0.0,0.0,1,1
284.0,0.0,0.0,0.0,1,1
259.0,0.0,0.0,0.0,1,1
12.0,0.0,0.0,0.0,1,1
34.0,0.0,2.1324033239967863,1.584962500721156,1,1
25.0,0.0,2.506144066853198,0.0,1,1
27.0,0.0,2.175202892741127,0.0,1,1
1.0,0.0,0.0,0.0,1,1
268.0,0.0,0.0,0.0,1,1
3.0,0.0,0.0,0.0,1,1
5.0,0.0,0.0,0.0,1,1
8.0,0.0,0.0,0.0,1,1
7.0,0.0,0.0,0.0,1,1
4.0,0.0,0.0,0.0,1,1
2.0,0.0,0.0,0.0,1,1
6.0,0.0,0.0,0.0,1,1
5.0,0.0,0.0,0.0,1,1
1.0,0.0,0.0,0.0,1,1
1.0,0.0,0.0,0.0,1,1
1.0,0.0,0.0,0.0,1,1
4.0,0.0,0.0,0.0,1,1
278.0,0.0,0.0,0.0,1,1
288.0,0.0,0.0,0.0,1,1
273.0,0.0,0.0,0.0,1,1
272.0,0.0,0.0,0.0,1,1
297.0,0.0,0.0,0.0,1,1
300.0,0.0,0.0,0.0,1,1
287.0,0.0,0.0,0.0,1,1
288.0,0.0,0.0,0.0,1,1
301.0,0.0,0.0,0.0,1,1
297.0,0.0,0.0,0.0,1,1
321.0,0.0,0.0,0.0,1,1
295.0,0.0,0.0,0.0,1,1
312.0,0.0,0.0,0.0,1,1
316.0,0.0,0.0,0.0,1,1
272.0,0.0,0.0,0.0,1,1
287.0,0.0,0.0,0.0,1,1
289.0,0.0,0.0,0.0,1,1
289.0,0.0,0.0,0.0,1,1
273.0,0.0,0.0,0.0,1,1
293.0,0.0,0.0,0.0,1,1
1.0,0.0,0.0,0.0,1,1
1.0,0.0,0.0,0.0,1,1
4.0,0.9182958340544894,1.584962500721156,1.0,1,1
2.0,0.0,0.0,0.0,1,1
27.0,2.142690279460476,2.56753009379452,1.0,1,1
1.0,0.0,0.0,0.0,1,1
1.0,0.0,0.0,0.0,1,1
1.0,0.0,0.0,0.0,1,1
3.0,0.9182958340544894,1.584962500721156,1.0,1,1
2.0,0.0,0.0,0.0,1,1
6.0,1.0,1.0,4.421928094887361,1,1
6.0,0.9182958340544894,1.584962500721156,1.0,1,1
6.0,0.9182958340544894,1.9182958340544896,1.0,1,1
1.0,0.0,0.0,0.0,1,1
2.0,0.0,1.0,1.0,1,1
1.0,0.0,0.0,0.0,1,1
1.0,0.0,0.0,0.0,1,1
1.0,0.0,0.0,0.0,1,1
1.0,0.0,0.0,0.0,1,1
2.0,0.0,0.0,0.0,1,1
2.0,0.0,1.0,3.1699250014423126,1,1
4.0,0.0,1.0,3.0,1,1
3.0,1.0,1.0,1.0,1,1
1.0,0.0,0.0,0.0,1,1
1.0,0.0,0.0,0.0,1,1
1.0,0.0,0.0,0.0,1,1
2.0,0.0,0.0,0.0,1,1
7.0,1.584962500721156,1.9182958340544896,1.0,1,1
1.0,0.0,0.0,0.0,1,1
1.0,0.0,0.0,0.0,1,1
7.0,1.584962500721156,1.9182958340544896,1.0,1,1
4.0,0.9182958340544894,1.584962500721156,1.0,1,1
3.0,1.584962500721156,1.584962500721156,0.0,1,1
1.0,0.0,0.0,0.0,1,1
3.0,0.9182958340544894,1.584962500721156,1.0,1,1
2.0,1.0,1.0,0.0,1,1
1.0,0.0,1.0,3.0,1,1
3.0,0.0,0.0,0.0,1,1
1.0,0.0,0.0,0.0,1,1
1.0,0.0,1.0,3.0,1,1
1.0,0.0,1.0,3.1699250014423126,1,1
2.0,0.0,0.0,0.0,1,1
2.0,0.0,0.0,0.0,1,1
1.0,0.0,1.0,3.0,1,1
88.0,2.7950959995385167,3.257580508212307,1.0,1,1
6.0,1.584962500721156,1.9182958340544896,1.0,1,1
1.0,0.0,0.0,0.0,1,1
2.0,0.0,0.0,0.0,1,1
2.0,0.0,0.0,0.0,1,1
1.0,0.0,0.0,0.0,1,1
1.0,0.0,0.0,0.0,1,1
1.0,0.0,0.0,0.0,1,1
1.0,0.0,0.0,0.0,1,1
2.0,0.0,0.0,0.0,1,1
6.0,0.9182958340544894,1.9182958340544896,1.0,1,1
4.0,0.9182958340544894,1.584962500721156,1.0,1,1
3.0,0.9182958340544894,1.584962500721156,1.0,1,1
4.0,0.0,0.0,4.321928094887362,1,1
1.0,0.0,0.0,0.0,1,1
3.0,1.0,1.0,1.0,1,1
6.0,0.0,1.0,0.0,1,1
2.0,1.0,1.0,1.0,1,1
2.0,0.0,0.0,0.0,1,1
3.0,0.9182958340544894,1.584962500721156,1.0,1,1
1.0,0.0,0.0,0.0,1,1
1.0,0.0,1.0,3.0,1,1
1.0,0.0,0.0,0.0,1,1
6.0,1.584962500721156,1.9182958340544896,1.0,1,1
6.0,1.584962500721156,1.9182958340544896,1.0,1,1
4.0,0.0,0.0,0.0,1,1
1.0,0.0,1.0,3.1699250014423126,1,1
1.0,0.0,0.0,0.0,1,1
1.0,0.0,1.0,3.0,1,1
3.0,0.9182958340544894,1.584962500721156,0.0,1,1
2.0,0.0,0.0,0.0,1,1
1.0,0.0,0.0,0.0,1,1
1.0,0.0,0.0,0.0,1,1
1.0,0.0,0.0,0.0,1,1
1.0,0.0,0.0,0.0,1,1
1.0,0.0,0.0,0.0,1,1
3.0,0.0,0.0,4.321928094887362,1,1
2.0,0.0,0.0,0.0,1,1
1.0,0.0,0.0,0.0,1,1
1.0,0.0,0.0,0.0,1,1
1.0,0.0,0.0,0.0,1,1
1.0,0.0,0.0,0.0,1,1
2.0,0.0,0.0,0.0,1,1
1.0,0.0,0.0,0.0,1,1
1.0,0.0,0.0,0.0,1,1
2.0,0.0,0.0,0.0,1,1
4.0,0.9182958340544894,1.584962500721156,1.0,1,1
1.0,0.0,0.0,0.0,1,1
1.0,0.0,0.0,0.0,1,1
2.0,0.0,0.0,0.0,1,1
1.0,0.0,0.0,0.0,1,1
1.0,0.0,0.0,0.0,1,1
2.0,0.0,0.0,0.0,1,1
30.0,4.906890595608518,4.040223928941852,0.0,1,1
2.0,0.0,0.0,0.0,1,1
1.0,0.0,0.0,0.0,1,1
33.0,4.983788058752394,4.5713747110421865,1.0,1,1
3.0,0.9182958340544894,1.584962500721156,1.0,1,1
1.0,0.0,0.0,0.0,1,1
1.0,0.0,0.0,0.0,1,1
1.0,0.0,0.0,0.0,1,1
2.0,1.0,1.0,0.0,1,1
4.0,0.0,1.0,1.0,1,1
4.0,0.9182958340544894,1.584962500721156,1.0,1,1
1.0,0.0,0.0,0.0,1,1
3.0,0.0,0.0,4.247927513443585,1,1
3.0,0.0,1.0,1.0,1,1
7.0,0.8112781244591328,2.0,4.221928094887361,1,1
60.0,3.501964486485305,3.699926633446284,3.3339279724514643,1,1
2.0,0.0,0.0,0.0,1,1
1.0,0.0,0.0,0.0,1,1
2.0,0.0,0.0,4.247927513443585,1,1
4.0,0.0,0.0,4.321928094887362,1,1
4.0,0.9182958340544894,1.584962500721156,1.0,1,1
5.0,0.9182958340544894,1.584962500721156,1.0,1,1
1.0,0.0,0.0,0.0,1,1
1.0,0.0,0.0,0.0,1,1
1.0,0.0,0.0,0.0,1,1
1.0,0.0,0.0,0.0,1,1
1.0,0.0,0.0,0.0,1,1
1.0,0.0,0.0,0.0,1,1
3.0,0.0,0.0,0.0,1,1
2.0,0.0,0.0,0.0,1,1
3.0,0.9182958340544894,1.584962500721156,1.0,1,1
1.0,0.0,0.0,0.0,1,1
3.0,0.9182958340544894,1.584962500721156,1.0,1,1
3.0,0.9182958340544894,1.584962500721156,1.0,1,1
3.0,0.9182958340544894,1.584962500721156,1.0,1,1
1.0,0.0,0.0,0.0,1,1
3.0,0.9182958340544894,1.584962500721156,1.0,1,1
3.0,0.9182958340544894,1.584962500721156,1.0,1,1
3.0,0.9182958340544894,1.584962500721156,1.0,1,1
1.0,0.0,0.0,0.0,1,1
2.0,0.0,0.0,1.0,1,1
1.0,0.0,0.0,0.0,1,1
6.0,1.584962500721156,1.9182958340544896,1.0,1,1
3.0,0.9182958340544894,1.584962500721156,1.0,1,1
1.0,0.0,0.0,0.0,1,1
3.0,0.9182958340544894,1.584962500721156,1.0,1,1
1.0,0.0,0.0,0.0,1,1
1.0,0.0,0.0,0.0,1,1
3.0,0.9182958340544894,1.584962500721156,1.0,1,1
3.0,0.9182958340544894,1.584962500721156,1.0,1,1
6.0,1.584962500721156,1.9182958340544896,1.0,1,1
6.0,1.584962500721156,1.9182958340544896,1.0,1,1
1.0,0.0,0.0,0.0,1,1
3.0,0.0,1.0,3.1699250014423126,1,1
3.0,0.9182958340544894,1.584962500721156,1.0,1,1
1.0,0.0,0.0,0.0,1,1
1.0,0.0,0.0,0.0,1,1
32.0,4.789015477886192,4.319717530491819,1.0,1,1
3.0,0.9182958340544894,1.584962500721156,1.0,1,1
4.0,0.9182958340544894,1.584962500721156,1.0,1,1
1.0,0.0,0.0,0.0,1,1
1.0,0.0,0.0,0.0,1,1
1.0,0.0,0.0,0.0,1,1
1.0,0.0,0.0,0.0,1,1
3.0,0.9182958340544894,1.584962500721156,1.0,1,1
3.0,0.9182958340544894,1.584962500721156,1.0,1,1
33.0,4.983788058752394,4.631980771648248,1.0,1,1
9.0,1.5304930567574826,2.113283334294875,1.0,1,1
6.0,1.584962500721156,1.9182958340544896,1.0,1,1
59.0,3.540927059276573,4.003619606782451,1.0,1,1
3.0,0.9182958340544894,1.584962500721156,1.0,1,1
30.0,4.906890595608518,4.323231428797621,0.0,1,1
8.0,0.0,0.0,0.0,1,1
3.0,0.9182958340544894,1.584962500721156,1.0,1,1
3.0,0.9182958340544894,1.584962500721156,1.0,1,1
3.0,0.9182958340544894,1.584962500721156,1.0,1,1
3.0,0.9182958340544894,1.584962500721156,1.0,1,1
1.0,0.0,0.0,0.0,1,1
1.0,0.0,0.0,0.0,1,1
3.0,0.9182958340544894,1.584962500721156,4.480424344959478,1,1
2.0,1.0,1.0,0.0,1,1
6.0,1.584962500721156,1.9182958340544896,1.0,1,1
5.0,0.0,0.0,0.0,1,1
4.0,0.0,0.0,0.0,1,1
6.0,0.0,0.0,0.0,1,1
3.0,0.0,0.0,0.0,1,1
6.0,0.0,0.0,0.0,1,1
3.0,0.0,0.0,0.0,1,1
4.0,0.0,0.0,0.0,1,1
1.0,0.0,0.0,0.0,1,1
9.0,0.0,0.0,0.0,1,1
6.0,0.0,0.0,0.0,1,1
5.0,0.0,0.0,0.0,1,1
6.0,0.0,0.0,0.0,1,1
3.0,0.0,0.0,0.0,1,1
6.0,0.0,0.0,0.0,1,1
6.0,0.0,0.0,0.0,1,1
5.0,0.0,0.0,0.0,1,1
4.0,0.0,0.0,0.0,1,1
6.0,0.0,0.0,0.0,1,1
4.0,0.0,0.0,0.0,1,1
3.0,0.0,0.0,0.0,1,1
5.0,0.0,0.0,0.0,1,1
6.0,0.0,0.0,0.0,1,1
2.0,0.0,0.0,0.0,1,1
6.0,0.0,0.0,0.0,1,1
2.0,0.0,1.0,0.0,1,1
1.0,0.0,0.0,4.247927513443585,1,1
1.0,0.0,0.0,0.0,1,1
3.0,0.9182958340544894,1.584962500721156,1.0,1,1
9.0,1.974937501201927,2.113283334294875,1.0,1,1
6.0,1.584962500721156,1.9182958340544896,1.0,1,1
6.0,1.584962500721156,1.9182958340544896,1.0,1,1
2.0,0.0,0.0,0.0,1,1
3.0,0.9182958340544894,1.584962500721156,1.0,1,1
6.0,1.584962500721156,1.9182958340544896,1.0,1,1
63.0,5.882041828261822,4.939847440384186,1.0,1,1
3.0,0.9182958340544894,1.584962500721156,1.0,1,1
3.0,0.9182958340544894,1.584962500721156,1.0,1,1
5.0,0.7219280948873623,1.9219280948873625,0.9182958340544894,1,1
3.0,0.9182958340544894,1.584962500721156,1.0,1,1
1.0,0.0,0.0,0.0,1,1
83.0,4.540240419146696,3.4884145331085925,0.0,1,1
3.0,0.9182958340544894,1.584962500721156,1.0,1,1
6.0,1.584962500721156,1.9182958340544896,1.0,1,1
6.0,1.584962500721156,1.9182958340544896,1.0,1,1
3.0,0.9182958340544894,1.584962500721156,1.0,1,1
1.0,0.0,0.0,0.0,1,1
3.0,0.9182958340544894,1.584962500721156,1.0,1,1
6.0,1.584962500721156,1.9182958340544896,1.0,1,1
3.0,0.9182958340544894,1.584962500721156,1.0,1,1
3.0,0.9182958340544894,1.584962500721156,1.0,1,1
3.0,0.9182958340544894,1.584962500721156,1.0,1,1
6.0,1.584962500721156,1.9182958340544896,1.0,1,1
6.0,0.9182958340544894,1.9182958340544896,1.0,1,1
3.0,0.9182958340544894,1.584962500721156,1.0,1,1
6.0,1.584962500721156,1.9182958340544896,1.0,1,1
9.0,1.974937501201927,2.113283334294875,1.0,1,1
2.0,0.0,0.0,0.0,1,1
8.0,0.0,0.0,0.0,1,1
42.0,5.011365041826378,4.850534387012964,1.0,1,1
3.0,0.9182958340544894,1.584962500721156,1.0,1,1
6.0,1.584962500721156,1.9182958340544896,1.0,1,1
6.0,1.584962500721156,1.9182958340544896,1.0,1,1
1.0,0.0,0.0,0.0,1,1
1.0,0.0,0.0,0.0,1,1
1.0,0.0,0.0,0.0,1,1
1.0,0.0,0.0,0.0,1,1
6.0,1.584962500721156,1.9182958340544896,1.0,1,1
3.0,0.9182958340544894,1.584962500721156,1.0,1,1
9.0,1.974937501201927,2.113283334294875,1.0,1,1
3.0,0.9182958340544894,1.584962500721156,1.0,1,1
1.0,0.0,0.0,0.0,1,1
2.0,1.0,1.0,0.0,1,1
7.0,1.584962500721156,1.9182958340544896,1.0,1,1
1.0,0.0,0.0,0.0,1,1
2.0,0.0,0.0,0.0,1,1
1.0,0.0,0.0,0.0,1,1
4.0,0.0,0.0,4.247927513443585,1,1
3.0,0.0,0.0,0.0,1,1
30.0,3.807354922057604,3.807354922057604,0.0,1,1
3.0,0.9182958340544894,1.584962500721156,1.0,1,1
1.0,0.0,0.0,0.0,1,1
61.0,3.857092916206205,3.987887049586046,1.0,1,1
2.0,0.0,0.0,0.0,1,1
2.0,0.0,0.0,0.0,1,1
53.0,3.084962500721157,2.8553885422075336,4.049523459597832,1,1
3.0,0.9182958340544894,1.584962500721156,1.0,1,1
5.0,0.9182958340544894,1.584962500721156,1.0,1,1
1.0,0.0,0.0,0.0,1,1
2.0,0.0,0.0,0.0,1,1
2.0,0.0,0.0,0.0,1,1
4.0,0.9182958340544894,1.584962500721156,1.0,1,1
1.0,0.0,0.0,0.0,1,1
3.0,1.0,1.0,1.584962500721156,1,1
2.0,0.0,0.0,0.0,1,1
1.0,0.0,0.0,0.0,1,1
1.0,0.0,0.0,0.0,1,1
6.0,0.0,0.0,0.0,1,1
3.0,0.9182958340544894,1.584962500721156,1.0,1,1
1.0,0.0,0.0,0.0,1,1
1.0,0.0,0.0,0.0,1,1
7.0,0.0,0.0,4.321928094887362,1,1
4.0,0.9182958340544894,1.584962500721156,1.0,1,1
4.0,1.5,2.0,0.0,1,1
1.0,0.0,0.0,0.0,1,1
1.0,0.0,1.0,0.0,1,1
2.0,0.0,0.0,0.0,1,1
5.0,0.9182958340544894,1.584962500721156,1.0,1,1
2.0,0.0,0.0,0.0,1,1
1.0,0.0,0.0,0.0,1,1
6.0,1.584962500721156,1.9182958340544896,1.0,1,1
3.0,0.9182958340544894,1.584962500721156,0.0,1,1
2.0,0.0,0.0,0.0,1,1
10.0,1.584962500721156,1.9182958340544896,1.0,1,1
1.0,0.0,0.0,0.0,1,1
1.0,0.0,0.0,0.0,1,1
6.0,0.0,1.0,1.0,1,1
1.0,0.0,0.0,0.0,1,1
1.0,0.0,0.0,0.0,1,1
2.0,0.0,0.0,0.0,1,1
58.0,3.050424108083221,3.867492461184756,1.0,1,1
2.0,0.0,0.0,0.0,1,1
7.0,1.584962500721156,1.9182958340544896,1.0,1,1
3.0,0.0,0.0,0.0,1,1
2.0,0.0,0.0,0.0,1,1
1.0,0.0,0.0,0.0,1,1
4.0,0.9182958340544894,1.584962500721156,1.0,1,1
4.0,1.0,1.0,1.0,1,1
1.0,0.0,0.0,0.0,1,1
1.0,0.0,0.0,0.0,1,1
1.0,0.0,0.0,0.0,1,1
2.0,0.0,0.0,0.0,1,1
10.0,0.0,0.0,0.0,1,1
1.0,0.0,0.0,0.0,1,1
3.0,0.9182958340544894,1.584962500721156,1.0,1,1
1.0,0.0,0.0,0.0,1,1
2.0,0.0,0.0,0.0,1,1
6.0,1.584962500721156,1.9182958340544896,1.0,1,1
3.0,0.9182958340544894,1.584962500721156,1.0,1,1
6.0,0.9182958340544894,1.9182958340544896,1.0,1,1
3.0,0.9182958340544894,1.584962500721156,1.0,1,1
3.0,0.9182958340544894,1.584962500721156,1.0,1,1
2.0,0.0,0.0,0.0,1,1
3.0,0.9182958340544894,1.584962500721156,1.0,1,1
4.0,0.0,0.0,4.247927513443585,1,1
2.0,0.0,0.0,0.0,1,1
5.0,0.9182958340544894,1.584962500721156,1.0,1,1
3.0,0.9182958340544894,1.584962500721156,1.0,1,1
2.0,0.0,0.0,0.0,1,1
3.0,1.584962500721156,1.584962500721156,0.0,1,1
3.0,0.9182958340544894,1.584962500721156,1.0,1,1
1.0,0.0,0.0,0.0,1,1
3.0,0.0,1.584962500721156,0.0,1,1
1.0,0.0,0.0,0.0,1,1
6.0,0.9182958340544894,1.9182958340544896,1.0,1,1
9.0,1.974937501201927,2.113283334294875,1.0,1,1
3.0,0.9182958340544894,1.584962500721156,1.0,1,1
28.0,4.735926350629033,4.105516191543203,0.0,1,1
3.0,0.9182958340544894,1.584962500721156,1.0,1,1
3.0,0.9182958340544894,1.584962500721156,1.0,1,1
1.0,0.0,0.0,0.0,1,1
3.0,0.9182958340544894,1.584962500721156,1.0,1,1
3.0,0.9182958340544894,1.584962500721156,1.0,1,1
3.0,0.9182958340544894,1.584962500721156,1.0,1,1
2.0,0.0,0.0,0.0,1,1
4.0,0.9182958340544894,1.584962500721156,1.0,1,1
1.0,0.0,1.0,3.0,1,1
3.0,0.9182958340544894,1.584962500721156,1.0,1,1
3.0,0.9182958340544894,1.584962500721156,1.0,1,1
3.0,0.9182958340544894,1.584962500721156,1.0,1,1
1.0,0.0,0.0,0.0,1,1
2.0,0.0,0.0,0.0,1,1
3.0,0.9182958340544894,1.584962500721156,1.0,1,1
1.0,0.0,0.0,0.0,1,1
1.0,0.0,0.0,0.0,1,1
1.0,0.0,0.0,0.0,1,1
6.0,1.584962500721156,1.9182958340544896,1.0,1,1
3.0,0.9182958340544894,1.584962500721156,1.0,1,1
1.0,0.0,0.0,0.0,1,1
1.0,0.0,0.0,0.0,1,1
1.0,0.0,0.0,0.0,1,1
3.0,0.9182958340544894,1.584962500721156,1.0,1,1
3.0,0.9182958340544894,1.584962500721156,1.0,1,1
1.0,0.0,1.0,3.0,1,1
3.0,0.9182958340544894,1.584962500721156,1.0,1,1
3.0,0.9182958340544894,1.584962500721156,1.0,1,1
30.0,4.906890595608518,4.251841113795077,0.0,1,1
1.0,0.0,0.0,0.0,1,1
1.0,0.0,0.0,0.0,1,1
3.0,0.9182958340544894,1.584962500721156,1.0,1,1
6.0,0.0,0.0,0.0,1,1
5.0,0.0,0.0,0.0,1,1
1.0,0.0,0.0,0.0,1,1
3.0,0.0,0.0,0.0,1,1
1.0,0.0,1.0,2.321928094887362,1,1
2.0,0.0,0.0,0.0,1,1
3.0,0.9182958340544894,1.584962500721156,1.0,1,1
6.0,0.9182958340544894,1.9182958340544896,1.0,1,1
1.0,0.0,0.0,0.0,1,1
1.0,0.0,0.0,0.0,1,1
1.0,0.0,0.0,0.0,1,1
1.0,0.0,0.0,0.0,1,1
4.0,0.9182958340544894,1.584962500721156,1.0,1,1
1.0,0.0,1.0,3.1699250014423126,1,1
1.0,0.0,0.0,0.0,1,1
1.0,0.0,0.0,0.0,1,1
1.0,0.0,0.0,0.0,1,1
1.0,0.0,0.0,0.0,1,1
1.0,0.0,0.0,0.0,1,1
3.0,0.9182958340544894,1.584962500721156,1.0,1,1
1.0,0.0,0.0,0.0,1,1
1.0,0.0,0.0,0.0,1,1
30.0,4.906890595608518,4.251841113795077,0.0,1,1
33.0,4.923181998146332,4.448894590437144,1.0,1,1
1.0,0.0,0.0,0.0,1,1
1.0,0.0,0.0,0.0,1,1
1.0,0.0,0.0,0.0,1,1
1.0,0.0,0.0,0.0,1,1
1.0,0.0,0.0,0.0,1,1
1.0,0.0,0.0,0.0,1,1
1.0,0.0,0.0,0.0,1,1
6.0,1.584962500721156,1.9182958340544896,1.0,1,1
3.0,0.9182958340544894,1.584962500721156,1.0,1,1
6.0,1.584962500721156,1.9182958340544896,1.0,1,1
3.0,0.9182958340544894,1.584962500721156,1.0,1,1
3.0,0.9182958340544894,1.584962500721156,1.0,1,1
3.0,0.9182958340544894,1.584962500721156,1.0,1,1
3.0,0.9182958340544894,1.584962500721156,1.0,1,1
1.0,0.0,0.0,0.0,1,1
1.0,0.0,0.0,0.0,1,1
3.0,0.9182958340544894,1.584962500721156,1.0,1,1
6.0,1.584962500721156,1.9182958340544896,1.0,1,1
3.0,0.9182958340544894,1.584962500721156,1.0,1,1
1.0,0.0,0.0,0.0,1,1
1.0,0.0,0.0,0.0,1,1
1.0,0.0,0.0,0.0,1,1
4.0,0.9182958340544894,0.9182958340544894,3.095795255000934,1,1
4.0,0.9182958340544894,1.584962500721156,1.0,1,1
3.0,0.9182958340544894,1.584962500721156,1.0,1,1
3.0,0.9182958340544894,1.584962500721156,0.0,1,1
1.0,0.0,0.0,0.0,1,1
30.0,4.840223928941851,4.573557262275185,0.0,1,1
6.0,1.584962500721156,1.9182958340544896,1.0,1,1
3.0,0.9182958340544894,1.584962500721156,1.0,1,1
4.0,0.0,0.0,0.0,1,1
3.0,0.9182958340544894,1.584962500721156,1.0,1,1
1.0,0.0,0.0,0.0,1,1
2.0,0.0,0.0,0.0,1,1
1.0,0.0,0.0,0.0,1,1
5.0,0.9182958340544894,1.584962500721156,1.0,1,1
3.0,0.9182958340544894,1.584962500721156,1.0,1,1
2.0,1.0,1.0,0.0,1,1
3.0,0.9182958340544894,1.584962500721156,1.0,1,1
1.0,0.0,0.0,0.0,1,1
3.0,0.9182958340544894,1.584962500721156,1.0,1,1
2.0,0.0,0.0,0.0,1,1
50.0,3.506890595608519,3.5068905956085192,4.284183719779188,1,1
3.0,0.9182958340544894,1.584962500721156,1.0,1,1
1.0,0.0,0.0,0.0,1,1
1.0,0.0,0.0,0.0,1,1
3.0,0.0,0.0,4.321928094887362,1,1
2.0,0.0,0.0,0.0,1,1
1.0,0.0,0.0,0.0,1,1
1.0,0.0,0.0,0.0,1,1
1.0,0.0,0.0,0.0,1,1
1.0,0.0,0.0,0.0,1,1
3.0,0.9182958340544894,1.584962500721156,1.0,1,1
3.0,0.9182958340544894,1.584962500721156,1.0,1,1
3.0,0.9182958340544894,1.584962500721156,1.0,1,1
36.0,4.94770277922009,4.781036112553425,1.0,1,1
3.0,0.9182958340544894,1.584962500721156,1.0,1,1
3.0,0.9182958340544894,1.584962500721156,1.0,1,1
3.0,0.9182958340544894,1.584962500721156,1.0,1,1
1.0,0.0,0.0,0.0,1,1
1.0,0.0,0.0,0.0,1,1
3.0,0.9182958340544894,1.584962500721156,1.0,1,1
6.0,1.584962500721156,1.9182958340544896,1.0,1,1
3.0,0.9182958340544894,1.584962500721156,1.0,1,1
3.0,0.9182958340544894,1.584962500721156,1.0,1,1
3.0,0.9182958340544894,1.584962500721156,1.0,1,1
3.0,0.9182958340544894,1.584962500721156,1.0,1,1
4.0,0.0,0.0,0.0,1,1
4.0,0.9182958340544894,0.9182958340544894,3.0,1,1
3.0,0.9182958340544894,1.584962500721156,1.0,1,1
3.0,0.9182958340544894,1.584962500721156,1.0,1,1
2.0,0.0,0.0,0.0,1,1
1.0,0.0,0.0,0.0,1,1
2.0,0.0,0.0,0.0,1,1
1.0,0.0,0.0,0.0,1,1
1.0,0.0,0.0,0.0,1,1
4.0,0.9182958340544894,1.584962500721156,1.0,1,1
1.0,0.0,0.0,0.0,1,1
4.0,0.9182958340544894,1.584962500721156,0.0,1,1
3.0,0.9182958340544894,1.584962500721156,1.0,1,1
1.0,0.0,0.0,0.0,1,1
1.0,0.0,0.0,0.0,1,1
8.0,0.0,0.0,0.0,1,1
1.0,0.0,0.0,0.0,1,1
1.0,0.0,0.0,0.0,1,1
30.0,4.906890595608518,4.41506101220307,0.0,1,1
3.0,1.0,1.0,0.0,1,1
3.0,0.9182958340544894,1.584962500721156,1.0,1,1
3.0,0.9182958340544894,1.584962500721156,1.0,1,1
3.0,0.9182958340544894,1.584962500721156,1.0,1,1
6.0,1.584962500721156,1.9182958340544896,1.0,1,1
3.0,0.9182958340544894,1.584962500721156,1.0,1,1
33.0,4.983788058752394,4.119263058359035,1.0,1,1
3.0,0.9182958340544894,1.584962500721156,1.0,1,1
3.0,0.9182958340544894,1.584962500721156,1.0,1,1
34.0,5.028639311838576,4.910992253015047,1.0,1,1
3.0,0.9182958340544894,1.584962500721156,1.0,1,1
3.0,0.9182958340544894,1.584962500721156,1.0,1,1
1.0,0.0,0.0,2.321928094887362,1,1
100.0,1.32737518045407,2.560498909702819,2.622414316196348,1,1
1.0,0.0,0.0,0.0,1,1
3.0,0.9182958340544894,1.584962500721156,1.0,1,1
2.0,1.0,1.0,0.0,1,1
1.0,0.0,0.0,0.0,1,1
2.0,0.0,0.0,0.0,1,1
2.0,0.0,0.0,0.0,1,1
9.0,1.974937501201927,2.113283334294875,1.0,1,1
3.0,0.9182958340544894,1.584962500721156,1.0,1,1
211.0,5.155863258032313,5.155863258032313,0.0,1,1
242.0,3.2835144247960724,4.836598391803063,0.0,1,1
298.0,5.108404995690191,6.248007802075986,0.0,1,1
129.0,4.991745184644779,4.991745184644779,0.0,1,1
1.0,0.0,1.0,3.1699250014423126,1,1
1.0,0.0,0.0,0.0,1,1
3.0,0.9182958340544894,1.584962500721156,1.0,1,1
1.0,0.0,0.0,0.0,1,1
1.0,0.0,0.0,0.0,1,1
1.0,0.0,0.0,0.0,1,1
1.0,0.0,0.0,0.0,1,1
1.0,0.0,0.0,0.0,1,1
1.0,0.0,0.0,0.0,1,1
3.0,0.9182958340544894,1.584962500721156,1.0,1,1
3.0,0.9182958340544894,1.584962500721156,1.0,1,1
1.0,0.0,0.0,0.0,1,1
23.0,4.436605434317882,4.349648912578751,0.0,1,1
60.0,5.906890595608517,5.473557262275185,0.0,1,1
3.0,0.9182958340544894,1.584962500721156,1.0,1,1
2.0,0.0,0.0,0.0,1,1
57.0,3.698541894048587,4.171429936897415,1.0,1,1
33.0,4.983788058752394,4.317121392085727,1.0,1,1
61.0,3.438676465236552,3.859428340200493,1.0,1,1
9.0,1.974937501201927,2.113283334294875,1.0,1,1
3.0,0.9182958340544894,1.584962500721156,1.0,1,1
3.0,0.9182958340544894,1.584962500721156,1.0,1,1
3.0,0.9182958340544894,1.584962500721156,1.0,1,1
2.0,0.0,0.0,0.0,1,1
3.0,0.9182958340544894,1.584962500721156,1.0,1,1
3.0,0.9182958340544894,1.584962500721156,1.0,1,1
2.0,0.0,0.0,0.0,1,1
3.0,0.9182958340544894,1.584962500721156,1.0,1,1
30.0,4.906890595608518,4.519902579793958,0.0,1,1
6.0,1.584962500721156,1.9182958340544896,1.0,1,1
3.0,0.9182958340544894,1.584962500721156,1.0,1,1
13.0,0.0,0.0,0.0,1,1
9.0,0.0,0.0,0.0,1,1
51.0,4.20273017798699,3.8525676181845663,1.0,1,1
2.0,0.0,0.0,0.0,1,1
3.0,0.9182958340544894,1.584962500721156,1.0,1,1
3.0,0.9182958340544894,1.584962500721156,1.0,1,1
9.0,1.5304930567574826,2.113283334294875,1.0,1,1
3.0,0.9182958340544894,1.584962500721156,1.0,1,1
6.0,1.584962500721156,1.9182958340544896,1.0,1,1
3.0,0.9182958340544894,1.584962500721156,1.0,1,1
9.0,1.5304930567574826,2.113283334294875,1.0,1,1
3.0,0.9182958340544894,1.584962500721156,1.0,1,1
503.0,4.914592162996632,7.911368196583002,0.0,1,2
30.0,4.906890595608518,4.519902579793958,0.0,1,1
3.0,0.9182958340544894,1.584962500721156,1.0,1,1
1.0,0.0,0.0,0.0,1,1
3.0,0.9182958340544894,1.584962500721156,1.0,1,1
3.0,0.9182958340544894,1.584962500721156,1.0,1,1
3.0,0.9182958340544894,1.584962500721156,1.0,1,1
3.0,0.9182958340544894,1.584962500721156,1.0,1,1
1.0,0.0,0.0,0.0,1,1
12.0,0.0,0.0,0.0,1,1
1.0,0.0,0.0,0.0,1,1
6.0,0.0,0.0,0.0,1,1
3.0,0.0,0.0,0.0,1,1
3.0,0.0,0.0,0.0,1,1
6.0,0.0,0.0,0.0,1,1
1.0,0.0,0.0,0.0,1,1
3.0,0.9182958340544894,1.584962500721156,1.0,1,1
3.0,0.9182958340544894,1.584962500721156,1.0,1,1
20.0,4.221928094887361,3.5464393446710147,0.0,1,1
17.0,0.0,0.0,0.0,1,1
1.0,0.0,0.0,0.0,1,1
2.0,0.0,0.0,0.0,1,1
1.0,0.0,0.0,0.0,1,1
1.0,0.0,0.0,0.0,1,1
1.0,0.0,0.0,0.0,1,1
1.0,0.0,0.0,0.0,1,1
1.0,0.0,0.0,0.0,1,1
1.0,0.0,0.0,0.0,1,1
1.0,0.0,0.0,0.0,1,1
2.0,0.0,0.0,0.0,1,1
1.0,0.0,0.0,0.0,1,1
3.0,0.9182958340544894,1.584962500721156,1.0,1,1
3.0,0.9182958340544894,1.584962500721156,1.0,1,1
1.0,0.0,0.0,0.0,1,1
1.0,0.0,0.0,0.0,1,1
3.0,0.0,0.0,0.0,1,1
3.0,0.9182958340544894,1.584962500721156,1.0,1,1
2.0,0.0,0.0,0.0,1,1
1.0,0.0,0.0,0.0,1,1
2.0,0.0,0.0,0.0,1,1
33.0,4.983788058752394,4.574400937409153,1.0,1,1
1.0,0.0,0.0,0.0,1,1
2.0,0.0,0.0,0.0,1,1
30.0,4.906890595608518,4.106890595608519,0.0,1,1
42.0,3.238901256602631,3.54659356429494,0.0,1,1
3.0,0.9182958340544894,1.584962500721156,1.0,1,1
3.0,0.9182958340544894,1.584962500721156,1.0,1,1
3.0,0.9182958340544894,1.584962500721156,1.0,1,1
2.0,1.0,1.0,0.0,1,1
1.0,0.0,0.0,0.0,1,1
9.0,1.5304930567574826,2.113283334294875,1.0,1,1
1.0,0.0,0.0,0.0,1,1
3.0,0.9182958340544894,1.584962500721156,1.0,1,1
40.0,3.4332696895151087,3.2430741894285693,1.3420192178195207,1,1
9.0,1.5304930567574826,2.113283334294875,1.0,1,1
1.0,0.0,0.0,0.0,1,1
1.0,0.0,0.0,0.0,1,1
3.0,0.9182958340544894,1.584962500721156,1.0,1,1
3.0,0.9182958340544894,1.584962500721156,1.0,1,1
39.0,5.009635872652929,4.785151577725658,1.0,1,1
6.0,1.584962500721156,1.9182958340544896,1.0,1,1
1.0,0.0,0.0,0.0,1,1
4.0,0.0,0.0,0.0,1,1
2.0,0.0,0.0,0.0,1,1
4.0,0.0,0.0,0.0,1,1
1.0,0.0,0.0,0.0,1,1
25.0,0.0,0.0,0.0,1,1
12.0,0.0,0.0,0.0,1,1
2.0,0.0,1.0,3.0,1,1
6.0,0.9182958340544894,1.9182958340544896,1.0,1,1
2.0,1.0,1.0,0.0,1,1
1.0,0.0,0.0,0.0,1,1
1.0,0.0,0.0,0.0,1,1
1.0,0.0,0.0,0.0,1,1
2.0,0.0,0.0,0.0,1,1
1.0,0.0,0.0,0.0,1,1
1.0,0.0,0.0,0.0,1,1
1.0,0.0,0.0,0.0,1,1
3.0,0.9182958340544894,1.584962500721156,1.0,1,1
1.0,0.0,0.0,0.0,1,1
1.0,0.0,1.0,0.0,1,1
3.0,0.9182958340544894,1.584962500721156,1.0,1,1
1.0,0.0,0.0,0.0,1,1
1.0,0.0,0.0,0.0,1,1
1.0,0.0,0.0,0.0,1,1
1.0,0.0,0.0,0.0,1,1
1.0,0.0,0.0,0.0,1,1
1.0,0.0,0.0,0.0,1,1
3.0,0.9182958340544894,1.584962500721156,1.0,1,1
3.0,0.9182958340544894,1.584962500721156,1.0,1,1
2.0,0.0,0.0,0.0,1,1
1.0,0.0,0.0,0.0,1,1
4.0,0.0,0.0,0.0,1,1
4.0,0.0,0.0,0.0,1,1
8.0,0.0,0.0,0.0,1,1
3.0,0.9182958340544894,1.584962500721156,1.0,1,1
14.0,0.0,0.0,0.0,1,1
1.0,0.0,0.0,0.0,1,1
1.0,0.0,0.0,0.0,1,1
3.0,0.9182958340544894,1.584962500721156,1.0,1,1
3.0,0.9182958340544894,1.584962500721156,1.0,1,1
1.0,0.0,0.0,4.247927513443585,1,1
1.0,0.0,0.0,0.0,1,1
19.0,0.0,0.0,0.0,1,1
2.0,0.0,0.0,0.0,1,1
1.0,0.0,0.0,0.0,1,1
1.0,0.0,0.0,0.0,1,1
1.0,0.0,0.0,0.0,1,1
1.0,0.0,0.0,0.0,1,1
1.0,0.0,0.0,0.0,1,1
1.0,0.0,0.0,0.0,1,1
1.0,0.0,0.0,0.0,1,1
1.0,0.0,0.0,0.0,1,1
1.0,0.0,0.0,0.0,1,1
1.0,0.0,0.0,0.0,1,1
1.0,0.0,0.0,0.0,1,1
1.0,0.0,0.0,0.0,1,1
1.0,0.0,0.0,0.0,1,1
2.0,1.0,1.0,0.0,1,1
1.0,0.0,0.0,0.0,1,1
1.0,0.0,0.0,0.0,1,1
3.0,0.9182958340544894,1.584962500721156,1.0,1,1
3.0,0.9182958340544894,1.584962500721156,1.0,1,1
3.0,0.9182958340544894,1.584962500721156,1.0,1,1
1.0,0.0,0.0,0.0,1,1
6.0,1.584962500721156,1.9182958340544896,1.0,1,1
4.0,1.0,1.0,1.0,1,1
1.0,0.0,0.0,0.0,1,1
1.0,0.0,0.0,0.0,1,1
6.0,0.9182958340544894,1.9182958340544896,1.0,1,1
3.0,0.9182958340544894,1.584962500721156,1.0,1,1
3.0,0.9182958340544894,1.584962500721156,1.0,1,1
12.0,2.251629167387823,2.251629167387823,1.0,1,1
3.0,0.9182958340544894,1.584962500721156,1.0,1,1
1.0,0.0,0.0,0.0,1,1
3.0,0.9182958340544894,1.584962500721156,1.0,1,1
6.0,1.584962500721156,1.584962500721156,4.414765671414234,1,1
1.0,0.0,0.0,0.0,1,1
3.0,0.0,1.0,1.0,1,1
1.0,0.0,0.0,0.0,1,1
1.0,0.0,0.0,0.0,1,1
1.0,0.0,0.0,0.0,1,1
1.0,0.0,0.0,0.0,1,1
1.0,0.0,0.0,0.0,1,1
2.0,0.0,0.0,0.0,1,1
1.0,0.0,0.0,0.0,1,1
3.0,1.0,1.0,1.0,1,1
2.0,0.0,0.0,0.0,1,1
2.0,0.0,0.0,0.0,1,1
3.0,0.9182958340544894,1.584962500721156,1.0,1,1
2.0,0.0,0.0,0.0,1,1
1.0,0.0,1.0,3.0,1,1
3.0,0.9182958340544894,1.584962500721156,1.0,1,1
53.0,3.491238732116669,3.9570868166881,4.14246878242915,1,1
3.0,0.9182958340544894,1.584962500721156,1.0,1,1
30.0,4.840223928941851,4.748394345536402,0.0,1,1
9.0,1.974937501201927,2.113283334294875,1.0,1,1
1.0,0.0,0.0,0.0,1,1
3.0,0.9182958340544894,1.584962500721156,1.0,1,1
3.0,0.9182958340544894,1.584962500721156,1.0,1,1
1.0,0.0,0.0,4.321928094887362,1,1
3.0,0.9182958340544894,1.584962500721156,1.0,1,1
3.0,0.0,0.0,0.0,1,1
1.0,0.0,1.0,3.1699250014423126,1,1
3.0,0.9182958340544894,1.584962500721156,1.0,1,1
3.0,0.9182958340544894,1.584962500721156,1.0,1,1
1.0,0.0,0.0,0.0,1,1
1.0,0.0,0.0,0.0,1,1
3.0,0.9182958340544894,1.584962500721156,1.0,1,1
3.0,0.9182958340544894,1.584962500721156,1.0,1,1
3.0,0.0,0.0,0.0,1,1
3.0,0.9182958340544894,1.584962500721156,1.0,1,1
16.0,0.0,0.0,0.0,1,1
1.0,0.0,0.0,0.0,1,1
92.0,5.207122849198623,5.078600901346892,1.0,1,1
6.0,1.584962500721156,1.9182958340544896,1.0,1,1
3.0,0.9182958340544894,1.584962500721156,1.0,1,1
3.0,0.9182958340544894,1.584962500721156,1.0,1,1
3.0,0.9182958340544894,1.584962500721156,1.0,1,1
3.0,0.9182958340544894,1.584962500721156,1.0,1,1
3.0,0.9182958340544894,1.584962500721156,1.0,1,1
3.0,0.9182958340544894,1.584962500721156,1.0,1,1
3.0,0.9182958340544894,1.584962500721156,1.0,1,1
3.0,0.9182958340544894,1.584962500721156,1.0,1,1
3.0,0.9182958340544894,1.584962500721156,1.0,1,1
3.0,0.9182958340544894,1.584962500721156,1.0,1,1
3.0,0.9182958340544894,1.584962500721156,1.0,1,1
3.0,0.9182958340544894,1.584962500721156,1.0,1,1
3.0,0.9182958340544894,1.584962500721156,1.0,1,1
6.0,1.584962500721156,1.9182958340544896,1.0,1,1
6.0,1.584962500721156,1.9182958340544896,1.0,1,1
9.0,1.974937501201927,2.113283334294875,1.0,1,1
3.0,0.9182958340544894,1.584962500721156,1.0,1,1
9.0,1.5304930567574826,2.113283334294875,1.0,1,1
3.0,0.9182958340544894,1.584962500721156,1.0,1,1
6.0,1.584962500721156,1.9182958340544896,1.0,1,1
3.0,0.9182958340544894,1.584962500721156,1.0,1,1
9.0,1.974937501201927,2.113283334294875,1.0,1,1
9.0,1.5304930567574826,2.113283334294875,1.0,1,1
3.0,0.9182958340544894,1.584962500721156,1.0,1,1
39.0,4.958353821370877,4.621958552684626,1.0,1,1
6.0,0.9182958340544894,1.9182958340544896,1.0,1,1
3.0,0.9182958340544894,1.584962500721156,1.0,1,1
3.0,0.9182958340544894,1.584962500721156,1.0,1,1
41.0,4.516170001996431,4.216776177704611,0.0,1,1
3.0,0.9182958340544894,1.584962500721156,1.0,1,1
3.0,0.9182958340544894,1.584962500721156,1.0,1,1
1.0,0.0,0.0,0.0,1,1
1.0,0.0,0.0,0.0,1,1
3.0,0.9182958340544894,1.584962500721156,1.0,1,1
6.0,0.9182958340544894,1.9182958340544896,1.0,1,1
12.0,2.251629167387823,2.251629167387823,1.0,1,1
5.0,0.0,0.0,0.0,1,1
6.0,0.0,0.0,0.0,1,1
1.0,0.0,0.0,0.0,1,1
3.0,0.9182958340544894,1.584962500721156,1.0,1,1
3.0,0.0,0.0,2.807354922057605,1,1
1.0,0.0,0.0,0.0,1,1
6.0,0.0,0.0,0.0,1,1
3.0,0.9182958340544894,1.584962500721156,1.0,1,1
3.0,0.9182958340544894,1.584962500721156,1.0,1,1
3.0,0.9182958340544894,1.584962500721156,1.0,1,1
30.0,4.840223928941851,4.106890595608519,0.0,1,1
3.0,0.9182958340544894,1.584962500721156,1.0,1,1
6.0,1.584962500721156,1.9182958340544896,1.0,1,1
8.0,0.0,0.0,0.0,1,1
3.0,0.9182958340544894,1.584962500721156,1.0,1,1
3.0,0.9182958340544894,1.584962500721156,1.0,1,1
3.0,0.9182958340544894,1.584962500721156,1.0,1,1
3.0,0.9182958340544894,1.584962500721156,1.0,1,1
9.0,1.5304930567574826,2.113283334294875,1.0,1,1
3.0,0.9182958340544894,1.584962500721156,1.0,1,1
3.0,0.9182958340544894,1.584962500721156,1.0,1,1
3.0,0.9182958340544894,1.584962500721156,1.0,1,1
9.0,1.974937501201927,2.113283334294875,1.0,1,1
3.0,0.9182958340544894,1.584962500721156,1.0,1,1
1.0,0.0,0.0,0.0,1,1
1.0,0.0,0.0,0.0,1,1
30.0,4.906890595608518,4.681727678869736,0.0,1,1
3.0,0.9182958340544894,1.584962500721156,1.0,1,1
1.0,0.0,1.0,3.0,1,1
1.0,0.0,0.0,0.0,1,1
1.0,0.0,0.0,0.0,1,1
1.0,0.0,0.0,0.0,1,1
3.0,0.9182958340544894,1.584962500721156,1.0,1,1
1.0,0.0,0.0,0.0,1,1
33.0,4.807354922057605,4.321296333684861,4.247927513443585,1,1
1.0,0.0,0.0,0.0,1,1
4.0,0.0,1.0,1.0,1,1
497.0,0.0,0.0,0.0,1,2
4.0,0.9182958340544894,1.584962500721156,1.0,1,1
2.0,0.0,0.0,0.0,1,1
1.0,0.0,0.0,0.0,1,1
2.0,0.0,0.0,1.584962500721156,1,1
4.0,0.0,0.0,0.0,1,1
6.0,1.584962500721156,1.584962500721156,4.277613436819116,1,1
1.0,0.0,0.0,0.0,1,1
2.0,0.0,1.0,0.0,1,1
2.0,0.0,0.0,0.0,1,1
1.0,0.0,0.0,0.0,1,1
1.0,0.0,0.0,0.0,1,1
4.0,0.9182958340544894,1.584962500721156,1.0,1,1
2.0,0.0,1.0,1.0,1,1
1.0,0.0,0.0,0.0,1,1
1.0,0.0,0.0,0.0,1,1
1.0,0.0,0.0,0.0,1,1
2.0,1.0,1.0,0.0,1,1
1.0,0.0,0.0,0.0,1,1
1.0,0.0,1.0,3.1699250014423126,1,1
3.0,0.9182958340544894,1.584962500721156,1.0,1,1
1.0,0.0,0.0,0.0,1,1
1.0,0.0,0.0,0.0,1,1
3.0,0.9182958340544894,1.584962500721156,1.0,1,1
3.0,0.0,1.0,1.0,1,1
2.0,0.0,0.0,0.0,1,1
4.0,0.0,0.0,0.0,1,1
2.0,0.0,0.0,0.0,1,1
6.0,1.5219280948873626,1.9219280948873625,1.0,1,1
1.0,0.0,0.0,0.0,1,1
3.0,0.9182958340544894,1.584962500721156,1.0,1,1
3.0,0.9182958340544894,1.584962500721156,1.0,1,1
3.0,0.9182958340544894,1.584962500721156,1.0,1,1
1.0,0.0,0.0,0.0,1,1
1.0,0.0,0.0,0.0,1,1
1.0,0.0,0.0,0.0,1,1
1.0,0.0,0.0,0.0,1,1
3.0,0.9182958340544894,1.584962500721156,1.0,1,1
1.0,0.0,0.0,0.0,1,1
1.0,0.0,0.0,0.0,1,1
1.0,0.0,0.0,0.0,1,1
2.0,0.0,0.0,0.0,1,1
2.0,0.0,0.0,0.0,1,1
1.0,0.0,0.0,0.0,1,1
3.0,0.9182958340544894,1.584962500721156,1.0,1,1
8.0,0.0,0.0,0.0,1,1
7.0,0.0,0.0,0.0,1,1
1.0,0.0,0.0,0.0,1,1
1.0,0.0,0.0,0.0,1,1
1.0,0.0,0.0,0.0,1,1
2.0,0.0,0.0,0.0,1,1
3.0,0.9182958340544894,1.584962500721156,1.0,1,1
1.0,0.0,1.0,3.1699250014423126,1,1
2.0,1.0,1.0,0.0,1,1
1.0,0.0,0.0,0.0,1,1
1.0,0.0,0.0,0.0,1,1
3.0,0.9182958340544894,1.584962500721156,1.0,1,1
3.0,0.9182958340544894,1.584962500721156,1.0,1,1
9.0,1.5304930567574826,2.113283334294875,1.0,1,1
1.0,0.0,0.0,0.0,1,1
1.0,0.0,0.0,0.0,1,1
1.0,0.0,0.0,0.0,1,1
2.0,0.0,0.0,0.0,1,1
1.0,0.0,0.0,0.0,1,1
12.0,0.0,0.0,0.0,1,1
1.0,0.0,0.0,0.0,1,1
2.0,0.0,0.0,0.0,1,1
1.0,0.0,0.0,0.0,1,1
31.0,4.0,3.2743974703476995,0.0,1,1
4.0,0.0,0.0,0.0,1,1
5.0,0.0,0.9182958340544894,0.0,1,1
1.0,0.0,0.0,0.0,1,1
1.0,0.0,0.0,0.0,1,1
2.0,0.0,0.0,0.0,1,1
6.0,1.5,2.0,4.201841232302569,1,1
1.0,0.0,0.0,0.0,1,1
1.0,0.0,0.0,0.0,1,1
1.0,0.0,0.0,0.0,1,1
8.0,1.5219280948873626,1.9219280948873625,1.0,1,1
3.0,0.0,0.0,4.247927513443585,1,1
1.0,0.0,0.0,0.0,1,1
3.0,0.9182958340544894,1.584962500721156,1.0,1,1
1.0,0.0,0.0,0.0,1,1
1.0,0.0,0.0,0.0,1,1
9.0,1.5304930567574826,2.113283334294875,1.0,1,1
1.0,0.0,1.0,3.0,1,1
2.0,1.0,1.0,0.0,1,1
3.0,0.9182958340544894,1.584962500721156,1.0,1,1
1.0,0.0,0.0,0.0,1,1
2.0,0.0,0.0,0.0,1,1
1.0,0.0,0.0,0.0,1,1
6.0,1.584962500721156,1.9182958340544896,1.0,1,1
9.0,1.974937501201927,2.113283334294875,1.0,1,1
1.0,0.0,0.0,0.0,1,1
1.0,0.0,0.0,0.0,1,1
3.0,0.9182958340544894,1.584962500721156,1.0,1,1
1.0,0.0,0.0,0.0,1,1
3.0,0.9182958340544894,1.584962500721156,1.0,1,1
3.0,1.584962500721156,1.584962500721156,0.0,1,1
3.0,0.9182958340544894,1.584962500721156,1.0,1,1
1.0,0.0,0.0,0.0,1,1
3.0,0.9182958340544894,1.584962500721156,1.0,1,1
3.0,0.9182958340544894,1.584962500721156,1.0,1,1
6.0,1.584962500721156,1.9182958340544896,1.0,1,1
12.0,1.9182958340544896,2.251629167387823,1.0,1,1
4.0,0.8112781244591328,2.0,0.0,1,1
6.0,0.9182958340544894,1.9182958340544896,1.0,1,1
2.0,0.0,0.0,0.0,1,1
2.0,0.0,0.0,0.0,1,1
3.0,0.9182958340544894,1.584962500721156,1.0,1,1
19.0,4.058813890331202,4.058813890331202,0.0,1,1
12.0,2.251629167387823,2.251629167387823,1.0,1,1
6.0,0.9182958340544894,1.9182958340544896,1.0,1,1
1.0,0.0,0.0,0.0,1,1
36.0,5.003258334775646,4.457383766597778,1.0,1,1
6.0,0.0,0.0,0.0,1,1
8.0,0.9182958340544894,1.584962500721156,0.0,1,1
3.0,0.9182958340544894,1.584962500721156,1.0,1,1
2.0,0.0,0.0,0.0,1,1
1.0,0.0,0.0,0.0,1,1
1.0,0.0,0.0,0.0,1,1
1.0,0.0,0.0,0.0,1,1
9.0,1.974937501201927,2.113283334294875,1.0,1,1
6.0,1.584962500721156,1.9182958340544896,1.0,1,1
3.0,0.9182958340544894,1.584962500721156,1.0,1,1
9.0,1.974937501201927,2.113283334294875,1.0,1,1
3.0,0.9182958340544894,1.584962500721156,1.0,1,1
4.0,0.0,0.0,0.0,1,1
6.0,1.584962500721156,1.9182958340544896,1.0,1,1
3.0,0.9182958340544894,1.584962500721156,1.0,1,1
1.0,0.0,0.0,0.0,1,1
3.0,0.9182958340544894,1.584962500721156,1.0,1,1
6.0,0.9182958340544894,1.9182958340544896,1.0,1,1
204.0,1.308079452936376,7.665335917185179,0.0,1,1
225.0,1.9045740180433828,7.77060892457428,0.0,1,1
1.0,0.0,0.0,0.0,1,1
1.0,0.0,0.0,0.0,1,1
6.0,1.584962500721156,1.9182958340544896,1.0,1,1
3.0,0.9182958340544894,1.584962500721156,1.0,1,1
1.0,0.0,0.0,0.0,1,1
1.0,0.0,0.0,0.0,1,1
1.0,0.0,0.0,0.0,1,1
1.0,0.0,0.0,0.0,1,1
1.0,0.0,0.0,0.0,1,1
1.0,0.0,0.0,0.0,1,1
1.0,0.0,0.0,0.0,1,1
1.0,0.0,0.0,0.0,1,1
1.0,0.0,0.0,0.0,1,1
1.0,0.0,0.0,0.0,1,1
2.0,0.0,0.0,0.0,1,1
1.0,0.0,0.0,0.0,1,1
1.0,0.0,0.0,0.0,1,1
1.0,0.0,0.0,0.0,1,1
1.0,0.0,0.0,0.0,1,1
1.0,0.0,0.0,0.0,1,1
1.0,0.0,0.0,0.0,1,1
1.0,0.0,0.0,0.0,1,1
1.0,0.0,0.0,0.0,1,1
1.0,0.0,0.0,0.0,1,1
1.0,0.0,0.0,0.0,1,1
1.0,0.0,0.0,0.0,1,1
1.0,0.0,0.0,0.0,1,1
1.0,0.0,0.0,0.0,1,1
1.0,0.0,0.0,0.0,1,1
1.0,0.0,0.0,0.0,1,1
1.0,0.0,0.0,0.0,1,1
1.0,0.0,0.0,0.0,1,1
2.0,0.0,0.0,0.0,1,1
1.0,0.0,0.0,0.0,1,1
1.0,0.0,0.0,0.0,1,1
1.0,0.0,0.0,0.0,1,1
1.0,0.0,0.0,0.0,1,1
1.0,0.0,0.0,0.0,1,1
1.0,0.0,0.0,0.0,1,1
1.0,0.0,0.0,0.0,1,1
1.0,0.0,0.0,0.0,1,1
1.0,0.0,0.0,0.0,1,1
1.0,0.0,0.0,0.0,1,1
1.0,0.0,0.0,0.0,1,1
1.0,0.0,0.0,0.0,1,1
1.0,0.0,0.0,0.0,1,1
1.0,0.0,0.0,0.0,1,1
1.0,0.0,0.0,0.0,1,1
1.0,0.0,0.0,0.0,1,1
1.0,0.0,0.0,0.0,1,1
1.0,0.0,0.0,0.0,1,1
1.0,0.0,0.0,0.0,1,1
1.0,0.0,0.0,0.0,1,1
1.0,0.0,0.0,0.0,1,1
1.0,0.0,0.0,0.0,1,1
1.0,0.0,0.0,0.0,1,1
1.0,0.0,0.0,0.0,1,1
1.0,0.0,0.0,0.0,1,1
1.0,0.0,0.0,0.0,1,1
1.0,0.0,0.0,0.0,1,1
1.0,0.0,0.0,0.0,1,1
1.0,0.0,0.0,0.0,1,1
1.0,0.0,0.0,0.0,1,1
1.0,0.0,0.0,0.0,1,1
1.0,0.0,0.0,0.0,1,1
1.0,0.0,0.0,0.0,1,1
1.0,0.0,0.0,0.0,1,1
1.0,0.0,0.0,0.0,1,1
1.0,0.0,0.0,0.0,1,1
1.0,0.0,0.0,0.0,1,1
1.0,0.0,0.0,0.0,1,1
1.0,0.0,0.0,0.0,1,1
1.0,0.0,0.0,0.0,1,1
1.0,0.0,0.0,0.0,1,1
1.0,0.0,0.0,0.0,1,1
3.0,0.9182958340544894,1.584962500721156,1.0,1,1
3.0,0.9182958340544894,1.584962500721156,1.0,1,1
2.0,1.0,1.0,0.0,1,1
1.0,0.0,0.0,0.0,1,1
1.0,0.0,0.0,0.0,1,1
1.0,0.0,0.0,0.0,1,1
1.0,0.0,0.0,0.0,1,1
1.0,0.0,0.0,0.0,1,1
1.0,0.0,0.0,0.0,1,1
1.0,0.0,0.0,0.0,1,1
2.0,0.0,1.0,0.0,1,1
1.0,0.0,0.0,0.0,1,1
1.0,0.0,0.0,0.0,1,1
1.0,0.0,0.0,0.0,1,1
1.0,0.0,0.0,0.0,1,1
1.0,0.0,0.0,0.0,1,1
1.0,0.0,0.0,0.0,1,1
2.0,1.0,1.0,0.0,1,1
1.0,0.0,0.0,0.0,1,1
1.0,0.0,0.0,0.0,1,1
1.0,0.0,0.0,0.0,1,1
1.0,0.0,0.0,0.0,1,1
2.0,1.0,1.0,0.0,1,1
1.0,0.0,0.0,0.0,1,1
1.0,0.0,0.0,0.0,1,1
3.0,0.9182958340544894,1.584962500721156,0.0,1,1
1.0,0.0,0.0,0.0,1,1
1.0,0.0,0.0,0.0,1,1
1.0,0.0,0.0,0.0,1,1
1.0,0.0,0.0,0.0,1,1
3.0,0.9182958340544894,1.584962500721156,1.0,1,1
3.0,0.9182958340544894,1.584962500721156,1.0,1,1
1.0,0.0,0.0,0.0,1,1
1.0,0.0,0.0,0.0,1,1
1.0,0.0,0.0,0.0,1,1
1.0,0.0,0.0,0.0,1,1
1.0,0.0,0.0,0.0,1,1
1.0,0.0,0.0,0.0,1,1
2.0,0.0,0.0,0.0,1,1
1.0,0.0,0.0,0.0,1,1
1.0,0.0,0.0,0.0,1,1
1.0,0.0,0.0,0.0,1,1
1.0,0.0,0.0,0.0,1,1
1.0,0.0,0.0,0.0,1,1
1.0,0.0,0.0,0.0,1,1
1.0,0.0,0.0,0.0,1,1
1.0,0.0,0.0,0.0,1,1
1.0,0.0,0.0,0.0,1,1
1.0,0.0,0.0,0.0,1,1
1.0,0.0,0.0,0.0,1,1
2.0,0.0,0.0,0.0,1,1
2.0,0.0,0.0,0.0,1,1
1.0,0.0,0.0,0.0,1,1
1.0,0.0,0.0,0.0,1,1
1.0,0.0,0.0,0.0,1,1
1.0,0.0,0.0,0.0,1,1
1.0,0.0,0.0,0.0,1,1
2.0,0.0,0.0,0.0,1,1
1.0,0.0,0.0,0.0,1,1
1.0,0.0,0.0,0.0,1,1
1.0,0.0,0.0,0.0,1,1
1.0,0.0,0.0,0.0,1,1
1.0,0.0,0.0,0.0,1,1
30.0,4.906890595608518,4.040223928941852,0.0,1,1
1.0,0.0,0.0,0.0,1,1
1.0,0.0,0.0,0.0,1,1
3.0,0.0,0.0,0.0,1,1
1.0,0.0,0.0,0.0,1,1
3.0,0.9182958340544894,1.584962500721156,1.0,1,1
3.0,0.0,0.0,0.0,1,1
5.0,0.0,0.0,0.0,1,1
2.0,0.0,0.0,0.0,1,1
2.0,0.0,0.0,0.0,1,1
3.0,0.0,0.0,0.0,1,1
3.0,0.0,1.0,3.0,1,1
4.0,0.0,0.0,0.0,1,1
6.0,0.9182958340544894,1.584962500721156,4.297079327540664,1,1
1.0,0.0,0.0,0.0,1,1
1.0,0.0,0.0,0.0,1,1
6.0,1.584962500721156,1.9182958340544896,1.0,1,1
3.0,0.9182958340544894,1.584962500721156,1.0,1,1
6.0,1.584962500721156,1.9182958340544896,1.0,1,1
3.0,0.9182958340544894,1.584962500721156,1.0,1,1
1.0,0.0,0.0,0.0,1,1
1.0,0.0,0.0,0.0,1,1
1.0,0.0,0.0,0.0,1,1
6.0,0.0,1.584962500721156,0.0,1,1
80.0,4.545957691966746,5.69157153328343,0.0,1,1
9.0,1.974937501201927,2.113283334294875,1.0,1,1
1.0,0.0,0.0,0.0,1,1
1.0,0.0,0.0,0.0,1,1
1.0,0.0,0.0,0.0,1,1
95.0,3.4609944123699843,4.955457601267771,0.0,1,1
3.0,0.9182958340544894,1.584962500721156,1.0,1,1
2.0,0.0,0.0,0.0,1,1
2.0,0.0,0.0,0.0,1,1
3.0,0.9182958340544894,1.584962500721156,1.0,1,1
3.0,0.9182958340544894,1.584962500721156,1.0,1,1
3.0,0.9182958340544894,1.584962500721156,1.0,1,1
3.0,0.9182958340544894,1.584962500721156,1.0,1,1
3.0,0.9182958340544894,1.584962500721156,1.0,1,1
30.0,4.906890595608518,4.519902579793958,0.0,1,1
3.0,0.9182958340544894,1.584962500721156,1.0,1,1
1.0,0.0,0.0,0.0,1,1
1.0,0.0,0.0,0.0,1,1
1.0,0.0,0.0,0.0,1,1
2.0,0.0,1.0,0.0,1,1
3.0,0.9182958340544894,1.584962500721156,0.0,1,1
3.0,1.584962500721156,1.584962500721156,0.0,1,1
2.0,0.0,0.0,0.0,1,1
6.0,0.9182958340544894,1.9182958340544896,1.0,1,1
3.0,0.9182958340544894,1.584962500721156,1.0,1,1
1.0,0.0,0.0,0.0,1,1
2.0,0.0,0.0,0.0,1,1
2.0,0.0,0.0,0.0,1,1
2.0,0.0,0.0,0.0,1,1
2.0,0.0,0.0,0.0,1,1
1.0,0.0,0.0,0.0,1,1
1.0,0.0,0.0,0.0,1,1
1.0,0.0,0.0,0.0,1,1
2.0,0.0,0.0,0.0,1,1
1.0,0.0,0.0,0.0,1,1
2.0,0.0,0.0,0.0,1,1
4.0,2.0,2.0,0.0,1,1
4.0,0.0,0.0,0.0,1,1
6.0,1.584962500721156,1.9182958340544896,1.0,1,1
1.0,0.0,0.0,0.0,1,1
3.0,0.9182958340544894,1.584962500721156,1.0,1,1
33.0,4.983788058752394,4.267076408618962,1.0,1,1
1.0,0.0,0.0,0.0,1,1
2.0,1.0,1.0,0.0,1,1
1.0,0.0,0.0,0.0,1,1
3.0,0.9182958340544894,1.584962500721156,1.0,1,1
3.0,0.0,0.0,0.0,1,1
2.0,0.0,0.0,0.0,1,1
1.0,0.0,0.0,0.0,1,1
30.0,4.906890595608518,4.118507780461743,0.0,1,1
3.0,0.9182958340544894,1.584962500721156,1.0,1,1
1.0,0.0,0.0,0.0,1,1
1.0,0.0,0.0,0.0,1,1
1.0,0.0,0.0,0.0,1,1
1.0,0.0,0.0,0.0,1,1
1.0,0.0,0.0,0.0,1,1
2.0,0.0,0.0,0.0,1,1
1.0,0.0,0.0,0.0,1,1
1.0,0.0,0.0,0.0,1,1
1.0,0.0,0.0,0.0,1,1
1.0,0.0,1.0,3.0,1,1
4.0,0.0,1.0,3.1699250014423126,1,1
3.0,0.9182958340544894,1.584962500721156,1.0,1,1
60.0,5.773557262275188,5.502479553833679,0.0,1,1
6.0,1.584962500721156,1.9182958340544896,1.0,1,1
2.0,0.0,1.0,0.0,1,1
1.0,0.0,0.0,0.0,1,1
1.0,0.0,0.0,0.0,1,1
30.0,4.906890595608518,4.118507780461743,0.0,1,1
1.0,0.0,0.0,0.0,1,1
4.0,0.0,1.0,1.584962500721156,1,1
3.0,0.9182958340544894,1.584962500721156,1.0,1,1
3.0,0.9182958340544894,1.584962500721156,1.0,1,1
1.0,0.0,0.0,0.0,1,1
30.0,4.906890595608518,4.519902579793958,0.0,1,1
3.0,0.9182958340544894,1.584962500721156,1.0,1,1
1.0,0.0,0.0,0.0,1,1
3.0,0.9182958340544894,1.584962500721156,1.0,1,1
3.0,0.9182958340544894,1.584962500721156,1.0,1,1
1.0,0.0,0.0,0.0,1,1
1.0,0.0,0.0,0.0,1,1
1.0,0.0,0.0,0.0,1,1
33.0,4.923181998146332,4.327682469225023,1.0,1,1
4.0,0.0,1.0,1.584962500721156,1,1
3.0,0.9182958340544894,1.584962500721156,1.0,1,1
3.0,0.9182958340544894,1.584962500721156,1.0,1,1
3.0,0.9182958340544894,1.584962500721156,1.0,1,1
6.0,1.584962500721156,1.9182958340544896,1.0,1,1
3.0,0.9182958340544894,1.584962500721156,1.0,1,1
6.0,1.584962500721156,1.9182958340544896,1.0,1,1
3.0,0.9182958340544894,1.584962500721156,1.0,1,1
1.0,0.0,0.0,0.0,1,1
1.0,0.0,0.0,0.0,1,1
6.0,1.584962500721156,1.9182958340544896,1.0,1,1
5.0,0.0,0.0,0.0,1,1
4.0,0.0,0.0,0.0,1,1
1.0,0.0,0.0,0.0,1,1
3.0,0.0,0.0,0.0,1,1
6.0,0.0,0.0,0.0,1,1
4.0,0.0,0.0,0.0,1,1
12.0,0.0,0.0,0.0,1,1
3.0,0.0,0.0,0.0,1,1
1.0,0.0,1.0,0.0,1,1
1.0,0.0,0.0,0.0,1,1
29.0,3.906890595608519,3.906890595608519,0.0,1,1
9.0,1.974937501201927,2.113283334294875,1.0,1,1
4.0,0.0,0.0,0.0,1,1
3.0,1.0,1.0,1.0,1,1
1.0,0.0,0.0,0.0,1,1
1.0,0.0,0.0,0.0,1,1
3.0,0.9182958340544894,1.584962500721156,1.0,1,1
2.0,1.0,1.0,1.0,1,1
1.0,0.0,0.0,0.0,1,1
3.0,0.9182958340544894,1.584962500721156,1.0,1,1
3.0,0.9182958340544894,1.584962500721156,1.0,1,1
3.0,0.9182958340544894,1.584962500721156,1.0,1,1
4.0,0.0,0.0,0.0,1,1
6.0,0.0,0.0,0.0,1,1
3.0,0.9182958340544894,1.584962500721156,1.0,1,1
1.0,0.0,0.0,0.0,1,1
1.0,0.0,0.0,0.0,1,1
2.0,0.0,1.0,1.0,1,1
3.0,0.9182958340544894,1.584962500721156,1.0,1,1
3.0,0.9182958340544894,1.584962500721156,1.0,1,1
3.0,0.9182958340544894,1.584962500721156,1.0,1,1
3.0,0.9182958340544894,1.584962500721156,1.0,1,1
26.0,0.0,1.0,0.0,1,1
3.0,0.9182958340544894,1.584962500721156,1.0,1,1
1.0,0.0,0.0,0.0,1,1
1.0,0.0,0.0,0.0,1,1
9.0,1.974937501201927,2.113283334294875,1.0,1,1
3.0,0.9182958340544894,1.584962500721156,1.0,1,1
30.0,4.840223928941851,4.040223928941851,0.0,1,1
1.0,0.0,0.0,0.0,1,1
5.0,1.370950594454669,2.321928094887362,0.0,1,1
3.0,1.584962500721156,0.9182958340544894,0.0,1,1
1.0,0.0,0.0,0.0,1,1
2.0,0.0,0.0,0.0,1,1
6.0,0.0,0.0,0.0,1,1
767.0,0.0,0.0,0.0,1,2
2.0,0.0,1.0,0.0,1,1
5.0,0.0,0.0,0.0,1,1
18.0,0.0,0.0,0.0,1,1
332.0,5.431406305586181,8.233369780970282,0.0,1,1
148.0,0.0,0.0,0.0,1,1
149.0,0.0,0.0,0.0,1,1
101.0,0.0,0.0,0.0,1,1
1.0,0.0,0.0,0.0,1,1
138.0,0.0,0.0,0.0,1,1
3.0,0.9182958340544894,1.584962500721156,1.0,1,1
1.0,0.0,0.0,0.0,1,1
1.0,0.0,0.0,0.0,1,1
18.0,2.113283334294875,2.4466166676282084,1.0,1,1
3.0,0.0,1.0,3.0,1,1
9.0,1.974937501201927,2.113283334294875,1.0,1,1
3.0,0.9182958340544894,1.584962500721156,1.0,1,1
6.0,1.584962500721156,1.9182958340544896,1.0,1,1
6.0,1.584962500721156,1.9182958340544896,1.0,1,1
1.0,0.0,0.0,0.0,1,1
6.0,1.584962500721156,1.9182958340544896,1.0,1,1
3.0,0.9182958340544894,1.584962500721156,1.0,1,1
1.0,0.0,0.0,0.0,1,1
3.0,0.9182958340544894,1.584962500721156,1.0,1,1
3.0,0.9182958340544894,1.584962500721156,1.0,1,1
30.0,4.906890595608518,4.519902579793958,0.0,1,1
3.0,0.9182958340544894,1.584962500721156,1.0,1,1
1.0,0.0,0.0,0.0,1,1
1.0,0.0,0.0,0.0,1,1
3.0,0.9182958340544894,1.584962500721156,1.0,1,1
3.0,0.9182958340544894,1.584962500721156,1.0,1,1
1.0,0.0,0.0,0.0,1,1
9.0,1.5304930567574826,2.113283334294875,1.0,1,1
3.0,0.9182958340544894,1.584962500721156,1.0,1,1
1.0,0.0,0.0,0.0,1,1
2.0,0.0,1.0,0.0,1,1
4.0,0.0,1.0,1.584962500721156,1,1
1.0,0.0,0.0,0.0,1,1
4.0,0.0,1.0,1.584962500721156,1,1
1.0,0.0,0.0,0.0,1,1
1.0,0.0,0.0,0.0,1,1
1.0,0.0,0.0,0.0,1,1
3.0,0.9182958340544894,1.584962500721156,1.0,1,1
33.0,4.839700558686833,4.900306619292893,1.0,1,1
6.0,0.9182958340544894,1.9182958340544896,1.0,1,1
5.0,0.0,0.0,0.0,1,1
10.0,0.0,0.0,0.0,1,1
1.0,0.0,0.0,0.0,1,1
1.0,0.0,0.0,0.0,1,1
3.0,0.9182958340544894,1.584962500721156,1.0,1,1
6.0,1.584962500721156,1.9182958340544896,1.0,1,1
1.0,0.0,0.0,0.0,1,1
1.0,0.0,1.0,3.1699250014423126,1,1
1.0,0.0,0.0,0.0,1,1
1.0,0.0,1.0,3.1699250014423126,1,1
3.0,0.9182958340544894,1.584962500721156,1.0,1,1
3.0,0.9182958340544894,1.584962500721156,1.0,1,1
7.0,0.0,1.0,1.5,1,1
9.0,1.974937501201927,2.113283334294875,1.0,1,1
3.0,0.9182958340544894,1.584962500721156,1.0,1,1
1.0,0.0,0.0,0.0,1,1
1.0,0.0,0.0,0.0,1,1
1.0,0.0,0.0,0.0,1,1
3.0,0.9182958340544894,1.584962500721156,1.0,1,1
1.0,0.0,0.0,0.0,1,1
1.0,0.0,0.0,0.0,1,1
1.0,0.0,0.0,0.0,1,1
6.0,1.584962500721156,1.9182958340544896,1.0,1,1
3.0,0.9182958340544894,1.584962500721156,1.0,1,1
3.0,0.9182958340544894,1.584962500721156,1.0,1,1
6.0,1.584962500721156,1.9182958340544896,1.0,1,1
3.0,0.9182958340544894,1.584962500721156,1.0,1,1
3.0,0.9182958340544894,1.584962500721156,1.0,1,1
3.0,0.9182958340544894,1.584962500721156,1.0,1,1
9.0,0.9182958340544894,2.113283334294875,1.0,1,1
66.0,5.881441278416581,5.225619876671972,1.0,1,1
3.0,0.9182958340544894,1.584962500721156,1.0,1,1
1.0,0.0,0.0,0.0,1,1
3.0,0.9182958340544894,1.584962500721156,1.0,1,1
2.0,1.0,1.0,0.0,1,1
3.0,0.9182958340544894,1.584962500721156,1.0,1,1
1.0,0.0,0.0,0.0,1,1
2.0,0.0,0.0,0.0,1,1
2.0,1.0,1.0,0.0,1,1
65.0,3.1314615556989254,3.9452553549641527,1.0,1,1
6.0,1.459147917027245,1.459147917027245,0.9182958340544894,1,1
3.0,0.9182958340544894,1.584962500721156,1.0,1,1
6.0,1.584962500721156,1.9182958340544896,1.0,1,1
2.0,0.0,0.0,0.0,1,1
2.0,0.0,0.0,0.0,1,1
2.0,0.0,0.0,0.0,1,1
2.0,0.0,0.0,0.0,1,1
2.0,0.0,0.0,0.0,1,1
2.0,0.0,0.0,0.0,1,1
2.0,0.0,0.0,0.0,1,1
2.0,0.0,0.0,0.0,1,1
3.0,0.9182958340544894,1.584962500721156,1.0,1,1
6.0,1.584962500721156,1.9182958340544896,1.0,1,1
3.0,0.9182958340544894,1.584962500721156,1.0,1,1
2.0,1.0,1.0,1.0,1,1
3.0,0.9182958340544894,1.584962500721156,1.0,1,1
3.0,0.9182958340544894,1.584962500721156,1.0,1,1
30.0,4.840223928941851,4.640223928941852,0.0,1,1
4.0,0.0,1.0,1.584962500721156,1,1
30.0,4.906890595608518,4.748394345536402,0.0,1,1
1.0,0.0,0.0,0.0,1,1
36.0,5.003258334775645,4.648955904159995,1.0,1,1
3.0,0.9182958340544894,1.584962500721156,1.0,1,1
13.0,0.3912435636292556,0.3912435636292556,0.0,1,1
12.0,0.0,0.0,0.0,1,1
1.0,0.0,0.0,0.0,1,1
198.0,0.0,0.0,0.0,1,1
3.0,0.0,0.0,0.0,1,1
2.0,0.0,0.0,0.0,1,1
2.0,1.0,1.0,1.0,1,1
1.0,0.0,0.0,0.0,1,1
1.0,0.0,0.0,0.0,1,1
1.0,0.0,0.0,0.0,1,1
2.0,1.0,1.0,0.0,1,1
3.0,0.9182958340544894,1.584962500721156,1.0,1,1
4.0,0.0,1.0,0.0,1,1
1.0,0.0,0.0,0.0,1,1
1.0,0.0,0.0,0.0,1,1
9.0,1.5304930567574826,2.113283334294875,1.0,1,1
1.0,0.0,1.0,3.0,1,1
2.0,0.0,0.0,0.0,1,1
3.0,0.9182958340544894,1.584962500721156,1.0,1,1
6.0,1.584962500721156,1.9182958340544896,1.0,1,1
1.0,0.0,1.0,3.0,1,1
2.0,0.0,0.0,0.0,1,1
3.0,0.9182958340544894,1.584962500721156,1.0,1,1
2.0,1.0,1.0,0.0,1,1
3.0,0.9182958340544894,1.584962500721156,1.0,1,1
3.0,0.9182958340544894,1.584962500721156,1.0,1,1
3.0,0.9182958340544894,1.584962500721156,1.0,1,1
1.0,0.0,0.0,0.0,1,1
1.0,0.0,0.0,0.0,1,1
1.0,0.0,0.0,0.0,1,1
2.0,0.0,0.0,0.0,1,1
2.0,0.0,1.0,0.0,1,1
3.0,0.9182958340544894,1.584962500721156,1.0,1,1
1.0,0.0,0.0,0.0,1,1
1.0,0.0,0.0,0.0,1,1
1.0,0.0,0.0,0.0,1,1
1.0,0.0,0.0,0.0,1,1
1.0,0.0,0.0,0.0,1,1
1.0,0.0,0.0,0.0,1,1
1.0,0.0,0.0,0.0,1,1
1.0,0.0,0.0,0.0,1,1
1.0,0.0,0.0,0.0,1,1
1.0,0.0,0.0,0.0,1,1
1.0,0.0,0.0,0.0,1,1
1.0,0.0,0.0,0.0,1,1
2.0,0.0,0.0,0.0,1,1
1.0,0.0,0.0,0.0,1,1
1.0,0.0,0.0,0.0,1,1
1.0,0.0,0.0,0.0,1,1
1.0,0.0,0.0,0.0,1,1
1.0,0.0,0.0,0.0,1,1
1.0,0.0,0.0,0.0,1,1
1.0,0.0,0.0,0.0,1,1
3.0,0.9182958340544894,1.584962500721156,1.0,1,1
30.0,4.840223928941851,4.640223928941852,0.0,1,1
9.0,1.974937501201927,2.113283334294875,1.0,1,1
1.0,0.0,0.0,0.0,1,1
3.0,0.9182958340544894,1.584962500721156,1.0,1,1
6.0,1.584962500721156,1.9182958340544896,1.0,1,1
1.0,0.0,0.0,0.0,1,1
1.0,0.0,0.0,0.0,1,1
1.0,0.0,0.0,0.0,1,1
3.0,0.9182958340544894,1.584962500721156,1.0,1,1
3.0,0.9182958340544894,1.584962500721156,1.0,1,1
18.0,2.321928094887362,2.321928094887362,0.0,1,1
27.0,3.939470994001288,3.916126946588285,0.0,1,1
7.0,0.0,0.0,0.0,1,1
77.0,3.6183515979728185,4.472570595183263,0.0,1,1
138.0,3.875,4.0,0.0,1,1
256.0,4.560948911790529,4.700247504917746,0.0,1,1
119.0,2.321928094887362,2.321928094887362,0.0,1,1
87.0,4.382907968929167,4.830043807148269,0.0,1,1
82.0,5.242152023829215,5.242152023829215,0.0,1,1
292.0,1.8282612089031336,7.843961182529245,0.0,1,1
42.0,5.285402218862246,5.285402218862246,0.0,1,1
1.0,0.0,0.0,0.0,1,1
3.0,0.9182958340544894,1.584962500721156,1.0,1,1
33.0,4.983788058752394,4.839700558686833,1.0,1,1
3.0,0.9182958340544894,1.584962500721156,1.0,1,1
3.0,0.9182958340544894,1.584962500721156,1.0,1,1
3.0,0.9182958340544894,1.584962500721156,1.0,1,1
9.0,0.9182958340544894,2.113283334294875,1.0,1,1
3.0,0.9182958340544894,1.584962500721156,1.0,1,1
1.0,0.0,1.0,3.0,1,1
1.0,0.0,0.0,0.0,1,1
3.0,0.9182958340544894,1.584962500721156,1.0,1,1
4.0,0.0,0.0,0.0,1,1
2.0,0.0,0.0,0.0,1,1
1.0,0.0,0.0,0.0,1,1
4.0,1.5,1.0,0.0,1,1
73.0,1.8606552176650413,1.942808300240336,0.0,1,1
72.0,2.156715645236579,0.0,0.0,1,1
6.0,1.370950594454669,0.9709505944546688,0.0,1,1
683.0,0.0,0.0,0.0,1,2
46.0,0.0,0.0,0.0,1,1
3.0,0.9182958340544894,1.584962500721156,1.0,1,1
1.0,0.0,1.0,3.0,1,1
2.0,1.0,1.0,0.0,1,1
3.0,0.9182958340544894,1.584962500721156,1.0,1,1
3.0,0.9182958340544894,1.584962500721156,1.0,1,1
16.0,4.0,3.702819531114783,0.0,1,1
1.0,0.0,0.0,0.0,1,1
1.0,0.0,0.0,0.0,1,1
611.0,3.5143980702790376,6.0663219660133,0.0,1,2
2.0,0.0,0.0,0.0,1,1
3.0,0.9182958340544894,1.584962500721156,1.0,1,1
2.0,0.0,0.0,0.0,1,1
33.0,4.900306619292893,4.741363816328151,1.0,1,1
12.0,0.0,0.0,0.0,1,1
30.0,4.906890595608518,3.889246428509158,0.0,1,1
2.0,1.0,1.0,0.0,1,1
1.0,0.0,0.0,0.0,1,1
6.0,1.584962500721156,1.9182958340544896,1.0,1,1
3.0,0.9182958340544894,1.584962500721156,1.0,1,1
1.0,0.0,0.0,0.0,1,1
3.0,0.9182958340544894,1.584962500721156,1.0,1,1
6.0,1.584962500721156,1.9182958340544896,1.0,1,1
6.0,1.584962500721156,1.9182958340544896,1.0,1,1
3.0,0.9182958340544894,1.584962500721156,1.0,1,1
1.0,0.0,1.0,3.0,1,1
4.0,0.0,1.0,1.584962500721156,1,1
3.0,0.9182958340544894,1.584962500721156,1.0,1,1
1.0,0.0,1.0,3.0,1,1
3.0,0.9182958340544894,1.584962500721156,1.0,1,1
3.0,0.9182958340544894,1.584962500721156,1.0,1,1
2.0,1.0,1.0,0.0,1,1
2.0,0.0,0.0,0.0,1,1
30.0,4.906890595608518,4.681727678869736,0.0,1,1
185.0,6.215139268403367,6.334012370211937,0.0,1,1
1.0,0.0,0.0,0.0,1,1
6.0,1.584962500721156,1.9182958340544896,1.0,1,1
1.0,0.0,0.0,0.0,1,1
1.0,0.0,0.0,0.0,1,1
6.0,0.9182958340544894,1.9182958340544896,1.0,1,1
1.0,0.0,0.0,0.0,1,1
3.0,0.9182958340544894,1.584962500721156,1.0,1,1
1.0,0.0,0.0,0.0,1,1
1.0,0.0,0.0,0.0,1,1
15.0,2.1995812306460647,2.358938532350277,1.0,1,1
1.0,0.0,0.0,0.0,1,1
6.0,1.584962500721156,1.9182958340544896,1.0,1,1
9.0,1.5304930567574826,2.113283334294875,1.0,1,1
9.0,1.974937501201927,2.113283334294875,1.0,1,1
1.0,0.0,0.0,0.0,1,1
3.0,0.9182958340544894,1.584962500721156,1.0,1,1
3.0,0.9182958340544894,1.584962500721156,1.0,1,1
1.0,0.0,0.0,0.0,1,1
3.0,0.9182958340544894,1.584962500721156,1.0,1,1
3.0,0.9182958340544894,1.584962500721156,1.0,1,1
12.0,1.459147917027245,2.251629167387823,1.0,1,1
33.0,4.983788058752394,4.801969876934211,1.0,1,1
3.0,0.9182958340544894,1.584962500721156,1.0,1,1
3.0,0.9182958340544894,1.584962500721156,1.0,1,1
33.0,4.983788058752394,4.862575937540272,1.0,1,1
3.0,0.9182958340544894,1.584962500721156,1.0,1,1
3.0,0.9182958340544894,1.584962500721156,1.0,1,1
1.0,0.0,0.0,0.0,1,1
4.0,0.0,1.0,2.807354922057605,1,1
2.0,0.0,1.0,3.0,1,1
2.0,0.0,0.0,0.0,1,1
1.0,0.0,0.0,0.0,1,1
39.0,4.855789718806775,4.435113514792243,1.0,1,1
7.0,0.0,0.0,0.0,1,1
3.0,0.9182958340544894,1.584962500721156,1.0,1,1
1.0,0.0,0.0,0.0,1,1
3.0,0.9182958340544894,1.584962500721156,1.0,1,1
